"","par_names","mean","se_mean","sd","2.5%","25%","50%","75%","97.5%","n_eff","Rhat","stream"
"1","log_mean_redds_per_spawner",-1.57257812435372,0.000578065730393947,0.103392746277432,-1.77925289985401,-1.63837622671249,-1.57201165169054,-1.5056119618889,-1.36949510556065,31990.8437446049,1.00008923197675,"battle creek"
"2","sigma_redds_per_spawner",0.326568225767964,0.000431628585669372,0.0828734423321599,0.196466803177934,0.268253462901938,0.315715026662665,0.372448207767747,0.520794835315266,36864.6706984762,1.00005995482194,"battle creek"
"3","b1_survival",0.374298347081411,0.00133196751369791,0.189714835564142,-0.00560762930783598,0.253887818848827,0.376174595675229,0.497293696538199,0.74572365725288,20286.8828906309,1.00016808201687,"battle creek"
"4","log_redds_per_spawner[1]",-1.52541792323927,0.000534848232300606,0.170698689405425,-1.86969499419483,-1.63862965875287,-1.52216041617623,-1.408647078879,-1.19982137549796,101858.961452799,0.999953955090025,"battle creek"
"5","log_redds_per_spawner[2]",-1.49527051896411,0.000393558055377346,0.130076694470659,-1.75444610777425,-1.58200459478716,-1.49294368695979,-1.40672810817733,-1.24431889683206,109239.919659938,0.99996991696235,"battle creek"
"6","log_redds_per_spawner[3]",-1.65392225693507,0.00134058038692698,0.20878138203448,-2.06914466634158,-1.78879001278525,-1.65417259102709,-1.51819543190371,-1.23972769740241,24254.8064666297,1.00017021180973,"battle creek"
"7","log_redds_per_spawner[4]",-1.57280005295106,0.00059966032994268,0.188786451235981,-1.9554651120592,-1.69655050844757,-1.57008450659766,-1.44419478057387,-1.21462071952971,99113.0878692062,0.999959233446341,"battle creek"
"8","log_redds_per_spawner[5]",-1.33020450290116,0.00135365101119952,0.228582193058873,-1.767419520047,-1.48210025808811,-1.33550525548893,-1.18323579774233,-0.857890437839123,28514.8680421423,1.00007856439875,"battle creek"
"9","log_redds_per_spawner[6]",-1.40564812486277,0.00136188566681836,0.205836445360466,-1.80636612125129,-1.53979968716353,-1.4081163403103,-1.27426875735376,-0.989309734122148,22843.5316959952,1.00013179467205,"battle creek"
"10","log_redds_per_spawner[7]",-1.27461955961725,0.000326847143782068,0.105565286881881,-1.48670642968404,-1.34408901004939,-1.27340750539196,-1.20261317142358,-1.07168898059973,104316.468519581,0.999971948036448,"battle creek"
"11","log_redds_per_spawner[8]",-1.37392531805993,0.000528087642854814,0.166891086621826,-1.70815974474842,-1.48477597029266,-1.37203333385413,-1.26074835054405,-1.05213239082225,99874.4209267159,0.999988931678686,"battle creek"
"12","log_redds_per_spawner[9]",-1.22736998094292,0.00040061669919467,0.12461977788922,-1.47546929402242,-1.30922758075494,-1.22605928782402,-1.14339107444253,-0.987409534537766,96764.4536960704,0.999976100998843,"battle creek"
"13","log_redds_per_spawner[10]",-1.33038307388543,0.000425385136675696,0.134935284858231,-1.60030096119241,-1.42026416999235,-1.32783853733128,-1.2388641737693,-1.07230662553549,100620.492340873,0.999990140039808,"battle creek"
"14","log_redds_per_spawner[11]",-1.80429689441315,0.00134708576872641,0.221035796159572,-2.25118219121491,-1.94650010274514,-1.80107022006752,-1.65793089031849,-1.37760237660383,26923.6991055343,1.00016482814675,"battle creek"
"15","log_redds_per_spawner[12]",-1.54596137074093,0.00021815155538431,0.0744215532266518,-1.69500144584615,-1.59561478049831,-1.54513262218449,-1.49590583070014,-1.4014850247727,116380.664354928,0.999968481612258,"battle creek"
"16","log_redds_per_spawner[13]",-1.99018942291824,0.000357785058807137,0.106839595961111,-2.20607129373442,-2.06167408292097,-1.98800788156178,-1.91718863015276,-1.78611731702394,89170.2682656127,0.999976840063459,"battle creek"
"17","log_redds_per_spawner[14]",-1.69338377689582,0.000323693291959492,0.105901566704491,-1.90572415929228,-1.76381600259182,-1.69163534852857,-1.62094744866241,-1.4891284942201,107037.84857887,0.999999114830999,"battle creek"
"18","log_redds_per_spawner[15]",-2.10306071385468,0.000758910450682728,0.19608741782926,-2.51408152136683,-2.22963236098631,-2.09434839651342,-1.96676123498735,-1.74656365666845,66760.3167209118,1.00005147563846,"battle creek"
"19","log_redds_per_spawner[16]",-1.87126041368569,0.000573003593140185,0.167836885784202,-2.21741817116206,-1.98098953753849,-1.86565534133239,-1.7546662350138,-1.55772667423708,85794.6357121791,0.999995132108416,"battle creek"
"20","log_redds_per_spawner[17]",-1.87357844673796,0.00136694979250587,0.29166968999686,-2.49514903216076,-2.05434917462225,-1.85587369347038,-1.67574071551397,-1.34508859910847,45527.8847563239,1.00000754453051,"battle creek"
"21","log_redds_per_spawner[18]",-1.44469850464759,0.000593820648912272,0.186825534673483,-1.82152574121031,-1.5676072760768,-1.4429427210612,-1.31891020934941,-1.08495949209475,98983.2882739672,0.999963785067689,"battle creek"
"22","log_redds_per_spawner[19]",-1.361783986865,0.00134237140719928,0.243366232001975,-1.8305594748341,-1.52299816983014,-1.36674846769904,-1.20554235718268,-0.867430761699766,32868.1492260808,1.00009678113639,"battle creek"
"23","conversion_rate[1]",0.220703376586208,0.00011767176217563,0.0376092752720718,0.154170677596612,0.194246043358559,0.21823988829618,0.244473813298456,0.301248017412017,102151.656818089,0.999953313629212,"battle creek"
"24","conversion_rate[2]",0.226085824568816,8.8850130489953e-05,0.0293758684960001,0.173003040832947,0.205562615165576,0.224710204509495,0.244943401802198,0.288137092400492,109311.358279775,0.999969733713207,"battle creek"
"25","conversion_rate[3]",0.280149733319694,0.000125222460530266,0.0335642559084923,0.21851756445094,0.256819579823833,0.278882876466631,0.301992937048479,0.349559045493937,71843.8473050305,1.00000627196673,"battle creek"
"26","conversion_rate[4]",0.211162330657093,0.000125551986063462,0.0397349708888302,0.141498648667577,0.18331477746006,0.208027601909423,0.235935980323626,0.296822572075496,100160.993630413,0.999962362186934,"battle creek"
"27","conversion_rate[5]",0.389872939692626,0.000216284192024607,0.0652904179148609,0.274698393924535,0.34426579757595,0.385250851003698,0.431058110257653,0.529746405455427,91127.4756600876,0.999964746901329,"battle creek"
"28","conversion_rate[6]",0.358580137960331,0.000144848426267688,0.0384396283932167,0.287221562699299,0.332005468215838,0.357110914663787,0.383409617049875,0.438286995399216,70425.6394456178,0.999988860453283,"battle creek"
"29","conversion_rate[7]",0.281094633715183,9.15806282412733e-05,0.0296264892589237,0.226116159949532,0.260777165061913,0.27987631504542,0.300408167288204,0.342429671655636,104653.352275293,0.999972861062281,"battle creek"
"30","conversion_rate[8]",0.256645210603078,0.000135253492230847,0.0428461150718907,0.181198938284453,0.226553089630819,0.253590800211223,0.283441833262414,0.349192340100764,100351.975191699,0.999976769470655,"battle creek"
"31","conversion_rate[9]",0.295340213035671,0.000118157638703379,0.0367950876595626,0.228671387932,0.270028551103376,0.293446691121794,0.31873632848972,0.372540495419663,96974.1713422483,0.999971655650132,"battle creek"
"32","conversion_rate[10]",0.266783487732,0.000112492196420067,0.0359321508740665,0.201835764126519,0.241650171745252,0.265049537282985,0.289713094862705,0.342218237013079,102028.531553887,0.999989976627721,"battle creek"
"33","conversion_rate[11]",0.242025394197504,0.000124047871080048,0.0362938411517214,0.175961495384486,0.21683950806088,0.240275504941416,0.265413740961955,0.317980609021233,85602.6555843267,1.00002268127329,"battle creek"
"34","conversion_rate[12]",0.213696850920766,4.63572126808505e-05,0.0158853576822853,0.183598963572447,0.202783822636232,0.213283583212763,0.224045565433459,0.246231033117075,117424.674659453,0.999966741677014,"battle creek"
"35","conversion_rate[13]",0.137448840532098,4.90338336230398e-05,0.0146434117715855,0.110132477850618,0.12724077987932,0.136968010343532,0.147019708442496,0.167609683190065,89185.212516562,0.999975855094188,"battle creek"
"36","conversion_rate[14]",0.184926328438551,5.92669987510452e-05,0.0195263623159547,0.148714910336019,0.171389591237071,0.184218016864304,0.197711289021066,0.225569154737869,108546.747870176,0.999994644916952,"battle creek"
"37","conversion_rate[15]",0.124408252131508,9.07695106461579e-05,0.0239578059828546,0.0809372171899676,0.107567969059077,0.123150462786566,0.139909256415248,0.174372117559398,69664.9129719914,1.00004232820954,"battle creek"
"38","conversion_rate[16]",0.156087142397132,8.72191972023621e-05,0.0259188051184546,0.108889881254771,0.137932680194226,0.154794733251734,0.172964962314858,0.21061432234985,88309.1658733789,1.00000232770255,"battle creek"
"39","conversion_rate[17]",0.231920489507061,0.000222974633556097,0.0630298712202857,0.122253956153957,0.187496134698658,0.227012184563553,0.270964522931609,0.36794289439887,79906.4656669834,0.999983286250578,"battle creek"
"40","conversion_rate[18]",0.239944923986864,0.000143530946768054,0.0448448529663396,0.161778730096714,0.208543573060298,0.2362315712225,0.267426582210324,0.337915473875964,97618.9449773277,0.99995848572617,"battle creek"
"41","conversion_rate[19]",0.379845944676726,0.000235515059843941,0.0753549277715974,0.250534976223352,0.326649710654892,0.373551244373866,0.426493158741765,0.545404762773965,102373.122454276,0.999992589176456,"battle creek"
"42","redds_per_spawner[1]",0.220703376586208,0.00011767176217563,0.0376092752720718,0.154170677596612,0.194246043358559,0.21823988829618,0.244473813298456,0.301248017412017,102151.656818089,0.999953313629212,"battle creek"
"43","redds_per_spawner[2]",0.226085824568816,8.8850130489953e-05,0.0293758684960001,0.173003040832947,0.205562615165576,0.224710204509495,0.244943401802198,0.288137092400492,109311.358279775,0.999969733713207,"battle creek"
"44","redds_per_spawner[3]",0.195520725355799,0.000268538694354816,0.041511084598592,0.126293758870241,0.167162311617055,0.191250232416589,0.219106923784127,0.289463028744615,23895.4060841818,1.00017940229641,"battle creek"
"45","redds_per_spawner[4]",0.211162330657093,0.000125551986063462,0.0397349708888302,0.141498648667577,0.18331477746006,0.208027601909423,0.235935980323626,0.296822572075496,100160.993630413,0.999962362186934,"battle creek"
"46","redds_per_spawner[5]",0.271512446806248,0.000390463168423952,0.0643154762675331,0.170773097301817,0.227160092208834,0.263025246928386,0.306286053684109,0.424055711323014,27131.3142674616,1.00007401405186,"battle creek"
"47","redds_per_spawner[6]",0.250496643332179,0.000354021939019762,0.0528717102332483,0.164249917965903,0.214424049015848,0.244603599418902,0.279635374788355,0.371833266389001,22304.1853013498,1.0001217171289,"battle creek"
"48","redds_per_spawner[7]",0.281094633715183,9.15806282412733e-05,0.0296264892589237,0.226116159949532,0.260777165061913,0.27987631504542,0.300408167288204,0.342429671655636,104653.352275293,0.999972861062281,"battle creek"
"49","redds_per_spawner[8]",0.256645210603078,0.000135253492230847,0.0428461150718907,0.181198938284453,0.226553089630819,0.253590800211223,0.283441833262414,0.349192340100764,100351.975191699,0.999976769470655,"battle creek"
"50","redds_per_spawner[9]",0.295340213035671,0.000118157638703379,0.0367950876595626,0.228671387932,0.270028551103376,0.293446691121794,0.31873632848972,0.372540495419663,96974.1713422483,0.999971655650132,"battle creek"
"51","redds_per_spawner[10]",0.266783487732,0.000112492196420067,0.0359321508740665,0.201835764126519,0.241650171745252,0.265049537282985,0.289713094862705,0.342218237013079,102028.531553887,0.999989976627721,"battle creek"
"52","redds_per_spawner[11]",0.168639860058124,0.000229891270767472,0.0375776568318759,0.105274696167403,0.14277288861417,0.165122076664821,0.19053280580167,0.252182467374819,26718.6450298411,1.00016364698321,"battle creek"
"53","redds_per_spawner[12]",0.213696850920766,4.63572126808505e-05,0.0158853576822853,0.183598963572447,0.202783822636232,0.213283583212763,0.224045565433459,0.246231033117075,117424.674659453,0.999966741677014,"battle creek"
"54","redds_per_spawner[13]",0.137448840532098,4.90338336230398e-05,0.0146434117715855,0.110132477850618,0.12724077987932,0.136968010343532,0.147019708442496,0.167609683190065,89185.212516562,0.999975855094188,"battle creek"
"55","redds_per_spawner[14]",0.184926328438551,5.92669987510452e-05,0.0195263623159547,0.148714910336019,0.171389591237071,0.184218016864304,0.197711289021066,0.225569154737869,108546.747870176,0.999994644916952,"battle creek"
"56","redds_per_spawner[15]",0.124408252131508,9.07695106461579e-05,0.0239578059828546,0.0809372171899676,0.107567969059077,0.123150462786566,0.139909256415248,0.174372117559398,69664.9129719914,1.00004232820954,"battle creek"
"57","redds_per_spawner[16]",0.156087142397132,8.72191972023621e-05,0.0259188051184546,0.108889881254771,0.137932680194226,0.154794733251734,0.172964962314858,0.21061432234985,88309.1658733789,1.00000232770255,"battle creek"
"58","redds_per_spawner[17]",0.160030431829748,0.000204445421658753,0.04558919807289,0.0824841576839497,0.128176228780104,0.156316310456583,0.187169488780225,0.260516625314025,49724.3514018149,1.00000479837517,"battle creek"
"59","redds_per_spawner[18]",0.239944923986864,0.000143530946768054,0.0448448529663396,0.161778730096714,0.208543573060298,0.2362315712225,0.267426582210324,0.337915473875964,97618.9449773277,0.99995848572617,"battle creek"
"60","redds_per_spawner[19]",0.263995095736594,0.000377304130974926,0.0666493064375301,0.160323845538042,0.218057133597922,0.254934541268112,0.299529503474812,0.420029319617098,31203.8476293122,1.0000896543424,"battle creek"
"61","predicted_spawners[1]",24.4980748010691,0.0130615656014949,4.17462955519997,17.112945213224,21.5613108128,24.2246276008759,27.1365932761286,33.4385299327339,102151.65681809,0.999953313629212,"battle creek"
"62","predicted_spawners[2]",50.1910530542771,0.0197247289687695,6.52144280611203,38.4066750649142,45.6349005667578,49.8856654011079,54.377435200088,63.9664345129092,109311.358279775,0.999969733713207,"battle creek"
"63","predicted_spawners[3]",61.9130910636524,0.0276741637771888,7.41770055577681,48.2923817436578,56.757127141067,61.6331156991256,66.7404390877139,77.25254905416,71843.8473050301,1.00000627196673,"battle creek"
"64","predicted_spawners[4]",19.0046097591384,0.0112996787457115,3.57614737999472,12.734878380082,16.4983299714054,18.7224841718481,21.2342382291263,26.7140314867947,100160.993630415,0.999962362186934,"battle creek"
"65","predicted_spawners[5]",28.4607245975617,0.0157887460177963,4.76620050778485,20.052982756491,25.1314032230444,28.1233121232699,31.4672420488087,38.6714875982462,91127.4756600876,0.999964746901329,"battle creek"
"66","predicted_spawners[6]",79.2462104892331,0.0320115022051591,8.4951578749009,63.4759653565452,73.3732084757003,78.9215121406968,84.7335253680223,96.8614259832267,70425.6394456178,0.999988860453283,"battle creek"
"67","predicted_spawners[7]",81.7985384111181,0.0266499628182105,8.62130837434679,65.7998025453138,75.8861550330165,81.4440076782172,87.4187766808673,99.6470344517902,104653.352275294,0.999972861062281,"battle creek"
"68","predicted_spawners[8]",26.9477471133232,0.0142016166842389,4.49884208254852,19.0258885198676,23.788074411236,26.6270340221784,29.7613924925535,36.6651957105802,100351.9751917,0.999976769470655,"battle creek"
"69","predicted_spawners[9]",57.2960013289202,0.0229225819084556,7.13824700595515,44.3622492588081,52.385538914055,56.928658077628,61.8348477270056,72.2728561114146,96974.1713422485,0.999971655650132,"battle creek"
"70","predicted_spawners[10]",46.420326865368,0.0195736421770914,6.25219425208756,35.1194229580142,42.0471298836739,46.1186194872393,50.4100785061106,59.5459732402757,102028.531553889,0.999989976627721,"battle creek"
"71","predicted_spawners[11]",38.4820376774032,0.0197236115017276,5.77072074312371,27.9778777661333,34.4774817816799,38.2038052856851,42.2007848129509,50.5589168343761,85602.6555843262,1.00002268127329,"battle creek"
"72","predicted_spawners[12]",170.743783885692,0.0370394129320005,12.692400788146,146.695571894386,162.024274286349,170.413582986998,179.012406781334,196.738595460543,117424.674659447,0.999966741677014,"battle creek"
"73","predicted_spawners[13]",83.5688950435157,0.0298125708428083,8.90319435712401,66.9605465331759,77.3623941666265,83.2765502888674,89.3879827330377,101.906687379559,89185.2125165612,0.999975855094188,"battle creek"
"74","predicted_spawners[14]",79.3333949001385,0.0254255424641984,8.37680943354458,63.7986965341523,73.5261346407034,79.0295292347863,84.8181429900373,96.7691673825457,108546.747870176,0.999994644916952,"battle creek"
"75","predicted_spawners[15]",22.517893635803,0.0164292814269546,4.33636288289668,14.6496363113841,19.469802399693,22.2902337643684,25.3235754111599,31.5613532782511,69664.912971991,1.00004232820954,"battle creek"
"76","predicted_spawners[16]",28.0956856314838,0.0156994554964252,4.66538492132183,19.6001786258587,24.8278824349606,27.8630519853122,31.1336932166745,37.9105780229729,88309.1658733791,1.00000232770255,"battle creek"
"77","predicted_spawners[17]",6.95761468521183,0.0066892390066829,1.89089613660857,3.6676186846187,5.62488404095975,6.8103655369066,8.12893568794826,11.0382868319661,79906.4656669837,0.999983286250578,"battle creek"
"78","predicted_spawners[18]",19.6754837669228,0.0117695376349805,3.67727794323985,13.2658558679305,17.1005729909445,19.370988840245,21.9289797412466,27.7090688578291,97618.9449773269,0.99995848572617,"battle creek"
"79","predicted_spawners[19]",17.8527593998061,0.0110692078126652,3.54168160526508,11.7751438824975,15.3525364007799,17.5569084855717,20.0451784608629,25.6340238503764,102373.122454277,0.999992589176456,"battle creek"
"80","mean_redds_per_spawner",0.208619847938931,0.000120614576308764,0.0215995224045321,0.168764183928457,0.194295277768086,0.207627088584913,0.221881469273479,0.254235289142213,32069.2427899481,1.00008622428116,"battle creek"
"81","years[1]",2001,NA,0,2001,2001,2001,2001,2001,NA,NA,"battle creek"
"82","years[2]",2002,NA,0,2002,2002,2002,2002,2002,NA,NA,"battle creek"
"83","years[3]",2003,NA,0,2003,2003,2003,2003,2003,NA,NA,"battle creek"
"84","years[4]",2004,NA,0,2004,2004,2004,2004,2004,NA,NA,"battle creek"
"85","years[5]",2005,NA,0,2005,2005,2005,2005,2005,NA,NA,"battle creek"
"86","years[6]",2006,NA,0,2006,2006,2006,2006,2006,NA,NA,"battle creek"
"87","years[7]",2007,NA,0,2007,2007,2007,2007,2007,NA,NA,"battle creek"
"88","years[8]",2008,NA,0,2008,2008,2008,2008,2008,NA,NA,"battle creek"
"89","years[9]",2009,NA,0,2009,2009,2009,2009,2009,NA,NA,"battle creek"
"90","years[10]",2010,NA,0,2010,2010,2010,2010,2010,NA,NA,"battle creek"
"91","years[11]",2011,NA,0,2011,2011,2011,2011,2011,NA,NA,"battle creek"
"92","years[12]",2012,NA,0,2012,2012,2012,2012,2012,NA,NA,"battle creek"
"93","years[13]",2013,NA,0,2013,2013,2013,2013,2013,NA,NA,"battle creek"
"94","years[14]",2014,NA,0,2014,2014,2014,2014,2014,NA,NA,"battle creek"
"95","years[15]",2015,NA,0,2015,2015,2015,2015,2015,NA,NA,"battle creek"
"96","years[16]",2016,NA,0,2016,2016,2016,2016,2016,NA,NA,"battle creek"
"97","years[17]",2017,NA,0,2017,2017,2017,2017,2017,NA,NA,"battle creek"
"98","years[18]",2018,NA,0,2018,2018,2018,2018,2018,NA,NA,"battle creek"
"99","years[19]",2019,NA,0,2019,2019,2019,2019,2019,NA,NA,"battle creek"
"100","y_pred[1]",24.5025377982227,0.0389880163544732,9.19985852531132,11.3481575822772,18.4897195756082,23.0433395215293,28.7054458396921,46.4171012193019,55680.1015361115,1.00002569551976,"battle creek"
"101","y_pred[2]",49.0555029815727,0.0783421138589061,18.4792988491567,22.7996964429506,36.9971973219574,46.1217766035072,57.3500931599128,93.2378138693534,55639.1397437242,0.999979155647178,"battle creek"
"102","y_pred[3]",48.8032013588515,0.078106359679717,18.4267301860184,22.5414589301501,36.7886039986339,45.862516831407,57.1794151085051,92.4332719682611,55657.508255762,0.999995622308686,"battle creek"
"103","y_pred[4]",19.948146801727,0.0321647728298746,7.55636444359302,9.18154089681754,15.0093296329292,18.7254038279388,23.3905226106625,37.8924355920014,55190.5617705357,1.00010692847796,"battle creek"
"104","y_pred[5]",16.148723966791,0.0254813612524333,6.08459666284174,7.45669307167233,12.1630189937585,15.1588425941135,18.8963468677376,30.7821471585515,57018.8350392473,1.00004644289662,"battle creek"
"105","y_pred[6]",48.8126765627218,0.0771946504592338,18.2593893937894,22.6333932489332,36.8135048917647,45.9031975977234,57.2043207285796,92.169349894552,55949.7423069852,0.999988968914112,"battle creek"
"106","y_pred[7]",64.3176751600031,0.102537957609717,24.3128881233712,29.7064578231532,48.4356252652227,60.375223172173,75.3838775738492,122.68931069153,56221.6746810261,0.999986288258673,"battle creek"
"107","y_pred[8]",23.2402438252441,0.0367208790798829,8.65816188313119,10.7472189349169,17.5426352876617,21.8554789732922,27.2319533187488,44.0833194555799,55593.6597017769,1.00001804387123,"battle creek"
"108","y_pred[9]",42.8799547796906,0.0685927605417873,15.933385283988,19.9863626047779,32.2867750341287,40.3439937918944,50.3375084796032,80.9895036848958,53958.4608069564,0.999961213832096,"battle creek"
"109","y_pred[10]",38.5155059484342,0.0627270388452134,14.5492099623502,17.8523548048159,28.9088688721549,36.1281262267749,45.1519662721676,73.4672773581443,53798.3864221919,1.00000183054496,"battle creek"
"110","y_pred[11]",35.104378098066,0.0553969379182972,13.1496415814319,16.2243564051227,26.4833598224702,33.0286372761045,41.0868193871776,66.6725719398147,56345.12045262,0.999963385042766,"battle creek"
"111","y_pred[12]",176.549532239374,0.277576526415362,66.7700777193707,81.5750664625653,132.886210947876,165.826335442215,206.596639392784,336.774598692408,57862.646060525,0.999998304745487,"battle creek"
"112","y_pred[13]",134.117831512478,0.211151732747896,49.4820710437254,62.0126781133691,101.096923103929,126.316216653329,157.541613116723,253.405048624957,54916.9535930649,1.00000870982998,"battle creek"
"113","y_pred[14]",94.7311958966308,0.149103774013832,35.6126282444624,44.1616332410093,71.3325500321533,89.0602936665412,110.904155338962,180.149452918088,57046.7332791252,0.999992559641514,"battle creek"
"114","y_pred[15]",39.9003235711215,0.0636302243622311,15.1076011192982,18.5082816226139,30.148583811251,37.4764364633857,46.7761272290741,76.0001112525184,56372.0865978414,0.999982908585637,"battle creek"
"115","y_pred[16]",39.8285741717925,0.0617429325321667,14.7302069792609,18.5138484639768,30.1284487969941,37.4724982783818,46.7116286969864,75.3319957568263,56917.1562071123,1.00001512020424,"battle creek"
"116","y_pred[17]",6.62352133405523,0.0104698684255681,2.48020729222176,3.06917814430871,4.99551323989401,6.22427515184778,7.76472608983792,12.4673301289145,56116.8793805083,1.00003552843518,"battle creek"
"117","y_pred[18]",18.0922847490145,0.0284956976724891,6.76170838688153,8.37315945369046,13.6461743377437,17.0090216937842,21.1784671459126,34.4160953259133,56305.9493077004,1.00000020817978,"battle creek"
"118","y_pred[19]",10.363986702745,0.0166248215895681,3.91876671161288,4.82041658199067,7.82032133235948,9.75715359340208,12.1399691342575,19.6261693096308,55562.890910303,0.999995915623102,"battle creek"
"119","RE_draws[1]",-1.57325867194438,0.00148849051900587,0.352168812398405,-2.28047479937302,-1.79231532230449,-1.57215343148392,-1.35244334604475,-0.871862249529329,55977.0026670562,1.00003078894564,"battle creek"
"120","RE_draws[2]",-1.57204772105009,0.00149043009076806,0.35146589285409,-2.2759301599714,-1.79183522019877,-1.57139216598432,-1.35350291388836,-0.867524017407351,55608.7525139888,0.999994112358229,"battle creek"
"121","RE_draws[3]",-1.57289365753857,0.00149537116229575,0.3522806956668,-2.28280647008064,-1.79297457825232,-1.5725145448399,-1.35196874363069,-0.871675701596303,55498.3010267308,0.99998161270703,"battle creek"
"122","RE_draws[4]",-1.57003540164435,0.00150058925449284,0.35435993518138,-2.2826146261852,-1.79113768720994,-1.56992857492484,-1.34747874666826,-0.865058166765985,55765.4951524962,1.00008024783277,"battle creek"
"123","RE_draws[5]",-1.57164157208191,0.00148712550966954,0.353773621893063,-2.28134741319419,-1.79205932291343,-1.57187540989843,-1.35149082528504,-0.863524559416309,56592.0790182173,1.00000843603436,"battle creek"
"124","RE_draws[6]",-1.57240425650392,0.00148417963040845,0.3514277595178,-2.27873630842595,-1.79229794294994,-1.57162792250126,-1.35153326877688,-0.874535057711637,56065.951087578,0.999973368019991,"battle creek"
"125","RE_draws[7]",-1.57268156942433,0.00148826501591668,0.353780229868943,-2.28195880989849,-1.79308766501702,-1.57274445877718,-1.35072984043141,-0.863668037522735,56507.5624154194,1.00000411267786,"battle creek"
"126","RE_draws[8]",-1.57051392816285,0.00149098111721096,0.352775676114772,-2.27931333278787,-1.78932613006173,-1.56950870613489,-1.3495693120509,-0.867878882919213,55982.588998149,1.00002063706203,"battle creek"
"127","RE_draws[9]",-1.57140242972278,0.00150691662685243,0.351112169140328,-2.27280798786926,-1.79320045450413,-1.57041562817946,-1.3491076644778,-0.873538596924865,54289.1840242786,0.999958666166672,"battle creek"
"128","RE_draws[10]",-1.57123361591698,0.00151165948888619,0.353919840542874,-2.27691987789133,-1.79490686981702,-1.57198361737772,-1.34902147053787,-0.862215198289532,54815.309449331,0.999995264721426,"battle creek"
"129","RE_draws[11]",-1.57293676380655,0.00148014959616594,0.351978357144182,-2.28239060754986,-1.79238759770028,-1.57152922082766,-1.35321682835021,-0.869110549172536,56548.4490121342,0.999960173083457,"battle creek"
"130","RE_draws[12]",-1.57302698257555,0.00148058319407693,0.354353293540101,-2.2818372893566,-1.79386774070293,-1.5724198771587,-1.35259265547005,-0.863947087988448,57280.5680807868,0.999994461207483,"battle creek"
"131","RE_draws[13]",-1.57309175300469,0.00149693899513864,0.350679031309642,-2.28283603259109,-1.79409519058757,-1.57138646296389,-1.35048524834045,-0.875185690920374,54879.6575498692,0.999989307282011,"battle creek"
"132","RE_draws[14]",-1.57269345524561,0.00147489828084602,0.351284879568735,-2.27360053309138,-1.79410417349336,-1.57214332175392,-1.35279055610503,-0.867670118567314,56727.6476310159,0.999992866349687,"battle creek"
"133","RE_draws[15]",-1.57461788575696,0.00148605940519874,0.351757022480126,-2.28027874718393,-1.79235908063424,-1.5747846570254,-1.35312406045104,-0.867762227226621,56029.0438949066,0.999982470000691,"battle creek"
"134","RE_draws[16]",-1.56980838411875,0.00145782889380974,0.349829437447047,-2.27443783322115,-1.78748698277051,-1.56934956625339,-1.34896370899488,-0.871051896039913,57583.7039093916,1.00001832849275,"battle creek"
"135","RE_draws[17]",-1.57289013020615,0.00148682798189434,0.351845704967926,-2.27978756138869,-1.7926572241302,-1.57274038756878,-1.35160620067316,-0.878085749131918,55999.359028108,1.00002488720906,"battle creek"
"136","RE_draws[18]",-1.57355787632842,0.001479147240191,0.351790152537364,-2.28168796152079,-1.79326003321397,-1.5729753561539,-1.35373428244178,-0.868194904929146,56564.5767172884,1.00000920999281,"battle creek"
"137","RE_draws[19]",-1.57410976544276,0.00146980768855794,0.350959400854572,-2.27728724959348,-1.79342195694328,-1.57214688384218,-1.35364435856492,-0.873283757160253,57015.4728304359,0.999984585346062,"battle creek"
"138","var_fit",43882.2128793295,144.915754837861,33518.454749495,14332.6033798201,26296.2605239468,36190.735766544,51204.280749476,118674.178941201,53497.9044756585,1.0000634306062,"battle creek"
"139","var_res",17696.4543335387,100.880225861233,22892.8332713727,4843.5346781183,8661.7068950195,12431.5083392696,19266.6263658869,62106.8533280582,51497.6010920315,1.0001173268328,"battle creek"
"140","ss_res",951.417865510806,2.33535934719022,382.150323531702,392.685077750572,678.946096360919,890.717129406392,1151.7833917796,1874.73943357385,26776.9452929798,1.00008122825737,"battle creek"
"141","y_pred_mu",49.0281998662388,0.0366981110197944,7.5422826235566,36.7014140272321,44.0454164939237,48.1863928072426,53.0239851151918,66.1758023526647,42239.4431394745,1.00002761562914,"battle creek"
"142","R2_data",0.964563358729896,8.69831169070284e-05,0.0142336237495145,0.930173196036417,0.957100516655272,0.966824226733472,0.974711879889325,0.98537399733933,26776.9452929807,1.00008122825737,"battle creek"
"143","R2_fixed",0.275210657095559,0.000431450576426355,0.097119135637957,0.135676750138,0.20376050230679,0.257618555970943,0.330282103175378,0.504927514124049,50669.6039755126,1.00001282901265,"battle creek"
"144","spawner_abundance_forecast[1]",48.9335458634751,0.0782837269215069,18.278776737669,22.5935380002711,36.9114850903828,46.0632658201919,57.3170073898466,92.2553715036022,54519.4253907796,0.999985632815513,"battle creek"
"145","spawner_abundance_forecast[2]",71.6688980997577,0.125635251215064,28.4212798877568,31.4303127452869,53.0556920577176,67.0508125960023,84.6877324833116,139.056843889998,51175.752578119,1.00001051176354,"battle creek"
"146","rps_forecast",-1.57413268876508,0.0015110375275592,0.35146719300017,-2.28477633841604,-1.79391752289992,-1.57242447914698,-1.3538428818251,-0.877879765767756,54102.7181576467,0.999980290908815,"battle creek"
"147","lp__",2976.70464879248,0.0255342391509398,3.61719822718758,2968.72683711027,2974.47884607349,2977.03928146662,2979.29824190793,2982.74465727156,20067.7543139289,1.00003189035105,"battle creek"
"148","log_mean_redds_per_spawner",-0.583465620787172,0.0017013371162298,0.251653782953531,-1.07929781663533,-0.748254219423943,-0.584096724489019,-0.419151479052799,-0.0874159290891887,21878.9347578368,1.00003784166567,"clear creek"
"149","sigma_redds_per_spawner",0.915670544113748,0.000842040501542361,0.171668798590081,0.649373908553827,0.793906991959037,0.8922140729134,1.01131220416524,1.31809947757676,41563.9461086507,1.00002503178925,"clear creek"
"150","b1_survival",0.951738057548534,0.00456558010184691,0.462009648706268,0.0409527070002184,0.651053605003249,0.953290375287498,1.25448301341523,1.86131042808621,10240.2405252581,1.00018255596918,"clear creek"
"151","log_redds_per_spawner[1]",0.465783258828277,0.000369164276562566,0.0970897398523147,0.27231691059247,0.400951659792277,0.467299153674556,0.531863386135266,0.652177138334355,69168.337616815,0.999974256988446,"clear creek"
"152","log_redds_per_spawner[2]",-0.472592708193863,0.00457329293437571,0.478812402722728,-1.4192841122038,-0.787246277411611,-0.473163726491278,-0.159912081916975,0.472477815903545,10961.5695156093,1.00014941493189,"clear creek"
"153","log_redds_per_spawner[3]",-0.973276860463455,0.000600843732016603,0.161985143054048,-1.30248758814618,-1.07999206938917,-0.969340663498924,-0.862057232268525,-0.667437119799712,72682.0716666096,1.00001305039333,"clear creek"
"154","log_redds_per_spawner[4]",-0.951573709516256,0.00458344512817065,0.472597938722809,-1.88082337738815,-1.25979422740886,-0.952622860009668,-0.643379416799146,-0.0148460173274361,10631.6231284462,1.00017628876512,"clear creek"
"155","log_redds_per_spawner[5]",-1.00503101321778,0.00458579162749203,0.471552199339044,-1.93213205454544,-1.31222848425393,-1.00703719110065,-0.696289704755387,-0.0725027306604426,10573.7957101352,1.00017179857427,"clear creek"
"156","log_redds_per_spawner[6]",-1.36538347312148,0.000521649115842991,0.140290860470137,-1.65040564285197,-1.45884933800946,-1.36199991814029,-1.26839490645219,-1.09977767548908,72327.2256615629,0.999956411918471,"clear creek"
"157","log_redds_per_spawner[7]",-1.12095303718337,0.000445020541845698,0.12249283716916,-1.36718066375292,-1.20170465464835,-1.11897181904261,-1.03716054977641,-0.887071196593913,75763.716677826,1.00001010312797,"clear creek"
"158","log_redds_per_spawner[8]",-0.0615926904357558,0.000343493660433365,0.0937896225119693,-0.250307333341963,-0.123243590645181,-0.0602477709516658,0.00241189776872837,0.117683405989738,74554.2015898021,0.999963360908875,"clear creek"
"159","log_redds_per_spawner[9]",0.592170688425851,0.000592164548854713,0.159361954034463,0.2676977172792,0.487269221370605,0.596640367903205,0.70052895286789,0.894472618865586,72424.3297500721,1.00002692681643,"clear creek"
"160","log_redds_per_spawner[10]",0.65498360204754,0.00460673413059751,0.479646738813062,-0.276029066883996,0.338396128731682,0.65212853670782,0.968763131979733,1.61033968514402,10840.6842474941,1.00017974232374,"clear creek"
"161","log_redds_per_spawner[11]",-0.544053108493928,0.000587706710866394,0.157022553387041,-0.863002140474677,-0.646661778091238,-0.540838724923786,-0.436331810261775,-0.245513241198924,71384.3107998713,0.999970190793292,"clear creek"
"162","log_redds_per_spawner[12]",-1.57981450561979,0.000308747435863567,0.0851448541299627,-1.75084467054897,-1.63684863898548,-1.57826544407486,-1.52194522025734,-1.41591418333742,76051.9042257313,1.00000622961163,"clear creek"
"163","log_redds_per_spawner[13]",-0.124373690335827,0.000396955913435763,0.108596930884391,-0.342351957404534,-0.196193842641157,-0.122806858220566,-0.0502383645225828,0.0835542103645404,74842.8903638897,0.999969943650221,"clear creek"
"164","log_redds_per_spawner[14]",0.155314581440724,0.00050418205068538,0.136837542042606,-0.121524436584518,0.065189518977735,0.15871951528617,0.249063704444585,0.413936097825086,73660.687564878,0.999986582485621,"clear creek"
"165","log_redds_per_spawner[15]",0.0879989017708339,0.000653391103832711,0.17470157089386,-0.267657694727957,-0.0269112499782167,0.0928386936158022,0.208819689047042,0.416725103022287,71490.310949489,0.999998576475239,"clear creek"
"166","log_redds_per_spawner[16]",-1.3113705940213,0.0045849703043708,0.500104554863235,-2.30800378245423,-1.63556707746133,-1.30941688358858,-0.981636798217375,-0.338134837955204,11897.304187664,1.00017830074946,"clear creek"
"167","log_redds_per_spawner[17]",-0.0665889826081995,0.000538097595985135,0.146499930469706,-0.365116837249719,-0.162912673942803,-0.0633648601013278,0.033592159518162,0.212219061737025,74122.9565194707,1.00000234694863,"clear creek"
"168","log_redds_per_spawner[18]",-0.403317243436426,0.00458173313456771,0.468539154674976,-1.32489227111819,-0.711331032486529,-0.404321753644984,-0.099159409192817,0.517107168240912,10457.6041753677,1.00017000681319,"clear creek"
"169","log_redds_per_spawner[19]",-1.1352828328559,0.000489264975446015,0.132184131394199,-1.40036406776765,-1.22433077667303,-1.13288375686645,-1.04507700201422,-0.882786623810939,72991.1805993723,1.00004235769212,"clear creek"
"170","log_redds_per_spawner[20]",-2.4988305486973,0.000270254950922099,0.0735609871574578,-2.64444539959985,-2.54791159294537,-2.49847752717055,-2.44909184304361,-2.35672851352098,74087.9844155471,0.999967234601301,"clear creek"
"171","conversion_rate[1]",1.60076812898671,0.000589933542872354,0.155148534659243,1.31300303996012,1.49324508297784,1.59567868517299,1.70210102688318,1.91971576944783,69165.4450297966,0.999974612757386,"clear creek"
"172","conversion_rate[2]",1.63454627874368,0.00104583155400014,0.255119771451788,1.17311862262773,1.45687240126346,1.62009995583983,1.79783924922952,2.17411671093244,59506.5473421183,0.99996994556014,"clear creek"
"173","conversion_rate[3]",0.382792425588838,0.000225105950768573,0.061663846133121,0.271854688703983,0.339598218856625,0.379333063836408,0.422292434543941,0.513021707547795,75039.0395617196,1.00001159353707,"clear creek"
"174","conversion_rate[4]",1.00726882373451,0.000485954610862273,0.119678232428569,0.786944470514316,0.92392708753249,1.00271721225724,1.08472376997446,1.2557122429193,60651.1330150845,0.999955317272067,"clear creek"
"175","conversion_rate[5]",0.954485207067826,0.000451236000165696,0.110459826096832,0.750018542946511,0.878414526076318,0.950033723712592,1.02690301494703,1.18289754182374,59924.0597656876,1.00000838438002,"clear creek"
"176","conversion_rate[6]",0.257790707269159,0.000132744930291617,0.0359855365226072,0.191972020750128,0.23250365398692,0.256147989347899,0.281282744753424,0.332945097326723,73488.6173998159,0.999955371772584,"clear creek"
"177","conversion_rate[7]",0.328412415006883,0.000144543929887716,0.0401051864473081,0.254824383368786,0.300681217181199,0.326615441818111,0.354459725154534,0.411860245721278,76984.1577923531,1.00000985733312,"clear creek"
"178","conversion_rate[8]",0.944396090229383,0.000321243846566239,0.0883174908129103,0.778561468400641,0.884048290441873,0.941531220594892,1.0024148087347,1.12488792220835,75582.9448215537,0.999962564404027,"clear creek"
"179","conversion_rate[9]",1.83081508106001,0.00105957239374953,0.289963802712405,1.30695201130535,1.62786480638768,1.81600742332246,2.01481816950748,2.44604545115792,74890.4265331529,1.00001404622608,"clear creek"
"180","conversion_rate[10]",5.04838621220305,0.00325141633450113,0.791498088464834,3.62062280444647,4.49490449699209,5.00565052634474,5.55565116662445,6.71931019058597,59259.0349034808,1.00001040867127,"clear creek"
"181","conversion_rate[11]",0.587537048022716,0.000340274362668187,0.091817940373312,0.421893595345054,0.523791393417306,0.582259691803157,0.6464032071324,0.782302925255086,72810.9394731522,0.999966610737631,"clear creek"
"182","conversion_rate[12]",0.206759715774874,6.34707082025389e-05,0.017576130437321,0.173627223691901,0.194592307661675,0.20633268356823,0.218286857681021,0.242703636380023,76683.132513294,1.00000857951802,"clear creek"
"183","conversion_rate[13]",0.88824996738555,0.000348607876245286,0.0961317757747422,0.710098236390536,0.821852909101848,0.88443446731294,0.951002712175996,1.08714414817659,76043.0520729841,0.999969775238842,"clear creek"
"184","conversion_rate[14]",1.17894181890277,0.000586053550194503,0.160533296163639,0.885569412794607,1.0673612904462,1.17200916991939,1.28282375204148,1.51276045532771,75033.5757919527,0.999980811578455,"clear creek"
"185","conversion_rate[15]",1.10861632955462,0.000708933199402358,0.192296663338275,0.765169657893072,0.973447631190241,1.09728472196084,1.23222279524535,1.51698544093297,73575.4399058597,0.999988199186857,"clear creek"
"186","conversion_rate[16]",0.716893769745112,0.000612629078078375,0.165473951186541,0.432112122261714,0.598526806515917,0.703370834298087,0.819872025080414,1.07804359310706,72956.5117866814,0.999962153628524,"clear creek"
"187","conversion_rate[17]",0.945606875223445,0.000502011036921564,0.137906831894884,0.694115547588752,0.849665383104634,0.93860095317047,1.03416274727773,1.2364187076566,75464.9054866092,0.999997858521406,"clear creek"
"188","conversion_rate[18]",1.7385456110289,0.00068320401218777,0.167136422907335,1.42514188054206,1.6231007774429,1.73372701188239,1.8474029332987,2.08077711532633,59846.8628602661,0.999984513748465,"clear creek"
"189","conversion_rate[19]",0.324137378134637,0.000156775198013649,0.0427248910491674,0.246507202276156,0.29395435562489,0.322103048942307,0.351664739442406,0.413628676710628,74268.9376685766,1.00004367658584,"clear creek"
"190","conversion_rate[20]",0.0824033735218726,2.21976048505716e-05,0.00605648044496505,0.0710447442593015,0.0782449026964561,0.0822100659858895,0.0863719902162978,0.094729623503695,74443.7782030113,0.999968883403835,"clear creek"
"191","redds_per_spawner[1]",1.60076812898671,0.000589933542872354,0.155148534659243,1.31300303996012,1.49324508297784,1.59567868517299,1.70210102688318,1.91971576944783,69165.4450297966,0.999974612757386,"clear creek"
"192","redds_per_spawner[2]",0.699514564924226,0.00340689422098683,0.363070492062879,0.241887118975545,0.455096280282263,0.623028056645285,0.852218711145542,1.60396359998985,11357.025697124,1.00019901634201,"clear creek"
"193","redds_per_spawner[3]",0.382792425588838,0.000225105950768573,0.061663846133121,0.271854688703983,0.339598218856625,0.379333063836408,0.422292434543941,0.513021707547795,75039.0395617196,1.00001159353707,"clear creek"
"194","redds_per_spawner[4]",0.431996554568791,0.00211263551667828,0.221202638491261,0.152464518624339,0.283712400731081,0.385727985001787,0.525513490743294,0.985263641495542,10963.0514543267,1.00023434515462,"clear creek"
"195","redds_per_spawner[5]",0.409344478845667,0.00200469713544576,0.209586527191512,0.144839064281954,0.269219436127501,0.365299690991345,0.498431204234542,0.930063206978302,10930.2270495228,1.0002177242161,"clear creek"
"196","redds_per_spawner[6]",0.257790707269159,0.000132744930291617,0.0359855365226072,0.191972020750128,0.23250365398692,0.256147989347899,0.281282744753424,0.332945097326723,73488.6173998159,0.999955371772584,"clear creek"
"197","redds_per_spawner[7]",0.328412415006883,0.000144543929887716,0.0401051864473081,0.254824383368786,0.300681217181199,0.326615441818111,0.354459725154534,0.411860245721278,76984.1577923531,1.00000985733312,"clear creek"
"198","redds_per_spawner[8]",0.944396090229383,0.000321243846566239,0.0883174908129103,0.778561468400641,0.884048290441873,0.941531220594892,1.0024148087347,1.12488792220835,75582.9448215537,0.999962564404027,"clear creek"
"199","redds_per_spawner[9]",1.83081508106001,0.00105957239374953,0.289963802712405,1.30695201130535,1.62786480638768,1.81600742332246,2.01481816950748,2.44604545115792,74890.4265331529,1.00001404622608,"clear creek"
"200","redds_per_spawner[10]",2.16245663154402,0.0107241741773145,1.13648585587261,0.758790875122051,1.40269604161479,1.91962247041321,2.63468368808075,5.00451090607005,11230.532582913,1.00022729231958,"clear creek"
"201","redds_per_spawner[11]",0.587537048022716,0.000340274362668187,0.091817940373312,0.421893595345054,0.523791393417306,0.582259691803157,0.6464032071324,0.782302925255086,72810.9394731522,0.999966610737631,"clear creek"
"202","redds_per_spawner[12]",0.206759715774874,6.34707082025389e-05,0.017576130437321,0.173627223691901,0.194592307661675,0.20633268356823,0.218286857681021,0.242703636380023,76683.132513294,1.00000857951802,"clear creek"
"203","redds_per_spawner[13]",0.88824996738555,0.000348607876245286,0.0961317757747422,0.710098236390536,0.821852909101848,0.88443446731294,0.951002712175996,1.08714414817659,76043.0520729841,0.999969775238842,"clear creek"
"204","redds_per_spawner[14]",1.17894181890277,0.000586053550194503,0.160533296163639,0.885569412794607,1.0673612904462,1.17200916991939,1.28282375204148,1.51276045532771,75033.5757919527,0.999980811578455,"clear creek"
"205","redds_per_spawner[15]",1.10861632955462,0.000708933199402358,0.192296663338275,0.765169657893072,0.973447631190241,1.09728472196084,1.23222279524535,1.51698544093297,73575.4399058597,0.999988199186857,"clear creek"
"206","redds_per_spawner[16]",0.305257519375718,0.00147618380680299,0.164694315120014,0.0994595965296456,0.194841849543853,0.269977438864371,0.374697292813723,0.713099128828029,12447.3340006211,1.00023944216114,"clear creek"
"207","redds_per_spawner[17]",0.945606875223445,0.000502011036921564,0.137906831894884,0.694115547588752,0.849665383104634,0.93860095317047,1.03416274727773,1.2364187076566,75464.9054866092,0.999997858521406,"clear creek"
"208","redds_per_spawner[18]",0.746048906325015,0.00363502977617907,0.378585130861187,0.265831595287351,0.490990238383051,0.667429338915327,0.905598335858841,1.67716885791615,10847.037964664,1.00022695465404,"clear creek"
"209","redds_per_spawner[19]",0.324137378134637,0.000156775198013649,0.0427248910491674,0.246507202276156,0.29395435562489,0.322103048942307,0.351664739442406,0.413628676710628,74268.9376685766,1.00004367658584,"clear creek"
"210","redds_per_spawner[20]",0.0824033735218726,2.21976048505716e-05,0.00605648044496505,0.0710447442593015,0.0782449026964561,0.0822100659858895,0.0863719902162978,0.094729623503695,74443.7782030113,0.999968883403835,"clear creek"
"211","predicted_spawners[1]",105.650696513123,0.0389356138295756,10.23980328751,86.6582006373678,98.5541754765372,105.314793221418,112.33866777429,126.701240783557,69165.4450297958,0.999974612757386,"clear creek"
"212","predicted_spawners[2]",40.863656968592,0.0261457888500034,6.37799428629471,29.3279655656932,36.4218100315865,40.5024988959957,44.945981230738,54.352917773311,59506.5473421183,0.99996994556014,"clear creek"
"213","predicted_spawners[3]",37.5136577077061,0.0220603831753201,6.04305692104586,26.6417594929903,33.2806254479493,37.174640255968,41.3846585853062,50.2761273396839,75039.0395617196,1.00001159353707,"clear creek"
"214","predicted_spawners[4]",69.5015488376814,0.0335308681494968,8.25779803757128,54.2991684654878,63.7509690397418,69.1874876457492,74.8459401282374,86.6441447614315,60651.1330150845,0.999955317272067,"clear creek"
"215","predicted_spawners[5]",73.4953609442226,0.0347451720127586,8.50540660945605,57.7514278068813,67.6379185078765,73.1525967258696,79.0715321509211,91.0831107204278,59924.0597656877,1.00000838438002,"clear creek"
"216","predicted_spawners[6]",50.0113972102168,0.0257525164765737,6.98119408538579,37.2425720255248,45.1057088734625,49.6927099334923,54.5688524821643,64.5913488813842,73488.6173998159,0.999955371772584,"clear creek"
"217","predicted_spawners[7]",65.6824830013766,0.0289087859775432,8.02103728946162,50.9648766737572,60.1362434362398,65.3230883636221,70.8919450309067,82.3720491442557,76984.1577923531,1.00000985733312,"clear creek"
"218","predicted_spawners[8]",113.327530827526,0.0385492615879487,10.5980988975492,93.4273762080769,106.085794853025,112.983746471387,120.289777048164,134.986550665002,75582.9448215537,0.999962564404026,"clear creek"
"219","predicted_spawners[9]",38.4471167022602,0.0222510202687402,6.0892398569605,27.4459922374123,34.1851609341414,38.1361558897716,42.311181559657,51.3669544743163,74890.4265331526,1.00001404622608,"clear creek"
"220","predicted_spawners[10]",40.3870896976244,0.026011330676009,6.33198470771867,28.9649824355718,35.9592359759367,40.0452042107579,44.4452093329956,53.7544815246878,59259.0349034808,1.00001040867127,"clear creek"
"221","predicted_spawners[11]",39.9525192655447,0.0231386566614368,6.24361994538521,28.6887644834637,35.6178147523768,39.5936590426147,43.9554180850032,53.1965989173458,72810.9394731518,0.999966610737631,"clear creek"
"222","predicted_spawners[12]",136.254652695642,0.0418271967054729,11.5826699581946,114.420340412963,128.236330749044,135.973238471463,143.851039211793,159.941696374435,76683.1325132949,1.00000857951802,"clear creek"
"223","predicted_spawners[13]",84.3837469016272,0.0331177482433022,9.13251869860051,67.4593324571009,78.0760263646756,84.0212743947293,90.3452576567197,103.278694076776,76043.0520729843,0.999969775238842,"clear creek"
"224","predicted_spawners[14]",53.0523818506246,0.0263724097587526,7.22399832736377,39.8506235757573,48.0312580700789,52.7404126463727,57.7270688418667,68.0742204897471,75033.5757919527,0.999980811578455,"clear creek"
"225","predicted_spawners[15]",32.1498735570841,0.0205590627826684,5.57660323680996,22.1899200788991,28.229981304517,31.8212569368645,35.7344610621151,43.9925777870562,73575.4399058597,0.999988199186857,"clear creek"
"226","predicted_spawners[16]",17.9223442436278,0.0153157269519594,4.13684877966354,10.8028030565428,14.9631701628979,17.5842708574522,20.4968006270104,26.9510898276765,72956.5117866811,0.999962153628524,"clear creek"
"227","predicted_spawners[17]",46.3347368859488,0.0245985408091567,6.75743476284932,34.0116618318489,41.6336037721271,45.991446705353,50.673974616609,60.5845166751734,75464.9054866092,0.999997858521406,"clear creek"
"228","predicted_spawners[18]",107.789827883792,0.0423586487556417,10.3624582202548,88.3587965936075,100.63224820146,107.491074736708,114.53898186452,129.008181150233,59846.8628602662,0.999984513748465,"clear creek"
"229","predicted_spawners[19]",55.7516290391576,0.0269653340583477,7.3486812604568,42.3992387914988,50.5601491674811,55.4017244180768,60.4863351840938,71.1441323942281,74268.9376685764,1.00004367658584,"clear creek"
"230","predicted_spawners[20]",185.572397171257,0.0499890061234874,13.6391939620613,159.992764071947,176.207520872419,185.137068600223,194.509721967103,213.331112130321,74443.7782030111,0.999968883403835,"clear creek"
"231","mean_redds_per_spawner",0.57596971209081,0.00100351907023627,0.148711620799191,0.339834067714558,0.47319192134481,0.55760930924613,0.657604574408517,0.916295902249713,21960.3144295889,1.00005599936895,"clear creek"
"232","years[1]",2002,NA,0,2002,2002,2002,2002,2002,NA,NA,"clear creek"
"233","years[2]",2003,NA,0,2003,2003,2003,2003,2003,NA,NA,"clear creek"
"234","years[3]",2004,NA,0,2004,2004,2004,2004,2004,NA,NA,"clear creek"
"235","years[4]",2005,NA,0,2005,2005,2005,2005,2005,NA,NA,"clear creek"
"236","years[5]",2006,NA,0,2006,2006,2006,2006,2006,NA,NA,"clear creek"
"237","years[6]",2007,NA,0,2007,2007,2007,2007,2007,NA,NA,"clear creek"
"238","years[7]",2008,NA,0,2008,2008,2008,2008,2008,NA,NA,"clear creek"
"239","years[8]",2009,NA,0,2009,2009,2009,2009,2009,NA,NA,"clear creek"
"240","years[9]",2010,NA,0,2010,2010,2010,2010,2010,NA,NA,"clear creek"
"241","years[10]",2011,NA,0,2011,2011,2011,2011,2011,NA,NA,"clear creek"
"242","years[11]",2012,NA,0,2012,2012,2012,2012,2012,NA,NA,"clear creek"
"243","years[12]",2013,NA,0,2013,2013,2013,2013,2013,NA,NA,"clear creek"
"244","years[13]",2014,NA,0,2014,2014,2014,2014,2014,NA,NA,"clear creek"
"245","years[14]",2015,NA,0,2015,2015,2015,2015,2015,NA,NA,"clear creek"
"246","years[15]",2016,NA,0,2016,2016,2016,2016,2016,NA,NA,"clear creek"
"247","years[16]",2017,NA,0,2017,2017,2017,2017,2017,NA,NA,"clear creek"
"248","years[17]",2018,NA,0,2018,2018,2018,2018,2018,NA,NA,"clear creek"
"249","years[18]",2019,NA,0,2019,2019,2019,2019,2019,NA,NA,"clear creek"
"250","years[19]",2020,NA,0,2020,2020,2020,2020,2020,NA,NA,"clear creek"
"251","years[20]",2021,NA,0,2021,2021,2021,2021,2021,NA,NA,"clear creek"
"252","y_pred[1]",60.2376872570884,0.466316135672382,111.182895570531,5.52414324407564,19.7388974378764,36.7521157449573,69.0603993255137,251.350743426652,56847.9847852547,1.00012983724824,"clear creek"
"253","y_pred[2]",22.9007001919943,0.17307349547405,41.5605913932713,2.08051986169308,7.50868155487921,14.0243812954766,26.0558066296649,97.0663315907433,57663.6737243758,0.99999183204123,"clear creek"
"254","y_pred[3]",88.0046647221405,0.573092112406404,131.627833856366,8.17107663666565,29.1703649538534,54.4515312779227,101.095540184186,370.016647780035,52752.9324410576,0.99996957846395,"clear creek"
"255","y_pred[4]",61.8374609005336,0.366043925405131,87.8130605833818,5.78587617229625,20.668409256467,38.4246641362445,71.6514807023318,256.554429325945,57550.8602999963,0.99996823494553,"clear creek"
"256","y_pred[5]",69.6337793467391,0.446552283564984,104.555189122205,6.37130638101178,23.0230041671298,42.6747279848257,79.8644892155572,292.414564574389,54820.9496780329,0.999987833618735,"clear creek"
"257","y_pred[6]",174.772625243008,1.11394002152008,258.510038745772,15.8074133023498,58.5100743855326,108.163157588945,200.61474822662,741.136028132384,53855.6423861733,1.00001866974895,"clear creek"
"258","y_pred[7]",181.16612613723,1.28587276939099,302.738272761919,16.6854686539459,59.8584265634037,112.108859542346,207.793377158392,752.278497429049,55429.2061365101,1.00006069570466,"clear creek"
"259","y_pred[8]",109.065214294004,0.793583388636549,189.666633138428,10.0128193165257,35.904916176782,67.3463313119012,125.208336615092,450.547735445735,57121.1224264587,1.00000587435238,"clear creek"
"260","y_pred[9]",19.2422748900794,0.151051571341744,35.2816943992699,1.75183939572154,6.25511614484771,11.6868441005894,21.8127146343063,79.5648386924683,54556.7351539937,1.00001566229126,"clear creek"
"261","y_pred[10]",7.19840663176477,0.043184024694927,10.3408777349922,0.653713615863864,2.4046163387196,4.49991341965019,8.33138974248895,29.9170806241256,57341.437410474,0.999978229937407,"clear creek"
"262","y_pred[11]",61.3024665541082,0.387461375114375,90.5099515925664,5.53404798023724,20.3053292888903,37.9734463404513,70.5409585257588,258.713783685839,54567.7232997984,1.00002293244368,"clear creek"
"263","y_pred[12]",602.308387592149,5.03753158246603,1197.29889748523,53.8505289985537,196.805734903533,367.344247382287,688.932121682337,2492.89296328722,56489.7433103868,0.999963727990676,"clear creek"
"264","y_pred[13]",86.0605590465986,0.621220980077652,146.871364917519,7.76773951189441,28.4333874983503,52.7332222230663,98.2950756317313,353.906465477527,55896.1676646919,1.00002886780847,"clear creek"
"265","y_pred[14]",40.3587363300407,0.286491922326533,68.6998527211538,3.67936201130368,13.4002206831616,24.9665075791552,46.3627908655934,169.659755792945,57502.5162072081,0.999972069289202,"clear creek"
"266","y_pred[15]",26.2670598449913,0.188101539035231,44.7732587847935,2.36207156338439,8.59760787033226,16.0892895942503,30.1156596681608,107.896277569465,56656.8875352139,0.999983821256486,"clear creek"
"267","y_pred[16]",22.6451545216159,0.157230371273122,36.596049361763,2.06483690288053,7.49092233405456,13.9646780130889,25.887696664881,93.5610415048051,54174.5770691959,1.00002635763804,"clear creek"
"268","y_pred[17]",45.3806883526046,0.871669854977465,211.731504526108,4.15653032945612,14.8024199979002,27.5444417778209,51.1991610159723,183.959677998674,59002.0244320928,0.999978086297807,"clear creek"
"269","y_pred[18]",55.4495147448528,0.337003808324173,79.3035934377337,5.24402785945446,18.6688884412463,34.6976557787608,64.4421325894588,228.173544104215,55375.3030617978,1.00002307519587,"clear creek"
"270","y_pred[19]",156.155386144309,1.0890582663193,259.915166484182,14.0850365660803,50.995163842787,95.1409784057849,177.854974329772,649.374605301044,56958.8237918694,1.00005379133466,"clear creek"
"271","y_pred[20]",2049.22647828331,12.2793298599505,2946.18314428242,186.127497835369,676.713113514337,1261.73921337516,2363.90374523559,8688.98193528207,57566.5428862954,1.00009320503273,"clear creek"
"272","RE_draws[1]",-0.58262371486038,0.0041950541445017,0.965460900906634,-2.48052657559969,-1.20706356384202,-0.585458946890021,0.0453267319402477,1.33719460580731,52965.6418942774,1.00007106348651,"clear creek"
"273","RE_draws[2]",-0.578262047212415,0.0042392492739027,0.967296527900899,-2.48625802917087,-1.20281593314022,-0.578078488847107,0.0413648216842768,1.35651875006707,52064.4576625149,0.9999662573956,"clear creek"
"274","RE_draws[3]",-0.585765331167246,0.00424174426670554,0.960961782287177,-2.48436680089871,-1.21181418365249,-0.587656507125723,0.0310985332991457,1.32858051428886,51324.3276713701,1.00001102891787,"clear creek"
"275","RE_draws[4]",-0.584227538134684,0.00407215270583064,0.959869394815123,-2.47868669961242,-1.20550009400503,-0.585406956317343,0.0377073146384334,1.31323432191969,55561.7834743967,0.999986290339962,"clear creek"
"276","RE_draws[5]",-0.585198488642087,0.00422807436111856,0.96563241967974,-2.49200089097127,-1.20731152472574,-0.590198527452397,0.0365258917695297,1.33436711463309,52160.1032703658,1.00004504959014,"clear creek"
"277","RE_draws[6]",-0.584734657610202,0.00415288280570874,0.965795564653,-2.50737913291096,-1.1986592084837,-0.584217354461769,0.0335282342444446,1.34032602307443,54084.2812073128,1.0000082693092,"clear creek"
"278","RE_draws[7]",-0.58392795883815,0.00414605572902485,0.961860919996441,-2.4837791664077,-1.20633514974513,-0.578847007150341,0.0382268403441004,1.32478923044669,53821.313084673,1.00000413181713,"clear creek"
"279","RE_draws[8]",-0.582144639274833,0.00420662253604463,0.963707893378527,-2.48362554001118,-1.2066175163254,-0.577643314731783,0.0424873000491236,1.32297228424352,52483.6153630827,0.999995917901287,"clear creek"
"280","RE_draws[9]",-0.581428057756249,0.00404999187248842,0.966020380649903,-2.48385611907543,-1.21112272691099,-0.586058664798677,0.0379706021543854,1.33204981974252,56893.7126232051,0.999983201762294,"clear creek"
"281","RE_draws[10]",-0.581522430596756,0.00408029723453483,0.961783912202644,-2.50452746303486,-1.20205117754034,-0.575383385296245,0.040588736278218,1.31898802820292,55561.1741225229,0.99996968644183,"clear creek"
"282","RE_draws[11]",-0.584113397925438,0.004162835266226,0.964648578193859,-2.50858815432353,-1.20862432703633,-0.582620570229896,0.0366858076263835,1.33621466316847,53698.2097350895,1.00000532775736,"clear creek"
"283","RE_draws[12]",-0.582957260496721,0.00410064963553226,0.966740350631138,-2.50451130746665,-1.20850641076312,-0.58442412233382,0.0444192144710217,1.33047560603193,55579.4651778572,0.999968762613932,"clear creek"
"284","RE_draws[13]",-0.585560987242521,0.00413786077671896,0.965313580599091,-2.50389769466114,-1.20631282079105,-0.588631232190049,0.0340970382817413,1.31515576237641,54423.3265438787,1.00000683873451,"clear creek"
"285","RE_draws[14]",-0.590242455029147,0.00414222561473353,0.959125874822688,-2.50392311911632,-1.21139131406142,-0.589127260408462,0.0298347265555215,1.32713250377838,53614.6795748641,0.999999439290668,"clear creek"
"286","RE_draws[15]",-0.589438599604875,0.00422927816710616,0.969802820403413,-2.50775681501932,-1.21581182043818,-0.589142021963831,0.0377494599454075,1.31387453734985,52581.6711593257,1.00000267054206,"clear creek"
"287","RE_draws[16]",-0.583860402129053,0.0042450634421341,0.963058540826271,-2.49382458616188,-1.20518389426128,-0.58234468284001,0.0348919984188545,1.31973824776865,51467.9658315754,0.999993256137539,"clear creek"
"288","RE_draws[17]",-0.575160725422141,0.00425125458685306,0.960030142311796,-2.46713962767986,-1.19702961733963,-0.57601953327773,0.0439028473811267,1.32289629416877,50995.9293502438,1.00000891007656,"clear creek"
"289","RE_draws[18]",-0.581718214662471,0.00413455451313788,0.95459948021615,-2.470044506673,-1.20027596657645,-0.580462257182477,0.0386332668797171,1.30297211231566,53307.0859551237,1.00006626222254,"clear creek"
"290","RE_draws[19]",-0.589935038711421,0.00418883270579592,0.968111366522572,-2.50238147963206,-1.21576367695258,-0.5921347020428,0.0334739903867334,1.32851527250736,53415.1689958445,0.99999600426113,"clear creek"
"291","RE_draws[20]",-0.577450562522304,0.0041161249724304,0.967502301977942,-2.4931420798648,-1.20232656841731,-0.579327613015963,0.0484956715310107,1.35023706854432,55249.3164968846,1.00003156131937,"clear creek"
"292","var_fit",13834505.5109851,718861.343607581,175593840.489517,146404.335437907,774182.945515859,2090176.64063373,6265304.30140548,77116852.4126846,59666.1883319492,1.00001426659693,"clear creek"
"293","var_res",14266758.6206882,765229.895260785,186902411.465855,95544.2401231022,643789.960362752,1931821.71800037,6198827.4915177,80343853.5557643,59654.8767866968,1.00001342258441,"clear creek"
"294","ss_res",1396.79449636677,3.07726526775247,524.071845079861,604.82585568124,1025.12794545277,1317.09427693395,1686.41384074195,2631.75590788277,29003.5919815246,1.00000178078072,"clear creek"
"295","y_pred_mu",196.960668551458,0.779152936610917,174.243429680837,63.7988355363282,111.609159485656,154.80105034057,225.31830220488,586.713079585582,50011.214112366,1.0000761699566,"clear creek"
"296","R2_data",0.956545986636259,9.57331421454714e-05,0.0163037762669427,0.9181265700225,0.947535983451386,0.959025445432334,0.968108462943462,0.98118398169246,29003.5919815247,1.00000178078072,"clear creek"
"297","R2_fixed",0.47216509825759,0.000174631960053642,0.0378714041270694,0.377959488896931,0.453226473446438,0.481216315168596,0.498880423407601,0.522287457861664,47030.0410449287,1.00003265912078,"clear creek"
"298","spawner_abundance_forecast[1]",193.44359765333,1.12181230577711,266.440357111108,18.0259950168041,64.6558997596997,120.243687087025,224.907704247783,810.696955282346,56410.4565595541,1.00000436290059,"clear creek"
"299","spawner_abundance_forecast[2]",523.840049546183,3.66890722864355,780.58248658751,42.5503742781277,162.577552944675,312.65532325947,598.708451785752,2306.39966245952,45265.1689148506,0.999990184836036,"clear creek"
"300","rps_forecast",-0.586262822294285,0.00420944879152089,0.961306792384375,-2.4866990250595,-1.20943455059584,-0.588993499171356,0.0371762060355232,1.31938040765723,52152.3113310663,0.999965252965068,"clear creek"
"301","lp__",4712.87651088155,0.022089187010409,3.44992489746247,4705.24265152793,4710.76833464208,4713.19853903806,4715.33799894444,4718.65455609473,24392.6968094206,1.0000331379022,"clear creek"
"302","log_mean_redds_per_spawner",-0.693165141212752,0.00287618792112686,0.413689604187522,-1.52117339106644,-0.913760926989485,-0.69243119185448,-0.470806187255449,0.133601285223532,20687.8185633659,1.00019235935571,"mill creek"
"303","sigma_redds_per_spawner",0.824116198904739,0.00341843360924944,0.42518181110207,0.381309441228543,0.562484008850233,0.71678282848625,0.952700453528528,1.92306274191294,15470.1689125269,1.00042268018047,"mill creek"
"304","b1_survival",0.887353000548254,0.00679059218386279,0.785070935549686,-0.684974184183573,0.476309847287567,0.887277903140299,1.30099099240021,2.43310821439753,13366.0321194989,1.00022795329144,"mill creek"
"305","log_redds_per_spawner[1]",-1.12451163027863,0.000265824685570939,0.0667637203467699,-1.25767337796027,-1.16931410603906,-1.12384114347848,-1.07914611841897,-0.995150883415299,63079.8193610842,1.00005618637972,"mill creek"
"306","log_redds_per_spawner[2]",-0.788171759793503,0.000521323599580874,0.129514410262457,-1.04725186784819,-0.874911641463779,-0.785295742593805,-0.698379333431907,-0.543371410281024,61719.3600247186,0.999998563631647,"mill creek"
"307","log_redds_per_spawner[3]",-1.29571459078331,0.000578509246246359,0.143161501130433,-1.5848126455883,-1.39091770641257,-1.29215545999779,-1.19777380570516,-1.0235016614642,61239.5340850084,0.99996033206561,"mill creek"
"308","log_redds_per_spawner[4]",-0.617702372966867,0.006799182321557,0.785677909276121,-2.15883825994593,-1.03308003874513,-0.616943687206714,-0.207654582233035,0.960830515223602,13352.9035074205,1.0002391224713,"mill creek"
"309","log_redds_per_spawner[5]",0.358383772553064,0.000475545997251236,0.117463519522222,0.121233381866953,0.28092876778528,0.361146869790272,0.438004529010482,0.582085040113635,61012.8002202267,0.999986636587697,"mill creek"
"310","log_redds_per_spawner[6]",-0.77357664502533,0.00677467375465185,0.784778073925446,-2.32494761894633,-1.18774680373518,-0.772248526844008,-0.363372800633622,0.805968429673758,13418.9010238547,1.00021960324293,"mill creek"
"311","log_redds_per_spawner[7]",-0.617451796652247,0.000623766168571477,0.156533208061692,-0.934187345082793,-0.720259371388428,-0.614008880118267,-0.510905185650772,-0.320823127070367,62975.1687282147,1.00002440267241,"mill creek"
"312","conversion_rate[1]",0.3255348080568,8.64223019660783e-05,0.0217155446587192,0.284314750541126,0.310579893099131,0.325028911067589,0.339885623846682,0.369667663616855,63137.8505781933,1.00005223581536,"mill creek"
"313","conversion_rate[2]",0.458483331858369,0.000236392018935905,0.0591336344022737,0.350900746908042,0.416898854624158,0.455984827710857,0.497390755504883,0.580786877235171,62575.3841201259,1.00000433456662,"mill creek"
"314","conversion_rate[3]",0.276502920878542,0.000157921049029273,0.0394042262527491,0.204986194589019,0.248846831487101,0.274678086924202,0.301865475653258,0.359334466931415,62259.4912608744,0.999963525597811,"mill creek"
"315","conversion_rate[4]",1.31460357237716,0.000472491696184952,0.115777736205279,1.09770214636982,1.23509398501926,1.31077137741707,1.3906869343955,1.55142743115549,60042.9119441305,1.00004382223336,"mill creek"
"316","conversion_rate[5]",1.44087522675425,0.000676438107910674,0.168659459899495,1.12888834370255,1.32435926355261,1.43497419977847,1.54961192562488,1.78976627752905,62167.7684402985,0.999987287010058,"mill creek"
"317","conversion_rate[6]",1.12667994315195,0.000477167455001543,0.117962361252707,0.906681524774275,1.0451335486604,1.12276197705106,1.20468352126424,1.36741721681999,61114.6437054546,0.999970972664962,"mill creek"
"318","conversion_rate[7]",0.545921548360172,0.000336792874615189,0.0851488380384962,0.392905032034772,0.486626022722878,0.541177000878257,0.599952264769349,0.725551570084684,63919.2487794852,1.00001741070826,"mill creek"
"319","redds_per_spawner[1]",0.3255348080568,8.64223019660783e-05,0.0217155446587192,0.284314750541126,0.310579893099131,0.325028911067589,0.339885623846682,0.369667663616855,63137.8505781933,1.00005223581536,"mill creek"
"320","redds_per_spawner[2]",0.458483331858369,0.000236392018935905,0.0591336344022737,0.350900746908042,0.416898854624158,0.455984827710857,0.497390755504883,0.580786877235171,62575.3841201259,1.00000433456662,"mill creek"
"321","redds_per_spawner[3]",0.276502920878542,0.000157921049029273,0.0394042262527491,0.204986194589019,0.248846831487101,0.274678086924202,0.301865475653258,0.359334466931415,62259.4912608744,0.999963525597811,"mill creek"
"322","redds_per_spawner[4]",0.813082807321344,0.0341091395597344,3.00219630785617,0.115459176729598,0.355909057464068,0.539591079190887,0.812487636136735,2.61386643230183,7747.05510366342,1.00025170618945,"mill creek"
"323","redds_per_spawner[5]",1.44087522675425,0.000676438107910674,0.168659459899495,1.12888834370255,1.32435926355261,1.43497419977847,1.54961192562488,1.78976627752905,62167.7684402985,0.999987287010058,"mill creek"
"324","redds_per_spawner[6]",0.694447471173092,0.0290358780588158,2.5670838327323,0.0977885667769459,0.304907507126579,0.461973140627492,0.69532716737892,2.23886365912533,7816.46118230506,1.0002308160145,"mill creek"
"325","redds_per_spawner[7]",0.545921548360172,0.000336792874615189,0.0851488380384962,0.392905032034772,0.486626022722878,0.541177000878257,0.599952264769349,0.725551570084684,63919.2487794852,1.00001741070826,"mill creek"
"326","predicted_spawners[1]",221.038134670567,0.0586807430349673,14.7448548232703,193.049715617424,210.88374741431,220.694630614893,230.782338591897,251.004343595845,63137.8505781931,1.00005223581536,"mill creek"
"327","predicted_spawners[2]",58.2273831460129,0.0300217864048599,7.50997156908876,44.5643948573213,52.9461545372681,57.9100731192788,63.1686259491201,73.7599334088667,62575.384120126,1.00000433456662,"mill creek"
"328","predicted_spawners[3]",48.3880111537448,0.0276361835801228,6.8957395942311,35.8725840530783,43.5481955102427,48.0686652117353,52.8264582393202,62.8835317129976,62259.4912608743,0.999963525597811,"mill creek"
"329","predicted_spawners[4]",128.831150092962,0.0463041862261252,11.3462181481173,107.574810344242,121.039210531887,128.455594986873,136.287319570759,152.039888253238,60042.9119441307,1.00004382223336,"mill creek"
"330","predicted_spawners[5]",73.4846365644668,0.0344983435034444,8.60163245487426,57.5733055288299,67.5423224411832,73.1836841887021,79.030208206869,91.2780801539815,62167.7684402982,0.999987287010058,"mill creek"
"331","predicted_spawners[6]",90.1343954521563,0.0381733964001234,9.43698890021657,72.534521981942,83.6106838928319,89.8209581640846,96.374681701139,109.393377345599,61114.6437054546,0.999970972664962,"mill creek"
"332","predicted_spawners[7]",39.8522730302926,0.0245858798469088,6.21586517681022,28.6820673385384,35.5236996587701,39.5059210641128,43.7965153281625,52.9652646161819,63919.2487794852,1.00001741070826,"mill creek"
"333","mean_redds_per_spawner",0.547725309581018,0.0025908119876198,0.313333914781469,0.218455402885589,0.401013203017899,0.50035812256575,0.624498602472704,1.14293702301825,14626.5875105163,1.00016761444461,"mill creek"
"334","years[1]",2014,NA,0,2014,2014,2014,2014,2014,NA,NA,"mill creek"
"335","years[2]",2015,NA,0,2015,2015,2015,2015,2015,NA,NA,"mill creek"
"336","years[3]",2016,NA,0,2016,2016,2016,2016,2016,NA,NA,"mill creek"
"337","years[4]",2017,NA,0,2017,2017,2017,2017,2017,NA,NA,"mill creek"
"338","years[5]",2018,NA,0,2018,2018,2018,2018,2018,NA,NA,"mill creek"
"339","years[6]",2019,NA,0,2019,2019,2019,2019,2019,NA,NA,"mill creek"
"340","years[7]",2020,NA,0,2020,2020,2020,2020,2020,NA,NA,"mill creek"
"341","y_pred[1]",2724267.10907715,2718192.90615761,665851920.242996,44.6883634642439,200.733096919096,340.958900236228,579.057891115618,2549.11243058963,60006.0118764618,0.999999975430039,"mill creek"
"342","y_pred[2]",3108.74825875893,2464.25113341319,603646.437575241,8.45890928127398,37.1626139722551,63.2568093219836,108.18912315888,481.248701384236,60006.0934508939,0.999998719100414,"mill creek"
"343","y_pred[3]",732.241053608534,324.332238457898,79064.4945273955,12.0151412051988,51.5238043889298,87.7030415163902,149.406352810417,681.351732442861,59426.8565795636,1.00000854365806,"mill creek"
"344","y_pred[4]",16288.6628889205,16077.0476415605,3938253.50227466,6.52297304103041,28.8225475588303,48.895166019914,83.7135120421221,375.882774655998,60006.0083849608,0.99999986233958,"mill creek"
"345","y_pred[5]",131.498750610952,64.3012160701791,15582.7391400894,3.41552281237868,14.960937727756,25.3775715010479,43.2055238205916,191.551230414279,58728.5432211851,1.0000121366394,"mill creek"
"346","y_pred[6]",129.868040828873,24.1373616117702,5897.12917473767,5.32791934354538,23.4634440689246,39.8475979207968,68.1444798304683,306.417085546857,59690.0150337211,1.00000088792665,"mill creek"
"347","y_pred[7]",162.53713875975,34.3833389927656,8193.53935942651,4.90143525314812,21.4593840250282,36.6577068624403,62.182707711343,282.061859267331,56786.7469154668,1.00000929293205,"mill creek"
"348","RE_draws[1]",-0.6889320513759,0.00466989497548074,1.01886923344606,-2.72090799042991,-1.21864497794358,-0.688859185169553,-0.159218671164447,1.32287938090962,47601.7226108857,1.00002687072066,"mill creek"
"349","RE_draws[2]",-0.697773709032547,0.00473447812590526,1.0246379316278,-2.70896684775151,-1.2288838320426,-0.696984307526781,-0.160306250469002,1.33219707700333,46837.8153017731,1.00000421755082,"mill creek"
"350","RE_draws[3]",-0.6887763732955,0.00469197347689144,1.01377986679421,-2.6786183689092,-1.22274205191887,-0.690829394367706,-0.158116180014803,1.35929267145941,46684.877899622,1.0000353512235,"mill creek"
"351","RE_draws[4]",-0.689132171716767,0.00474612542122815,1.0150278385054,-2.70963721905378,-1.22380949655261,-0.695288941475252,-0.157567080181137,1.34430984115486,45738.0332243666,0.999988015550062,"mill creek"
"352","RE_draws[5]",-0.695862200750467,0.00473712010558946,1.00882144811936,-2.7034950601239,-1.22638297980844,-0.697959860557419,-0.165857279630649,1.32332966185578,45352.3527533567,0.999997988928532,"mill creek"
"353","RE_draws[6]",-0.693980725882748,0.00464642228842906,1.0146662551471,-2.70906584074789,-1.22658299622446,-0.696964509465677,-0.160396480098855,1.34292056199678,47687.9966781716,1.00008277088989,"mill creek"
"354","RE_draws[7]",-0.690688896235665,0.00484873612942547,1.01657121796998,-2.70093137268878,-1.22429740776232,-0.688835752181546,-0.160382491139876,1.35166696135083,43956.0357942838,1.00002953422458,"mill creek"
"355","var_fit",380035434322781440,380002176548047232,93085797131037704192,5529.43779165777,37522.4802354181,100215.300970169,300220.201190156,9898732.48439986,60005.9997695347,0.999999999252198,"mill creek"
"356","var_res",443374691642789504,443335884554260352,1.08600099570154e+20,11862.4135274719,28050.3764452344,62615.2632520229,238727.081462523,11764077.0006575,60005.9997679826,0.99999999925192,"mill creek"
"357","ss_res",661.22071538097,2.63953937626944,422.642633899709,138.844670586362,364.496835419222,564.376873916293,851.52037515319,1748.8087527269,25638.3645323144,1.00003775037623,"mill creek"
"358","y_pred_mu",392117.237886948,388362.971556714,95123406.9780295,39.1036489790319,78.4687825803052,108.838085588374,160.630312820343,693.897587465147,59992.8042450923,0.999999858318373,"mill creek"
"359","R2_data",0.972289139629607,0.000110619503286152,0.0177123776405314,0.926709805010547,0.964313939854683,0.976347733237059,0.984724433647042,0.994181208800188,25638.3645323145,1.00003775037623,"mill creek"
"360","R2_fixed",0.45590173717315,0.00076779404533739,0.156127102017003,0.234458544474571,0.340421425992327,0.429750901465338,0.537424472059872,0.871575075931827,41349.2006081129,1.00000393028098,"mill creek"
"361","spawner_abundance_forecast[1]",431.291684699044,141.945423229237,34748.9709895192,12.2194158087835,53.7702838185749,91.4941395687363,156.275060810632,691.34829904705,59929.5627223121,0.999993298930904,"mill creek"
"362","spawner_abundance_forecast[2]",23470.888117686,17655.267393375,3768583.79506016,23.0540417457968,122.305493724796,222.757358103834,406.035588166338,2138.71272332257,45562.5218310815,1.00001044172631,"mill creek"
"363","rps_forecast",-0.693464780934701,0.00465416910106552,1.01768182134005,-2.70802006917659,-1.22632524637725,-0.694771293943243,-0.159428550623712,1.32759749036822,47812.3088914359,0.999993018457971,"mill creek"
"364","lp__",2446.84263914925,0.0198167431579749,2.54227292890577,2440.81611566859,2445.43208211707,2447.23224833391,2448.68568969857,2450.63304955939,16458.1033327696,1.00021480295481,"mill creek"
"365","log_mean_redds_per_spawner",-0.533255551164495,0.0024117759624504,0.289784507293419,-1.09487577829967,-0.679099337296864,-0.530471861851453,-0.381100650599227,0.0168276217571456,14436.9815539392,1.00004935573445,"deer creek"
"366","sigma_redds_per_spawner",0.550097266302129,0.00333102334436206,0.298310457751445,0.252610138124969,0.373533049966619,0.477524165897934,0.634649395931181,1.27562790381281,8020.133628863,1.00015591378293,"deer creek"
"367","b1_survival",0.454731472190775,0.00545377055026443,0.528596005481065,-0.565446764844662,0.177310196561671,0.449781498093009,0.725945956847839,1.46973975314794,9394.07512434534,1.00013089155707,"deer creek"
"368","log_redds_per_spawner[1]",-0.241088590479974,0.000156536446431872,0.0394837050852857,-0.318873939422754,-0.267772844929572,-0.240917229251937,-0.213968699832572,-0.164692689971402,63621.6396640163,0.999975779108304,"deer creek"
"369","log_redds_per_spawner[2]",-0.977716287688968,0.00039219873255518,0.0978178302257744,-1.17312474050421,-1.04316654141077,-0.97581328852718,-0.910951500800755,-0.789875364014343,62204.7685667723,0.999993901634926,"deer creek"
"370","log_redds_per_spawner[3]",-0.219083866763886,0.000238780852965096,0.0608741946484274,-0.339227550552437,-0.259967630155561,-0.218828519752352,-0.177527887585577,-0.101398291943284,64993.1309254962,0.999966325503386,"deer creek"
"371","log_redds_per_spawner[4]",-0.164204341565095,0.00543131970666514,0.528724218772865,-1.16778122403852,-0.434271691654383,-0.162542842062613,0.110209202231094,0.866560416979218,9476.49358722854,1.00011932321971,"deer creek"
"372","log_redds_per_spawner[5]",-0.433160786267318,0.000388464238753436,0.09645336730332,-0.6263133080619,-0.497547095890544,-0.431278771039656,-0.367027709724825,-0.248445861332429,61649.9457261122,1.00002574554821,"deer creek"
"373","log_redds_per_spawner[6]",-0.901110088355412,0.005453084829809,0.528667049726944,-1.91680389233547,-1.17110514759412,-0.895847487122505,-0.624312979419344,0.120529029858017,9398.96383144103,1.00011476239819,"deer creek"
"374","log_redds_per_spawner[7]",-0.790256254147252,0.000609624458785587,0.150255973055394,-1.09619749372542,-0.888375067756499,-0.786815172961209,-0.687206844616789,-0.506649680144312,60748.9428220261,0.999993989349679,"deer creek"
"375","conversion_rate[1]",0.78638444766959,0.000122913294670852,0.0310391786891652,0.726967185434744,0.765081553519648,0.785906673779603,0.807373655557835,0.848154310368563,63770.9258339698,0.999975534546766,"deer creek"
"376","conversion_rate[2]",0.377967553561486,0.000147686125697402,0.0368886002484557,0.309398638755376,0.352337223245035,0.376885712061305,0.402141404068366,0.453901364201341,62388.5593020436,0.99999227693495,"deer creek"
"377","conversion_rate[3]",0.804742547223119,0.000191827749291475,0.0489605188897748,0.712320341758828,0.771076545027433,0.803459483776126,0.837337647686052,0.903573075331663,65143.2109213289,0.999965249562579,"deer creek"
"378","conversion_rate[4]",1.34016119019745,0.000366680130806407,0.0901243438637015,1.16930004743379,1.27874957318219,1.3381420009363,1.39973044890561,1.52234127437453,60410.0891503974,1.00001546426305,"deer creek"
"379","conversion_rate[5]",0.65146963133708,0.000250856092605458,0.062671431659764,0.53455892677287,0.608020247426619,0.649677774179916,0.692790447770788,0.7800120885164,62415.1365462107,1.00002152156197,"deer creek"
"380","conversion_rate[6]",0.640782285853749,0.000134415701405261,0.0328211541106211,0.577809702042541,0.618351000460397,0.640236307042051,0.662642463996828,0.706402065016527,59622.158052898,1.00002858303946,"deer creek"
"381","conversion_rate[7]",0.458840818260446,0.000274671063870616,0.0685659138518978,0.3341392376514,0.411323582975565,0.455292516607303,0.502979007364442,0.602510805063009,62314.7300670062,0.999993905398371,"deer creek"
"382","redds_per_spawner[1]",0.78638444766959,0.000122913294670852,0.0310391786891652,0.726967185434744,0.765081553519648,0.785906673779603,0.807373655557835,0.848154310368563,63770.9258339698,0.999975534546766,"deer creek"
"383","redds_per_spawner[2]",0.377967553561486,0.000147686125697402,0.0368886002484557,0.309398638755376,0.352337223245035,0.376885712061305,0.402141404068366,0.453901364201341,62388.5593020436,0.99999227693495,"deer creek"
"384","redds_per_spawner[3]",0.804742547223119,0.000191827749291475,0.0489605188897748,0.712320341758828,0.771076545027433,0.803459483776126,0.837337647686052,0.903573075331663,65143.2109213289,0.999965249562579,"deer creek"
"385","redds_per_spawner[4]",0.989668319728643,0.011215483747897,1.28697805172321,0.311056340668669,0.647736247047935,0.849979674569114,1.11651162278142,2.37871497884467,13167.5889308072,1.00009620206476,"deer creek"
"386","redds_per_spawner[5]",0.65146963133708,0.000250856092605458,0.062671431659764,0.53455892677287,0.608020247426619,0.649677774179916,0.692790447770788,0.7800120885164,62415.1365462107,1.00002152156197,"deer creek"
"387","redds_per_spawner[6]",0.473026122162183,0.00533572741858789,0.61766918336532,0.147076283519583,0.310024129461553,0.408261455692891,0.535629290487116,1.12809349545392,13400.6109287589,1.00009995047838,"deer creek"
"388","redds_per_spawner[7]",0.458840818260446,0.000274671063870616,0.0685659138518978,0.3341392376514,0.411323582975565,0.455292516607303,0.502979007364442,0.602510805063009,62314.7300670062,0.999993905398371,"deer creek"
"389","predicted_spawners[1]",639.330555955377,0.0999285085674028,25.2348522742913,591.024321758447,622.011303011474,638.942125782817,656.39478196852,689.549454329642,63770.9258339695,0.999975534546766,"deer creek"
"390","predicted_spawners[2]",101.295304354478,0.0395798816869037,9.88614486658613,82.9188351864407,94.4263758296694,101.00537083243,107.773896290322,121.645565605959,62388.5593020435,0.99999227693495,"deer creek"
"391","predicted_spawners[3]",266.369783130852,0.0634949850154783,16.2059317525154,235.778033122172,255.22633640408,265.945089129898,277.158761384083,299.082687934781,65143.2109213291,0.999965249562579,"deer creek"
"392","predicted_spawners[4]",217.106112811986,0.059402181190638,14.6001437059196,189.426607684273,207.157430855514,216.779004151681,226.756332722709,246.619286448674,60410.0891503973,1.00001546426305,"deer creek"
"393","predicted_spawners[5]",103.583671382596,0.0398861187242682,9.96475763390248,84.9948693568863,96.6752193408324,103.298766094607,110.153681195555,124.021922074108,62415.1365462097,1.00002152156197,"deer creek"
"394","predicted_spawners[6]",374.857637224443,0.0786331853220772,19.2003751547134,338.018675694886,361.735335269332,374.5382396196,387.645841438144,413.245208034668,59622.1580528984,1.00002858303946,"deer creek"
"395","predicted_spawners[7]",41.2956736434401,0.0247203957483554,6.17093224667081,30.072531388626,37.0191224678008,40.9763264946573,45.2681106627998,54.2259724556708,62314.7300670061,0.999993905398371,"deer creek"
"396","mean_redds_per_spawner",0.611292146447403,0.00152239475813025,0.204699314613856,0.334581166661113,0.507073488940156,0.588327294964801,0.683109130829053,1.01697000508349,18079.1587069013,1.00002389490105,"deer creek"
"397","years[1]",2014,NA,0,2014,2014,2014,2014,2014,NA,NA,"deer creek"
"398","years[2]",2015,NA,0,2015,2015,2015,2015,2015,NA,NA,"deer creek"
"399","years[3]",2016,NA,0,2016,2016,2016,2016,2016,NA,NA,"deer creek"
"400","years[4]",2017,NA,0,2017,2017,2017,2017,2017,NA,NA,"deer creek"
"401","years[5]",2018,NA,0,2018,2018,2018,2018,2018,NA,NA,"deer creek"
"402","years[6]",2019,NA,0,2019,2019,2019,2019,2019,NA,NA,"deer creek"
"403","years[7]",2020,NA,0,2020,2020,2020,2020,2020,NA,NA,"deer creek"
"404","y_pred[1]",665.84306471945,15.6815141611636,3693.29700585599,126.407732181507,334.005423504255,480.054193027721,684.04384789326,1841.92976447822,55469.2736184289,0.999990636361987,"deer creek"
"405","y_pred[2]",241.281724829152,18.4504386857135,4499.69361812517,41.2489603637657,110.537204825815,157.644160986648,225.400166681194,595.794365468912,59477.4710932458,0.999983163308363,"deer creek"
"406","y_pred[3]",348.758055356686,46.9129546220361,11281.1148836314,50.5880713159812,137.052348781247,194.900583851596,277.217734620419,745.378109562845,57825.376853065,0.999980037384781,"deer creek"
"407","y_pred[4]",393.59761944646,241.431202950282,59138.2521599324,24.7757934341822,66.678160805792,94.9496426862949,135.361288097151,360.355784115275,59999.8511392266,0.999999970940907,"deer creek"
"408","y_pred[5]",134.474328823135,5.5637537690973,1334.32595090755,24.0988467450874,65.3712700702203,93.2321992777664,133.117177975741,360.484418836988,57515.9188311221,0.999976282526417,"deer creek"
"409","y_pred[6]",685.927710953343,177.424164557673,43199.581175073,87.8767335178449,242.847098424626,345.321855111979,494.456392075506,1310.81341506093,59283.4589093758,0.999992781346116,"deer creek"
"410","y_pred[7]",168.352470222398,91.2900823692549,22358.7113576273,13.59942462011,36.9159655744334,52.9598857284835,75.1538269411455,198.959910851611,59985.5079773277,0.999997887709142,"deer creek"
"411","RE_draws[1]",-0.530366972380791,0.003359820740203,0.684689006592975,-1.86121845743727,-0.889573878666374,-0.526832109878299,-0.172709088922174,0.817837976492799,41529.2890509234,1.00001651855696,"deer creek"
"412","RE_draws[2]",-0.534163212026789,0.00360127003929316,0.68531723647113,-1.87136107338769,-0.88563482099219,-0.530646633154763,-0.173109639462688,0.798908602504271,36213.6194915135,0.999964846208492,"deer creek"
"413","RE_draws[3]",-0.533054681916687,0.00349799194219365,0.690627103147361,-1.87840257170104,-0.881755414644309,-0.529628773398387,-0.177315132643215,0.811773243594231,38980.6993390387,1.00002848458011,"deer creek"
"414","RE_draws[4]",-0.536277316048067,0.00321240164936079,0.688092002644818,-1.87772922994703,-0.887718860137537,-0.534249661158686,-0.179648923344507,0.799495494496171,45881.0491387652,1.00010108062139,"deer creek"
"415","RE_draws[5]",-0.536261666139928,0.00355132878938228,0.6925158426318,-1.88674022316698,-0.888821335838038,-0.533811054448839,-0.177674424473559,0.818544532081281,38025.7389365459,1.00004092801741,"deer creek"
"416","RE_draws[6]",-0.529207652500506,0.00320844554135161,0.686837853829287,-1.89567677024993,-0.879179826645811,-0.527134951730755,-0.168152886519441,0.806791303721631,45826.7544494154,1.0000715286614,"deer creek"
"417","RE_draws[7]",-0.536915303622476,0.00331443643211507,0.688527851361084,-1.8897821860945,-0.891165541477752,-0.530274916449311,-0.180272631407784,0.793293680805857,43154.2563132376,1.00001284693946,"deer creek"
"418","var_fit",5107558436.88035,3353058935.63327,821393035268.172,32447.3364136955,114316.875241582,213032.905381524,437073.116353683,4650287.37005154,60009.451640782,0.999988502475512,"deer creek"
"419","var_res",6026453074.57949,3936983015.09057,964435586249.22,30269.9606773987,83467.32911596,150009.734160173,279405.206169521,4544792.05116941,60009.4119940451,0.999988346485751,"deer creek"
"420","ss_res",1735.93544637016,7.26790944806167,1158.50152257534,325.250745747443,915.422683119064,1463.61051426476,2252.05484965012,4713.34032673627,25408.2177295098,0.999990718975741,"deer creek"
"421","y_pred_mu",376.890710621518,47.4278501092214,11458.2314288022,113.600373165622,180.764154707062,222.606177769141,280.19145585973,635.324523482054,58367.1250530601,0.999985117239073,"deer creek"
"422","R2_data",0.993258682640023,2.82241394606031e-05,0.00449891523444998,0.981696253144352,0.991254388816525,0.994316227029819,0.996445055120955,0.998736923943089,25408.2177295103,0.999990718975742,"deer creek"
"423","R2_fixed",0.430225595544233,0.00102514479354951,0.220425609888401,0.101332517981882,0.247390475200099,0.406380577826388,0.577199976805494,0.896991358853099,46233.1710003781,0.999999373373932,"deer creek"
"424","spawner_abundance_forecast[1]",296.969726773088,13.2029715951469,2974.85236172463,53.4556162730074,141.746537892532,202.280627948501,287.881250236153,778.80762368402,50767.6962483369,0.999996779143881,"deer creek"
"425","spawner_abundance_forecast[2]",3412.08249700663,2222.21218821493,537650.28457404,72.0332878529472,213.518377953223,317.936268915679,471.626110580533,1443.3627666838,58536.7638930566,1.00003761932308,"deer creek"
"426","rps_forecast",-0.532809809098266,0.00341757937007395,0.689223078010039,-1.86178995100807,-0.886601139489581,-0.530985676837774,-0.1780935878504,0.817122367718042,40670.7707778256,1.00002766199633,"deer creek"
"427","lp__",8369.36065147587,0.0215874328321625,2.53257713930347,8363.35103245087,8367.9380330352,8369.74956444184,8371.20523304448,8373.14827093981,13763.3250272298,1.00014898982084,"deer creek"
