StudyID,FishID,GEN,time,local_time,GenRKM,Region,GenLat,GenLon,Rel_date,RelRKM,release_latitude,release_longitude,Rel_loc
Butte_Sink_2021,BS2021-001,Laux Rd,2021-04-07T15:20:00Z,2021-04-07 07:20:00.000000,276,Butte Creek,39.24048,-121.9482,4/7/2021 7:20:00,276,39.24048,-121.9482,Laux Rd
Butte_Sink_2021,BS2021-002,Laux Rd,2021-04-07T15:20:00Z,2021-04-07 07:20:00.000000,276,Butte Creek,39.24048,-121.9482,4/7/2021 7:20:00,276,39.24048,-121.9482,Laux Rd
Butte_Sink_2021,BS2021-002,UpperButte3,2021-04-08T10:20:15Z,2021-04-08 02:20:15.614700,267.216,Butte Creek,39.1876,-121.90903,4/7/2021 7:20:00,276,39.24048,-121.9482,Laux Rd
Butte_Sink_2021,BS2021-004,Laux Rd,2021-04-07T15:20:00Z,2021-04-07 07:20:00.000000,276,Butte Creek,39.24048,-121.9482,4/7/2021 7:20:00,276,39.24048,-121.9482,Laux Rd
Butte_Sink_2021,BS2021-004,UpperButte3,2021-04-08T08:20:10Z,2021-04-08 00:20:10.116300,267.216,Butte Creek,39.1876,-121.90903,4/7/2021 7:20:00,276,39.24048,-121.9482,Laux Rd
Butte_Sink_2021,BS2021-006,Butte_Slough_Outfall_Gate,2021-04-09T00:06:01Z,2021-04-08 16:06:01.312600,270.487,Butte Creek,39.19517,-121.93591,4/7/2021 7:20:00,276,39.24048,-121.9482,Laux Rd
Butte_Sink_2021,BS2021-006,Butte_Slough_Outfall_Gate,2021-04-09T09:45:17Z,2021-04-09 01:45:17.352400,270.487,Butte Creek,39.19517,-121.93591,4/7/2021 7:20:00,276,39.24048,-121.9482,Laux Rd
Butte_Sink_2021,BS2021-006,Butte_Slough_Outfall_Gate,2021-04-09T13:19:33Z,2021-04-09 05:19:33.310700,270.487,Butte Creek,39.19517,-121.93591,4/7/2021 7:20:00,276,39.24048,-121.9482,Laux Rd
Butte_Sink_2021,BS2021-006,Butte_Slough_Outfall_Gate,2021-04-09T14:35:25Z,2021-04-09 06:35:25.735100,270.487,Butte Creek,39.19517,-121.93591,4/7/2021 7:20:00,276,39.24048,-121.9482,Laux Rd
Butte_Sink_2021,BS2021-006,Butte_Slough_Outfall_Gate,2021-04-09T20:38:22Z,2021-04-09 12:38:22.145700,270.487,Butte Creek,39.19517,-121.93591,4/7/2021 7:20:00,276,39.24048,-121.9482,Laux Rd
Butte_Sink_2021,BS2021-006,Butte_Slough_Outfall_Gate,2021-04-10T00:26:37Z,2021-04-09 16:26:37.480500,270.487,Butte Creek,39.19517,-121.93591,4/7/2021 7:20:00,276,39.24048,-121.9482,Laux Rd
Butte_Sink_2021,BS2021-006,Butte_Slough_Outfall_Gate,2021-04-10T13:02:51Z,2021-04-10 05:02:51.117200,270.487,Butte Creek,39.19517,-121.93591,4/7/2021 7:20:00,276,39.24048,-121.9482,Laux Rd
Butte_Sink_2021,BS2021-006,Butte_Slough_Outfall_Gate,2021-04-10T16:28:14Z,2021-04-10 08:28:14.907900,270.487,Butte Creek,39.19517,-121.93591,4/7/2021 7:20:00,276,39.24048,-121.9482,Laux Rd
Butte_Sink_2021,BS2021-006,Butte_Slough_Outfall_Gate,2021-04-11T10:22:33Z,2021-04-11 02:22:33.420900,270.487,Butte Creek,39.19517,-121.93591,4/7/2021 7:20:00,276,39.24048,-121.9482,Laux Rd
Butte_Sink_2021,BS2021-006,Butte_Slough_Outfall_Gate,2021-04-11T12:47:49Z,2021-04-11 04:47:49.957300,270.487,Butte Creek,39.19517,-121.93591,4/7/2021 7:20:00,276,39.24048,-121.9482,Laux Rd
Butte_Sink_2021,BS2021-006,Butte_Slough_Outfall_Gate,2021-04-11T16:51:03Z,2021-04-11 08:51:03.332000,270.487,Butte Creek,39.19517,-121.93591,4/7/2021 7:20:00,276,39.24048,-121.9482,Laux Rd
Butte_Sink_2021,BS2021-006,Butte_Slough_Outfall_Gate,2021-04-12T12:05:11Z,2021-04-12 04:05:11.944900,270.487,Butte Creek,39.19517,-121.93591,4/7/2021 7:20:00,276,39.24048,-121.9482,Laux Rd
Butte_Sink_2021,BS2021-006,Butte_Slough_Outfall_Gate,2021-04-12T17:56:59Z,2021-04-12 09:56:59.903400,270.487,Butte Creek,39.19517,-121.93591,4/7/2021 7:20:00,276,39.24048,-121.9482,Laux Rd
Butte_Sink_2021,BS2021-006,Butte_Slough_Outfall_Gate,2021-04-12T19:41:59Z,2021-04-12 11:41:59.796800,270.487,Butte Creek,39.19517,-121.93591,4/7/2021 7:20:00,276,39.24048,-121.9482,Laux Rd
Butte_Sink_2021,BS2021-006,Butte_Slough_Outfall_Gate,2021-04-13T02:43:06Z,2021-04-12 18:43:06.337599,270.487,Butte Creek,39.19517,-121.93591,4/7/2021 7:20:00,276,39.24048,-121.9482,Laux Rd
Butte_Sink_2021,BS2021-006,Butte_Slough_Outfall_Gate,2021-04-13T12:25:09Z,2021-04-13 04:25:09.196900,270.487,Butte Creek,39.19517,-121.93591,4/7/2021 7:20:00,276,39.24048,-121.9482,Laux Rd
Butte_Sink_2021,BS2021-006,Butte_Slough_Outfall_Gate,2021-04-14T13:47:44Z,2021-04-14 05:47:44.849300,270.487,Butte Creek,39.19517,-121.93591,4/7/2021 7:20:00,276,39.24048,-121.9482,Laux Rd
Butte_Sink_2021,BS2021-006,Butte_Slough_Outfall_Gate,2021-04-14T14:49:13Z,2021-04-14 06:49:13.897700,270.487,Butte Creek,39.19517,-121.93591,4/7/2021 7:20:00,276,39.24048,-121.9482,Laux Rd
Butte_Sink_2021,BS2021-006,Butte_Slough_Outfall_Gate,2021-04-15T10:25:53Z,2021-04-15 02:25:53.324500,270.487,Butte Creek,39.19517,-121.93591,4/7/2021 7:20:00,276,39.24048,-121.9482,Laux Rd
Butte_Sink_2021,BS2021-006,Butte_Slough_Outfall_Gate,2021-04-16T10:51:54Z,2021-04-16 02:51:54.394400,270.487,Butte Creek,39.19517,-121.93591,4/7/2021 7:20:00,276,39.24048,-121.9482,Laux Rd
Butte_Sink_2021,BS2021-006,Butte_Slough_Outfall_Gate,2021-04-16T13:30:36Z,2021-04-16 05:30:36.350399,270.487,Butte Creek,39.19517,-121.93591,4/7/2021 7:20:00,276,39.24048,-121.9482,Laux Rd
Butte_Sink_2021,BS2021-006,Laux Rd,2021-04-07T15:20:00Z,2021-04-07 07:20:00.000000,276,Butte Creek,39.24048,-121.9482,4/7/2021 7:20:00,276,39.24048,-121.9482,Laux Rd
Butte_Sink_2021,BS2021-006,UpperButte3,2021-04-19T13:56:07Z,2021-04-19 05:56:07.018599,267.216,Butte Creek,39.1876,-121.90903,4/7/2021 7:20:00,276,39.24048,-121.9482,Laux Rd
Butte_Sink_2021,BS2021-007,Laux Rd,2021-04-07T15:20:00Z,2021-04-07 07:20:00.000000,276,Butte Creek,39.24048,-121.9482,4/7/2021 7:20:00,276,39.24048,-121.9482,Laux Rd
Butte_Sink_2021,BS2021-007,UpperButte3,2021-04-08T06:23:56Z,2021-04-07 22:23:56.996200,267.216,Butte Creek,39.1876,-121.90903,4/7/2021 7:20:00,276,39.24048,-121.9482,Laux Rd
Butte_Sink_2021,BS2021-009,Laux Rd,2021-04-07T15:20:00Z,2021-04-07 07:20:00.000000,276,Butte Creek,39.24048,-121.9482,4/7/2021 7:20:00,276,39.24048,-121.9482,Laux Rd
Butte_Sink_2021,BS2021-009,UpperButte3,2021-04-10T16:25:24Z,2021-04-10 08:25:24.068400,267.216,Butte Creek,39.1876,-121.90903,4/7/2021 7:20:00,276,39.24048,-121.9482,Laux Rd
Butte_Sink_2021,BS2021-010,Abv_Clarksburg,2021-04-14T11:47:29Z,2021-04-14 03:47:29.105199,147.668,Lower Sac R,38.43443,-121.52448,4/7/2021 7:20:00,276,39.24048,-121.9482,Laux Rd
Butte_Sink_2021,BS2021-010,Abv_Clarksburg,2021-04-14T16:05:37Z,2021-04-14 08:05:37.371100,147.668,Lower Sac R,38.43443,-121.52448,4/7/2021 7:20:00,276,39.24048,-121.9482,Laux Rd
Butte_Sink_2021,BS2021-010,Abv_Clarksburg,2021-04-15T00:03:34Z,2021-04-14 16:03:34.382900,147.668,Lower Sac R,38.43443,-121.52448,4/7/2021 7:20:00,276,39.24048,-121.9482,Laux Rd
Butte_Sink_2021,BS2021-010,Abv_Clarksburg,2021-04-15T09:51:44Z,2021-04-15 01:51:44.532700,147.668,Lower Sac R,38.43443,-121.52448,4/7/2021 7:20:00,276,39.24048,-121.9482,Laux Rd
Butte_Sink_2021,BS2021-010,Abv_FremontWeir,2021-04-10T23:34:11Z,2021-04-10 15:34:11.871100,215.18,Lower Sac R,38.76009,-121.67145,4/7/2021 7:20:00,276,39.24048,-121.9482,Laux Rd
Butte_Sink_2021,BS2021-010,AbvTisdale,2021-04-09T23:22:16Z,2021-04-09 15:22:16.223799,269.238,Lower Sac R,39.0364,-121.82918,4/7/2021 7:20:00,276,39.24048,-121.9482,Laux Rd
Butte_Sink_2021,BS2021-010,AbvTisdale,2021-04-09T23:25:30Z,2021-04-09 15:25:30.365700,269.238,Lower Sac R,39.0364,-121.82918,4/7/2021 7:20:00,276,39.24048,-121.9482,Laux Rd
Butte_Sink_2021,BS2021-010,AbvTisdale,2021-04-09T23:25:54Z,2021-04-09 15:25:54.729200,269.238,Lower Sac R,39.0364,-121.82918,4/7/2021 7:20:00,276,39.24048,-121.9482,Laux Rd
Butte_Sink_2021,BS2021-010,AbvTisdale,2021-04-09T23:26:04Z,2021-04-09 15:26:04.360200,269.238,Lower Sac R,39.0364,-121.82918,4/7/2021 7:20:00,276,39.24048,-121.9482,Laux Rd
Butte_Sink_2021,BS2021-010,AbvTisdale,2021-04-09T23:26:04Z,2021-04-09 15:26:04.442999,269.238,Lower Sac R,39.0364,-121.82918,4/7/2021 7:20:00,276,39.24048,-121.9482,Laux Rd
Butte_Sink_2021,BS2021-010,AbvTisdale,2021-04-09T23:26:09Z,2021-04-09 15:26:09.218100,269.238,Lower Sac R,39.0364,-121.82918,4/7/2021 7:20:00,276,39.24048,-121.9482,Laux Rd
Butte_Sink_2021,BS2021-010,AbvTisdale,2021-04-09T23:26:09Z,2021-04-09 15:26:09.298800,269.238,Lower Sac R,39.0364,-121.82918,4/7/2021 7:20:00,276,39.24048,-121.9482,Laux Rd
Butte_Sink_2021,BS2021-010,AbvTisdale,2021-04-09T23:26:14Z,2021-04-09 15:26:14.075800,269.238,Lower Sac R,39.0364,-121.82918,4/7/2021 7:20:00,276,39.24048,-121.9482,Laux Rd
Butte_Sink_2021,BS2021-010,AbvTisdale,2021-04-09T23:26:19Z,2021-04-09 15:26:19.013300,269.238,Lower Sac R,39.0364,-121.82918,4/7/2021 7:20:00,276,39.24048,-121.9482,Laux Rd
Butte_Sink_2021,BS2021-010,AbvTisdale,2021-04-09T23:26:23Z,2021-04-09 15:26:23.796600,269.238,Lower Sac R,39.0364,-121.82918,4/7/2021 7:20:00,276,39.24048,-121.9482,Laux Rd
Butte_Sink_2021,BS2021-010,AbvTisdale,2021-04-09T23:26:28Z,2021-04-09 15:26:28.726900,269.238,Lower Sac R,39.0364,-121.82918,4/7/2021 7:20:00,276,39.24048,-121.9482,Laux Rd
Butte_Sink_2021,BS2021-010,AbvTisdale,2021-04-09T23:26:38Z,2021-04-09 15:26:38.380900,269.238,Lower Sac R,39.0364,-121.82918,4/7/2021 7:20:00,276,39.24048,-121.9482,Laux Rd
Butte_Sink_2021,BS2021-010,AbvTisdale,2021-04-09T23:26:53Z,2021-04-09 15:26:53.019000,269.238,Lower Sac R,39.0364,-121.82918,4/7/2021 7:20:00,276,39.24048,-121.9482,Laux Rd
Butte_Sink_2021,BS2021-010,AbvTisdale,2021-04-09T23:27:02Z,2021-04-09 15:27:02.690699,269.238,Lower Sac R,39.0364,-121.82918,4/7/2021 7:20:00,276,39.24048,-121.9482,Laux Rd
Butte_Sink_2021,BS2021-010,AbvTisdale,2021-04-09T23:27:02Z,2021-04-09 15:27:02.736199,269.238,Lower Sac R,39.0364,-121.82918,4/7/2021 7:20:00,276,39.24048,-121.9482,Laux Rd
Butte_Sink_2021,BS2021-010,AbvTisdale,2021-04-09T23:27:12Z,2021-04-09 15:27:12.414800,269.238,Lower Sac R,39.0364,-121.82918,4/7/2021 7:20:00,276,39.24048,-121.9482,Laux Rd
Butte_Sink_2021,BS2021-010,AbvTisdale,2021-04-09T23:27:12Z,2021-04-09 15:27:12.454600,269.238,Lower Sac R,39.0364,-121.82918,4/7/2021 7:20:00,276,39.24048,-121.9482,Laux Rd
Butte_Sink_2021,BS2021-010,Blw_Elkhorn_GS1,2021-04-11T23:31:54Z,2021-04-11 15:31:54.947100,191.92,Lower Sac R,38.64737,-121.57771,4/7/2021 7:20:00,276,39.24048,-121.9482,Laux Rd
Butte_Sink_2021,BS2021-010,Blw_Elkhorn_GS1,2021-04-11T23:33:06Z,2021-04-11 15:33:06.264699,191.92,Lower Sac R,38.64737,-121.57771,4/7/2021 7:20:00,276,39.24048,-121.9482,Laux Rd
Butte_Sink_2021,BS2021-010,Blw_Elkhorn_GS1,2021-04-11T23:33:11Z,2021-04-11 15:33:11.003100,191.92,Lower Sac R,38.64737,-121.57771,4/7/2021 7:20:00,276,39.24048,-121.9482,Laux Rd
Butte_Sink_2021,BS2021-010,Blw_Elkhorn_GS1,2021-04-11T23:33:11Z,2021-04-11 15:33:11.334800,191.92,Lower Sac R,38.64737,-121.57771,4/7/2021 7:20:00,276,39.24048,-121.9482,Laux Rd
Butte_Sink_2021,BS2021-010,Blw_Elkhorn_GS1,2021-04-11T23:33:16Z,2021-04-11 15:33:16.074200,191.92,Lower Sac R,38.64737,-121.57771,4/7/2021 7:20:00,276,39.24048,-121.9482,Laux Rd
Butte_Sink_2021,BS2021-010,Blw_Elkhorn_GS1,2021-04-11T23:34:42Z,2021-04-11 15:34:42.581600,191.92,Lower Sac R,38.64737,-121.57771,4/7/2021 7:20:00,276,39.24048,-121.9482,Laux Rd
Butte_Sink_2021,BS2021-010,Blw_FRConf,2021-04-11T13:35:04Z,2021-04-11 05:35:04.949300,203.468,Lower Sac R,38.778105,-121.607845,4/7/2021 7:20:00,276,39.24048,-121.9482,Laux Rd
Butte_Sink_2021,BS2021-010,Blw_FRConf,2021-04-11T13:35:04Z,2021-04-11 05:35:04.949300,203.468,Lower Sac R,38.778105,-121.607845,4/7/2021 7:20:00,276,39.24048,-121.9482,Laux Rd
Butte_Sink_2021,BS2021-010,Blw_FRConf,2021-04-11T13:40:41Z,2021-04-11 05:40:41.720700,203.468,Lower Sac R,38.778105,-121.607845,4/7/2021 7:20:00,276,39.24048,-121.9482,Laux Rd
Butte_Sink_2021,BS2021-010,Blw_FRConf,2021-04-11T13:40:41Z,2021-04-11 05:40:41.720700,203.468,Lower Sac R,38.778105,-121.607845,4/7/2021 7:20:00,276,39.24048,-121.9482,Laux Rd
Butte_Sink_2021,BS2021-010,Blw_FremontWeir,2021-04-11T02:45:52Z,2021-04-10 18:45:52.053800,210.36,Lower Sac R,38.77015,-121.6322,4/7/2021 7:20:00,276,39.24048,-121.9482,Laux Rd
Butte_Sink_2021,BS2021-010,Blw_FremontWeir,2021-04-11T02:47:44Z,2021-04-10 18:47:44.987800,210.36,Lower Sac R,38.77015,-121.6322,4/7/2021 7:20:00,276,39.24048,-121.9482,Laux Rd
Butte_Sink_2021,BS2021-010,BlwChinaBend,2021-04-10T10:25:45Z,2021-04-10 02:25:45.147899,240.618,Lower Sac R,38.88406,-121.81713,4/7/2021 7:20:00,276,39.24048,-121.9482,Laux Rd
Butte_Sink_2021,BS2021-010,BlwChinaBend,2021-04-10T10:27:54Z,2021-04-10 02:27:54.259600,240.618,Lower Sac R,38.88406,-121.81713,4/7/2021 7:20:00,276,39.24048,-121.9482,Laux Rd
Butte_Sink_2021,BS2021-010,BlwTisdale,2021-04-10T01:00:21Z,2021-04-09 17:00:21.399700,261.408,Lower Sac R,38.98941,-121.80463,4/7/2021 7:20:00,276,39.24048,-121.9482,Laux Rd
Butte_Sink_2021,BS2021-010,BlwTisdale,2021-04-10T01:04:59Z,2021-04-09 17:04:59.283900,261.408,Lower Sac R,38.98941,-121.80463,4/7/2021 7:20:00,276,39.24048,-121.9482,Laux Rd
Butte_Sink_2021,BS2021-010,Butte_Slough_Outfall_Gate,2021-04-08T07:50:06Z,2021-04-07 23:50:06.584199,270.487,Butte Creek,39.19517,-121.93591,4/7/2021 7:20:00,276,39.24048,-121.9482,Laux Rd
Butte_Sink_2021,BS2021-010,Colusa BC2,2021-04-08T08:52:43Z,2021-04-08 00:52:43.021300,296.278,Lower Sac R,39.184963,-121.943214,4/7/2021 7:20:00,276,39.24048,-121.9482,Laux Rd
Butte_Sink_2021,BS2021-010,Colusa BC3,2021-04-09T18:00:25Z,2021-04-09 10:00:25.969700,287.208,Lower Sac R,39.13132,-121.936554,4/7/2021 7:20:00,276,39.24048,-121.9482,Laux Rd
Butte_Sink_2021,BS2021-010,Colusa BC3,2021-04-09T18:02:44Z,2021-04-09 10:02:44.994400,287.208,Lower Sac R,39.13132,-121.936554,4/7/2021 7:20:00,276,39.24048,-121.9482,Laux Rd
Butte_Sink_2021,BS2021-010,Freeport,2021-04-14T07:24:12Z,2021-04-13 23:24:12.456500,152.438,Lower Sac R,38.46467,-121.50501,4/7/2021 7:20:00,276,39.24048,-121.9482,Laux Rd
Butte_Sink_2021,BS2021-010,Freeport,2021-04-14T07:37:33Z,2021-04-13 23:37:33.584799,152.438,Lower Sac R,38.46467,-121.50501,4/7/2021 7:20:00,276,39.24048,-121.9482,Laux Rd
Butte_Sink_2021,BS2021-010,I80-50_Br,2021-04-12T07:33:31Z,2021-04-11 23:33:31.304100,170.748,Lower Sac R,38.571133,-121.5164,4/7/2021 7:20:00,276,39.24048,-121.9482,Laux Rd
Butte_Sink_2021,BS2021-010,Knights_RST,2021-04-10T21:03:20Z,2021-04-10 13:03:20.009400,222.05,Lower Sac R,38.79348,-121.6914625,4/7/2021 7:20:00,276,39.24048,-121.9482,Laux Rd
Butte_Sink_2021,BS2021-010,Knights_RST,2021-04-10T21:03:20Z,2021-04-10 13:03:20.009400,222.05,Lower Sac R,38.79348,-121.6914625,4/7/2021 7:20:00,276,39.24048,-121.9482,Laux Rd
Butte_Sink_2021,BS2021-010,KnightsBlwRST,2021-04-10T21:17:41Z,2021-04-10 13:17:41.425800,221.58,Lower Sac R,38.78877,-121.694,4/7/2021 7:20:00,276,39.24048,-121.9482,Laux Rd
Butte_Sink_2021,BS2021-010,KnightsBlwRST,2021-04-10T21:19:27Z,2021-04-10 13:19:27.437500,221.58,Lower Sac R,38.78877,-121.694,4/7/2021 7:20:00,276,39.24048,-121.9482,Laux Rd
Butte_Sink_2021,BS2021-010,KnightsBlwRST,2021-04-10T21:19:33Z,2021-04-10 13:19:33.127100,221.58,Lower Sac R,38.78877,-121.694,4/7/2021 7:20:00,276,39.24048,-121.9482,Laux Rd
Butte_Sink_2021,BS2021-010,KnightsBlwRST,2021-04-10T21:20:40Z,2021-04-10 13:20:40.272300,221.58,Lower Sac R,38.78877,-121.694,4/7/2021 7:20:00,276,39.24048,-121.9482,Laux Rd
Butte_Sink_2021,BS2021-010,KnightsBlwRST,2021-04-10T21:20:41Z,2021-04-10 13:20:41.132000,221.58,Lower Sac R,38.78877,-121.694,4/7/2021 7:20:00,276,39.24048,-121.9482,Laux Rd
Butte_Sink_2021,BS2021-010,KnightsBlwRST,2021-04-10T21:20:49Z,2021-04-10 13:20:49.982200,221.58,Lower Sac R,38.78877,-121.694,4/7/2021 7:20:00,276,39.24048,-121.9482,Laux Rd
Butte_Sink_2021,BS2021-010,KnightsBlwRST,2021-04-10T21:21:05Z,2021-04-10 13:21:05.427800,221.58,Lower Sac R,38.78877,-121.694,4/7/2021 7:20:00,276,39.24048,-121.9482,Laux Rd
Butte_Sink_2021,BS2021-010,KnightsBlwRST,2021-04-10T21:22:02Z,2021-04-10 13:22:02.819300,221.58,Lower Sac R,38.78877,-121.694,4/7/2021 7:20:00,276,39.24048,-121.9482,Laux Rd
Butte_Sink_2021,BS2021-010,KnightsBlwRST,2021-04-10T21:22:37Z,2021-04-10 13:22:37.764999,221.58,Lower Sac R,38.78877,-121.694,4/7/2021 7:20:00,276,39.24048,-121.9482,Laux Rd
Butte_Sink_2021,BS2021-010,KnightsBlwRST,2021-04-10T21:25:36Z,2021-04-10 13:25:36.666499,221.58,Lower Sac R,38.78877,-121.694,4/7/2021 7:20:00,276,39.24048,-121.9482,Laux Rd
Butte_Sink_2021,BS2021-010,KnightsBlwRST,2021-04-10T21:25:37Z,2021-04-10 13:25:37.615300,221.58,Lower Sac R,38.78877,-121.694,4/7/2021 7:20:00,276,39.24048,-121.9482,Laux Rd
Butte_Sink_2021,BS2021-010,KnightsBlwRST,2021-04-10T21:25:56Z,2021-04-10 13:25:56.105000,221.58,Lower Sac R,38.78877,-121.694,4/7/2021 7:20:00,276,39.24048,-121.9482,Laux Rd
Butte_Sink_2021,BS2021-010,KnightsBlwRST,2021-04-10T21:26:32Z,2021-04-10 13:26:32.255300,221.58,Lower Sac R,38.78877,-121.694,4/7/2021 7:20:00,276,39.24048,-121.9482,Laux Rd
Butte_Sink_2021,BS2021-010,KnightsBlwRST,2021-04-10T21:27:06Z,2021-04-10 13:27:06.645100,221.58,Lower Sac R,38.78877,-121.694,4/7/2021 7:20:00,276,39.24048,-121.9482,Laux Rd
Butte_Sink_2021,BS2021-010,Laux Rd,2021-04-07T15:20:00Z,2021-04-07 07:20:00.000000,276,Butte Creek,39.24048,-121.9482,4/7/2021 7:20:00,276,39.24048,-121.9482,Laux Rd
Butte_Sink_2021,BS2021-010,Little Pocket_DS of I80,2021-04-12T13:02:55Z,2021-04-12 05:02:55.006199,164.387,Lower Sac R,38.52448,-121.52849,4/7/2021 7:20:00,276,39.24048,-121.9482,Laux Rd
Butte_Sink_2021,BS2021-010,Little Pocket_DS of I80,2021-04-12T13:07:51Z,2021-04-12 05:07:51.991000,164.387,Lower Sac R,38.52448,-121.52849,4/7/2021 7:20:00,276,39.24048,-121.9482,Laux Rd
Butte_Sink_2021,BS2021-010,Little Pocket_DS of I80,2021-04-12T13:07:54Z,2021-04-12 05:07:54.152900,164.387,Lower Sac R,38.52448,-121.52849,4/7/2021 7:20:00,276,39.24048,-121.9482,Laux Rd
Butte_Sink_2021,BS2021-010,Little Pocket_DS of I80,2021-04-12T13:07:57Z,2021-04-12 05:07:57.061100,164.387,Lower Sac R,38.52448,-121.52849,4/7/2021 7:20:00,276,39.24048,-121.9482,Laux Rd
Butte_Sink_2021,BS2021-010,Little Pocket_DS of I80,2021-04-12T13:07:59Z,2021-04-12 05:07:59.222900,164.387,Lower Sac R,38.52448,-121.52849,4/7/2021 7:20:00,276,39.24048,-121.9482,Laux Rd
Butte_Sink_2021,BS2021-010,Little Pocket_DS of I80,2021-04-12T13:16:49Z,2021-04-12 05:16:49.922200,164.387,Lower Sac R,38.52448,-121.52849,4/7/2021 7:20:00,276,39.24048,-121.9482,Laux Rd
Butte_Sink_2021,BS2021-010,Little Pocket_DS of I80,2021-04-12T13:18:05Z,2021-04-12 05:18:05.059800,164.387,Lower Sac R,38.52448,-121.52849,4/7/2021 7:20:00,276,39.24048,-121.9482,Laux Rd
Butte_Sink_2021,BS2021-010,Little Pocket_DS of I80,2021-04-12T13:18:12Z,2021-04-12 05:18:12.638200,164.387,Lower Sac R,38.52448,-121.52849,4/7/2021 7:20:00,276,39.24048,-121.9482,Laux Rd
Butte_Sink_2021,BS2021-010,Little Pocket_DS of I80,2021-04-12T13:18:14Z,2021-04-12 05:18:14.794400,164.387,Lower Sac R,38.52448,-121.52849,4/7/2021 7:20:00,276,39.24048,-121.9482,Laux Rd
Butte_Sink_2021,BS2021-010,Little Pocket_DS of I80,2021-04-12T13:18:22Z,2021-04-12 05:18:22.374100,164.387,Lower Sac R,38.52448,-121.52849,4/7/2021 7:20:00,276,39.24048,-121.9482,Laux Rd
Butte_Sink_2021,BS2021-010,Little Pocket_DS of I80,2021-04-12T13:18:34Z,2021-04-12 05:18:34.264400,164.387,Lower Sac R,38.52448,-121.52849,4/7/2021 7:20:00,276,39.24048,-121.9482,Laux Rd
Butte_Sink_2021,BS2021-010,Little Pocket_DS of I80,2021-04-12T13:19:59Z,2021-04-12 05:19:59.677900,164.387,Lower Sac R,38.52448,-121.52849,4/7/2021 7:20:00,276,39.24048,-121.9482,Laux Rd
Butte_Sink_2021,BS2021-010,Little Pocket_DS of I80,2021-04-12T13:21:24Z,2021-04-12 05:21:24.527000,164.387,Lower Sac R,38.52448,-121.52849,4/7/2021 7:20:00,276,39.24048,-121.9482,Laux Rd
Butte_Sink_2021,BS2021-010,Little Pocket_DS of I80,2021-04-12T13:21:27Z,2021-04-12 05:21:27.238100,164.387,Lower Sac R,38.52448,-121.52849,4/7/2021 7:20:00,276,39.24048,-121.9482,Laux Rd
Butte_Sink_2021,BS2021-010,Little Pocket_DS of I80,2021-04-12T13:21:29Z,2021-04-12 05:21:29.391999,164.387,Lower Sac R,38.52448,-121.52849,4/7/2021 7:20:00,276,39.24048,-121.9482,Laux Rd
Butte_Sink_2021,BS2021-010,Little Pocket_DS of I80,2021-04-12T13:21:32Z,2021-04-12 05:21:32.102900,164.387,Lower Sac R,38.52448,-121.52849,4/7/2021 7:20:00,276,39.24048,-121.9482,Laux Rd
Butte_Sink_2021,BS2021-010,Little Pocket_DS of I80,2021-04-12T13:21:43Z,2021-04-12 05:21:43.984800,164.387,Lower Sac R,38.52448,-121.52849,4/7/2021 7:20:00,276,39.24048,-121.9482,Laux Rd
Butte_Sink_2021,BS2021-010,Little Pocket_DS of I80,2021-04-12T13:21:46Z,2021-04-12 05:21:46.696100,164.387,Lower Sac R,38.52448,-121.52849,4/7/2021 7:20:00,276,39.24048,-121.9482,Laux Rd
Butte_Sink_2021,BS2021-010,Little Pocket_DS of I80,2021-04-12T13:21:48Z,2021-04-12 05:21:48.849799,164.387,Lower Sac R,38.52448,-121.52849,4/7/2021 7:20:00,276,39.24048,-121.9482,Laux Rd
Butte_Sink_2021,BS2021-010,Little Pocket_DS of I80,2021-04-12T13:21:51Z,2021-04-12 05:21:51.560600,164.387,Lower Sac R,38.52448,-121.52849,4/7/2021 7:20:00,276,39.24048,-121.9482,Laux Rd
Butte_Sink_2021,BS2021-010,Little Pocket_DS of I80,2021-04-12T13:21:53Z,2021-04-12 05:21:53.714299,164.387,Lower Sac R,38.52448,-121.52849,4/7/2021 7:20:00,276,39.24048,-121.9482,Laux Rd
Butte_Sink_2021,BS2021-010,Little Pocket_DS of I80,2021-04-12T13:21:56Z,2021-04-12 05:21:56.425500,164.387,Lower Sac R,38.52448,-121.52849,4/7/2021 7:20:00,276,39.24048,-121.9482,Laux Rd
Butte_Sink_2021,BS2021-010,Little Pocket_DS of I80,2021-04-12T13:22:03Z,2021-04-12 05:22:03.443699,164.387,Lower Sac R,38.52448,-121.52849,4/7/2021 7:20:00,276,39.24048,-121.9482,Laux Rd
Butte_Sink_2021,BS2021-010,Little Pocket_DS of I80,2021-04-12T13:23:11Z,2021-04-12 05:23:11.098700,164.387,Lower Sac R,38.52448,-121.52849,4/7/2021 7:20:00,276,39.24048,-121.9482,Laux Rd
Butte_Sink_2021,BS2021-010,Little Pocket_DS of I80,2021-04-12T13:23:18Z,2021-04-12 05:23:18.322800,164.387,Lower Sac R,38.52448,-121.52849,4/7/2021 7:20:00,276,39.24048,-121.9482,Laux Rd
Butte_Sink_2021,BS2021-010,Little Pocket_DS of I80,2021-04-12T13:23:26Z,2021-04-12 05:23:26.310000,164.387,Lower Sac R,38.52448,-121.52849,4/7/2021 7:20:00,276,39.24048,-121.9482,Laux Rd
Butte_Sink_2021,BS2021-010,Little Pocket_DS of I80,2021-04-12T13:24:34Z,2021-04-12 05:24:34.316800,164.387,Lower Sac R,38.52448,-121.52849,4/7/2021 7:20:00,276,39.24048,-121.9482,Laux Rd
Butte_Sink_2021,BS2021-010,Little Pocket_DS of I80,2021-04-12T13:24:52Z,2021-04-12 05:24:52.427999,164.387,Lower Sac R,38.52448,-121.52849,4/7/2021 7:20:00,276,39.24048,-121.9482,Laux Rd
Butte_Sink_2021,BS2021-010,Little Pocket_DS of I80,2021-04-12T13:24:54Z,2021-04-12 05:24:54.579300,164.387,Lower Sac R,38.52448,-121.52849,4/7/2021 7:20:00,276,39.24048,-121.9482,Laux Rd
Butte_Sink_2021,BS2021-010,Little Pocket_DS of I80,2021-04-12T13:25:07Z,2021-04-12 05:25:07.625000,164.387,Lower Sac R,38.52448,-121.52849,4/7/2021 7:20:00,276,39.24048,-121.9482,Laux Rd
Butte_Sink_2021,BS2021-010,Little Pocket_DS of I80,2021-04-12T13:25:09Z,2021-04-12 05:25:09.776799,164.387,Lower Sac R,38.52448,-121.52849,4/7/2021 7:20:00,276,39.24048,-121.9482,Laux Rd
Butte_Sink_2021,BS2021-010,Little Pocket_DS of I80,2021-04-12T13:25:12Z,2021-04-12 05:25:12.691800,164.387,Lower Sac R,38.52448,-121.52849,4/7/2021 7:20:00,276,39.24048,-121.9482,Laux Rd
Butte_Sink_2021,BS2021-010,Little Pocket_DS of I80,2021-04-12T13:25:14Z,2021-04-12 05:25:14.843500,164.387,Lower Sac R,38.52448,-121.52849,4/7/2021 7:20:00,276,39.24048,-121.9482,Laux Rd
Butte_Sink_2021,BS2021-010,Little Pocket_DS of I80,2021-04-12T13:25:22Z,2021-04-12 05:25:22.821800,164.387,Lower Sac R,38.52448,-121.52849,4/7/2021 7:20:00,276,39.24048,-121.9482,Laux Rd
Butte_Sink_2021,BS2021-010,Little Pocket_DS of I80,2021-04-12T13:25:24Z,2021-04-12 05:25:24.972900,164.387,Lower Sac R,38.52448,-121.52849,4/7/2021 7:20:00,276,39.24048,-121.9482,Laux Rd
Butte_Sink_2021,BS2021-010,Little Pocket_DS of I80,2021-04-12T13:25:27Z,2021-04-12 05:25:27.885399,164.387,Lower Sac R,38.52448,-121.52849,4/7/2021 7:20:00,276,39.24048,-121.9482,Laux Rd
Butte_Sink_2021,BS2021-010,Little Pocket_DS of I80,2021-04-12T13:25:35Z,2021-04-12 05:25:35.103300,164.387,Lower Sac R,38.52448,-121.52849,4/7/2021 7:20:00,276,39.24048,-121.9482,Laux Rd
Butte_Sink_2021,BS2021-010,Little Pocket_DS of I80,2021-04-12T13:25:38Z,2021-04-12 05:25:38.018800,164.387,Lower Sac R,38.52448,-121.52849,4/7/2021 7:20:00,276,39.24048,-121.9482,Laux Rd
Butte_Sink_2021,BS2021-010,Little Pocket_DS of I80,2021-04-12T13:25:40Z,2021-04-12 05:25:40.170200,164.387,Lower Sac R,38.52448,-121.52849,4/7/2021 7:20:00,276,39.24048,-121.9482,Laux Rd
Butte_Sink_2021,BS2021-010,Little Pocket_DS of I80,2021-04-12T13:25:43Z,2021-04-12 05:25:43.085100,164.387,Lower Sac R,38.52448,-121.52849,4/7/2021 7:20:00,276,39.24048,-121.9482,Laux Rd
Butte_Sink_2021,BS2021-010,Little Pocket_DS of I80,2021-04-12T13:25:45Z,2021-04-12 05:25:45.236500,164.387,Lower Sac R,38.52448,-121.52849,4/7/2021 7:20:00,276,39.24048,-121.9482,Laux Rd
Butte_Sink_2021,BS2021-010,Little Pocket_DS of I80,2021-04-12T13:25:48Z,2021-04-12 05:25:48.149300,164.387,Lower Sac R,38.52448,-121.52849,4/7/2021 7:20:00,276,39.24048,-121.9482,Laux Rd
Butte_Sink_2021,BS2021-010,Little Pocket_DS of I80,2021-04-12T13:25:50Z,2021-04-12 05:25:50.300699,164.387,Lower Sac R,38.52448,-121.52849,4/7/2021 7:20:00,276,39.24048,-121.9482,Laux Rd
Butte_Sink_2021,BS2021-010,Little Pocket_DS of I80,2021-04-12T13:25:53Z,2021-04-12 05:25:53.212800,164.387,Lower Sac R,38.52448,-121.52849,4/7/2021 7:20:00,276,39.24048,-121.9482,Laux Rd
Butte_Sink_2021,BS2021-010,Little Pocket_DS of I80,2021-04-12T13:25:55Z,2021-04-12 05:25:55.364199,164.387,Lower Sac R,38.52448,-121.52849,4/7/2021 7:20:00,276,39.24048,-121.9482,Laux Rd
Butte_Sink_2021,BS2021-010,Little Pocket_DS of I80,2021-04-12T13:26:03Z,2021-04-12 05:26:03.347000,164.387,Lower Sac R,38.52448,-121.52849,4/7/2021 7:20:00,276,39.24048,-121.9482,Laux Rd
Butte_Sink_2021,BS2021-010,Little Pocket_DS of I80,2021-04-12T13:26:05Z,2021-04-12 05:26:05.498299,164.387,Lower Sac R,38.52448,-121.52849,4/7/2021 7:20:00,276,39.24048,-121.9482,Laux Rd
Butte_Sink_2021,BS2021-010,Little Pocket_DS of I80,2021-04-12T13:26:13Z,2021-04-12 05:26:13.478800,164.387,Lower Sac R,38.52448,-121.52849,4/7/2021 7:20:00,276,39.24048,-121.9482,Laux Rd
Butte_Sink_2021,BS2021-010,Little Pocket_DS of I80,2021-04-12T13:26:15Z,2021-04-12 05:26:15.630700,164.387,Lower Sac R,38.52448,-121.52849,4/7/2021 7:20:00,276,39.24048,-121.9482,Laux Rd
Butte_Sink_2021,BS2021-010,Little Pocket_DS of I80,2021-04-12T13:26:23Z,2021-04-12 05:26:23.606900,164.387,Lower Sac R,38.52448,-121.52849,4/7/2021 7:20:00,276,39.24048,-121.9482,Laux Rd
Butte_Sink_2021,BS2021-010,Little Pocket_DS of I80,2021-04-12T13:26:25Z,2021-04-12 05:26:25.758100,164.387,Lower Sac R,38.52448,-121.52849,4/7/2021 7:20:00,276,39.24048,-121.9482,Laux Rd
Butte_Sink_2021,BS2021-010,Little Pocket_DS of I80,2021-04-12T13:26:33Z,2021-04-12 05:26:33.740400,164.387,Lower Sac R,38.52448,-121.52849,4/7/2021 7:20:00,276,39.24048,-121.9482,Laux Rd
Butte_Sink_2021,BS2021-010,Little Pocket_DS of I80,2021-04-12T13:26:35Z,2021-04-12 05:26:35.891600,164.387,Lower Sac R,38.52448,-121.52849,4/7/2021 7:20:00,276,39.24048,-121.9482,Laux Rd
Butte_Sink_2021,BS2021-010,Little Pocket_DS of I80,2021-04-12T13:26:38Z,2021-04-12 05:26:38.806700,164.387,Lower Sac R,38.52448,-121.52849,4/7/2021 7:20:00,276,39.24048,-121.9482,Laux Rd
Butte_Sink_2021,BS2021-010,Little Pocket_DS of I80,2021-04-12T13:26:40Z,2021-04-12 05:26:40.957900,164.387,Lower Sac R,38.52448,-121.52849,4/7/2021 7:20:00,276,39.24048,-121.9482,Laux Rd
Butte_Sink_2021,BS2021-010,Little Pocket_DS of I80,2021-04-12T13:26:43Z,2021-04-12 05:26:43.872300,164.387,Lower Sac R,38.52448,-121.52849,4/7/2021 7:20:00,276,39.24048,-121.9482,Laux Rd
Butte_Sink_2021,BS2021-010,Little Pocket_DS of I80,2021-04-12T13:26:46Z,2021-04-12 05:26:46.022700,164.387,Lower Sac R,38.52448,-121.52849,4/7/2021 7:20:00,276,39.24048,-121.9482,Laux Rd
Butte_Sink_2021,BS2021-010,Little Pocket_DS of I80,2021-04-12T13:26:48Z,2021-04-12 05:26:48.937099,164.387,Lower Sac R,38.52448,-121.52849,4/7/2021 7:20:00,276,39.24048,-121.9482,Laux Rd
Butte_Sink_2021,BS2021-010,Little Pocket_DS of I80,2021-04-12T13:26:51Z,2021-04-12 05:26:51.088299,164.387,Lower Sac R,38.52448,-121.52849,4/7/2021 7:20:00,276,39.24048,-121.9482,Laux Rd
Butte_Sink_2021,BS2021-010,Little Pocket_DS of I80,2021-04-12T13:26:54Z,2021-04-12 05:26:54.005000,164.387,Lower Sac R,38.52448,-121.52849,4/7/2021 7:20:00,276,39.24048,-121.9482,Laux Rd
Butte_Sink_2021,BS2021-010,Little Pocket_DS of I80,2021-04-12T13:26:56Z,2021-04-12 05:26:56.156300,164.387,Lower Sac R,38.52448,-121.52849,4/7/2021 7:20:00,276,39.24048,-121.9482,Laux Rd
Butte_Sink_2021,BS2021-010,Little Pocket_DS of I80,2021-04-12T13:26:59Z,2021-04-12 05:26:59.073800,164.387,Lower Sac R,38.52448,-121.52849,4/7/2021 7:20:00,276,39.24048,-121.9482,Laux Rd
Butte_Sink_2021,BS2021-010,Little Pocket_DS of I80,2021-04-12T13:27:06Z,2021-04-12 05:27:06.293000,164.387,Lower Sac R,38.52448,-121.52849,4/7/2021 7:20:00,276,39.24048,-121.9482,Laux Rd
Butte_Sink_2021,BS2021-010,Little Pocket_DS of I80,2021-04-12T13:27:24Z,2021-04-12 05:27:24.409299,164.387,Lower Sac R,38.52448,-121.52849,4/7/2021 7:20:00,276,39.24048,-121.9482,Laux Rd
Butte_Sink_2021,BS2021-010,Little Pocket_DS of I80,2021-04-12T13:27:26Z,2021-04-12 05:27:26.560300,164.387,Lower Sac R,38.52448,-121.52849,4/7/2021 7:20:00,276,39.24048,-121.9482,Laux Rd
Butte_Sink_2021,BS2021-010,Little Pocket_DS of I80,2021-04-12T13:27:29Z,2021-04-12 05:27:29.475500,164.387,Lower Sac R,38.52448,-121.52849,4/7/2021 7:20:00,276,39.24048,-121.9482,Laux Rd
Butte_Sink_2021,BS2021-010,Little Pocket_DS of I80,2021-04-12T13:27:31Z,2021-04-12 05:27:31.627500,164.387,Lower Sac R,38.52448,-121.52849,4/7/2021 7:20:00,276,39.24048,-121.9482,Laux Rd
Butte_Sink_2021,BS2021-010,Little Pocket_DS of I80,2021-04-12T13:27:39Z,2021-04-12 05:27:39.603200,164.387,Lower Sac R,38.52448,-121.52849,4/7/2021 7:20:00,276,39.24048,-121.9482,Laux Rd
Butte_Sink_2021,BS2021-010,Little Pocket_DS of I80,2021-04-12T13:27:41Z,2021-04-12 05:27:41.753300,164.387,Lower Sac R,38.52448,-121.52849,4/7/2021 7:20:00,276,39.24048,-121.9482,Laux Rd
Butte_Sink_2021,BS2021-010,Little Pocket_DS of I80,2021-04-12T13:27:44Z,2021-04-12 05:27:44.665499,164.387,Lower Sac R,38.52448,-121.52849,4/7/2021 7:20:00,276,39.24048,-121.9482,Laux Rd
Butte_Sink_2021,BS2021-010,Little Pocket_DS of I80,2021-04-12T13:27:46Z,2021-04-12 05:27:46.816500,164.387,Lower Sac R,38.52448,-121.52849,4/7/2021 7:20:00,276,39.24048,-121.9482,Laux Rd
Butte_Sink_2021,BS2021-010,Little Pocket_DS of I80,2021-04-12T13:27:49Z,2021-04-12 05:27:49.730800,164.387,Lower Sac R,38.52448,-121.52849,4/7/2021 7:20:00,276,39.24048,-121.9482,Laux Rd
Butte_Sink_2021,BS2021-010,Little Pocket_DS of I80,2021-04-12T13:27:51Z,2021-04-12 05:27:51.881900,164.387,Lower Sac R,38.52448,-121.52849,4/7/2021 7:20:00,276,39.24048,-121.9482,Laux Rd
Butte_Sink_2021,BS2021-010,Little Pocket_DS of I80,2021-04-12T13:27:59Z,2021-04-12 05:27:59.864400,164.387,Lower Sac R,38.52448,-121.52849,4/7/2021 7:20:00,276,39.24048,-121.9482,Laux Rd
Butte_Sink_2021,BS2021-010,Little Pocket_DS of I80,2021-04-12T13:28:02Z,2021-04-12 05:28:02.015400,164.387,Lower Sac R,38.52448,-121.52849,4/7/2021 7:20:00,276,39.24048,-121.9482,Laux Rd
Butte_Sink_2021,BS2021-010,Little Pocket_DS of I80,2021-04-12T13:28:15Z,2021-04-12 05:28:15.061200,164.387,Lower Sac R,38.52448,-121.52849,4/7/2021 7:20:00,276,39.24048,-121.9482,Laux Rd
Butte_Sink_2021,BS2021-010,Little Pocket_DS of I80,2021-04-12T13:28:22Z,2021-04-12 05:28:22.281000,164.387,Lower Sac R,38.52448,-121.52849,4/7/2021 7:20:00,276,39.24048,-121.9482,Laux Rd
Butte_Sink_2021,BS2021-010,Little Pocket_DS of I80,2021-04-12T13:28:25Z,2021-04-12 05:28:25.198400,164.387,Lower Sac R,38.52448,-121.52849,4/7/2021 7:20:00,276,39.24048,-121.9482,Laux Rd
Butte_Sink_2021,BS2021-010,Little Pocket_DS of I80,2021-04-12T13:28:27Z,2021-04-12 05:28:27.348700,164.387,Lower Sac R,38.52448,-121.52849,4/7/2021 7:20:00,276,39.24048,-121.9482,Laux Rd
Butte_Sink_2021,BS2021-010,Little Pocket_DS of I80,2021-04-12T13:28:30Z,2021-04-12 05:28:30.265500,164.387,Lower Sac R,38.52448,-121.52849,4/7/2021 7:20:00,276,39.24048,-121.9482,Laux Rd
Butte_Sink_2021,BS2021-010,Little Pocket_DS of I80,2021-04-12T13:28:37Z,2021-04-12 05:28:37.482400,164.387,Lower Sac R,38.52448,-121.52849,4/7/2021 7:20:00,276,39.24048,-121.9482,Laux Rd
Butte_Sink_2021,BS2021-010,Little Pocket_DS of I80,2021-04-12T13:28:45Z,2021-04-12 05:28:45.469900,164.387,Lower Sac R,38.52448,-121.52849,4/7/2021 7:20:00,276,39.24048,-121.9482,Laux Rd
Butte_Sink_2021,BS2021-010,Little Pocket_DS of I80,2021-04-12T13:29:02Z,2021-04-12 05:29:02.828100,164.387,Lower Sac R,38.52448,-121.52849,4/7/2021 7:20:00,276,39.24048,-121.9482,Laux Rd
Butte_Sink_2021,BS2021-010,Little Pocket_DS of I80,2021-04-12T13:29:05Z,2021-04-12 05:29:05.748200,164.387,Lower Sac R,38.52448,-121.52849,4/7/2021 7:20:00,276,39.24048,-121.9482,Laux Rd
Butte_Sink_2021,BS2021-010,Little Pocket_DS of I80,2021-04-12T13:29:07Z,2021-04-12 05:29:07.899000,164.387,Lower Sac R,38.52448,-121.52849,4/7/2021 7:20:00,276,39.24048,-121.9482,Laux Rd
Butte_Sink_2021,BS2021-010,Little Pocket_DS of I80,2021-04-12T13:29:10Z,2021-04-12 05:29:10.819500,164.387,Lower Sac R,38.52448,-121.52849,4/7/2021 7:20:00,276,39.24048,-121.9482,Laux Rd
Butte_Sink_2021,BS2021-010,Little Pocket_DS of I80,2021-04-12T13:29:12Z,2021-04-12 05:29:12.969499,164.387,Lower Sac R,38.52448,-121.52849,4/7/2021 7:20:00,276,39.24048,-121.9482,Laux Rd
Butte_Sink_2021,BS2021-010,Little Pocket_DS of I80,2021-04-12T13:29:15Z,2021-04-12 05:29:15.891900,164.387,Lower Sac R,38.52448,-121.52849,4/7/2021 7:20:00,276,39.24048,-121.9482,Laux Rd
Butte_Sink_2021,BS2021-010,Little Pocket_DS of I80,2021-04-12T13:29:18Z,2021-04-12 05:29:18.042000,164.387,Lower Sac R,38.52448,-121.52849,4/7/2021 7:20:00,276,39.24048,-121.9482,Laux Rd
Butte_Sink_2021,BS2021-010,Little Pocket_DS of I80,2021-04-12T13:29:26Z,2021-04-12 05:29:26.032999,164.387,Lower Sac R,38.52448,-121.52849,4/7/2021 7:20:00,276,39.24048,-121.9482,Laux Rd
Butte_Sink_2021,BS2021-010,Little Pocket_DS of I80,2021-04-12T13:29:28Z,2021-04-12 05:29:28.182300,164.387,Lower Sac R,38.52448,-121.52849,4/7/2021 7:20:00,276,39.24048,-121.9482,Laux Rd
Butte_Sink_2021,BS2021-010,Little Pocket_DS of I80,2021-04-12T13:29:31Z,2021-04-12 05:29:31.102500,164.387,Lower Sac R,38.52448,-121.52849,4/7/2021 7:20:00,276,39.24048,-121.9482,Laux Rd
Butte_Sink_2021,BS2021-010,Little Pocket_DS of I80,2021-04-12T13:29:33Z,2021-04-12 05:29:33.251899,164.387,Lower Sac R,38.52448,-121.52849,4/7/2021 7:20:00,276,39.24048,-121.9482,Laux Rd
Butte_Sink_2021,BS2021-010,Little Pocket_DS of I80,2021-04-12T13:29:36Z,2021-04-12 05:29:36.171399,164.387,Lower Sac R,38.52448,-121.52849,4/7/2021 7:20:00,276,39.24048,-121.9482,Laux Rd
Butte_Sink_2021,BS2021-010,Little Pocket_DS of I80,2021-04-12T13:29:38Z,2021-04-12 05:29:38.321400,164.387,Lower Sac R,38.52448,-121.52849,4/7/2021 7:20:00,276,39.24048,-121.9482,Laux Rd
Butte_Sink_2021,BS2021-010,Little Pocket_DS of I80,2021-04-12T13:29:41Z,2021-04-12 05:29:41.241600,164.387,Lower Sac R,38.52448,-121.52849,4/7/2021 7:20:00,276,39.24048,-121.9482,Laux Rd
Butte_Sink_2021,BS2021-010,Little Pocket_DS of I80,2021-04-12T13:29:43Z,2021-04-12 05:29:43.391600,164.387,Lower Sac R,38.52448,-121.52849,4/7/2021 7:20:00,276,39.24048,-121.9482,Laux Rd
Butte_Sink_2021,BS2021-010,Little Pocket_DS of I80,2021-04-12T13:29:51Z,2021-04-12 05:29:51.379700,164.387,Lower Sac R,38.52448,-121.52849,4/7/2021 7:20:00,276,39.24048,-121.9482,Laux Rd
Butte_Sink_2021,BS2021-010,Little Pocket_DS of I80,2021-04-12T13:30:03Z,2021-04-12 05:30:03.667100,164.387,Lower Sac R,38.52448,-121.52849,4/7/2021 7:20:00,276,39.24048,-121.9482,Laux Rd
Butte_Sink_2021,BS2021-010,Little Pocket_DS of I80,2021-04-12T13:30:06Z,2021-04-12 05:30:06.586800,164.387,Lower Sac R,38.52448,-121.52849,4/7/2021 7:20:00,276,39.24048,-121.9482,Laux Rd
Butte_Sink_2021,BS2021-010,Little Pocket_DS of I80,2021-04-12T13:30:18Z,2021-04-12 05:30:18.875500,164.387,Lower Sac R,38.52448,-121.52849,4/7/2021 7:20:00,276,39.24048,-121.9482,Laux Rd
Butte_Sink_2021,BS2021-010,Little Pocket_DS of I80,2021-04-12T13:30:31Z,2021-04-12 05:30:31.934499,164.387,Lower Sac R,38.52448,-121.52849,4/7/2021 7:20:00,276,39.24048,-121.9482,Laux Rd
Butte_Sink_2021,BS2021-010,Little Pocket_DS of I80,2021-04-12T13:30:39Z,2021-04-12 05:30:39.154900,164.387,Lower Sac R,38.52448,-121.52849,4/7/2021 7:20:00,276,39.24048,-121.9482,Laux Rd
Butte_Sink_2021,BS2021-010,Little Pocket_DS of I80,2021-04-12T13:30:42Z,2021-04-12 05:30:42.074899,164.387,Lower Sac R,38.52448,-121.52849,4/7/2021 7:20:00,276,39.24048,-121.9482,Laux Rd
Butte_Sink_2021,BS2021-010,Little Pocket_DS of I80,2021-04-12T13:32:30Z,2021-04-12 05:32:30.692300,164.387,Lower Sac R,38.52448,-121.52849,4/7/2021 7:20:00,276,39.24048,-121.9482,Laux Rd
Butte_Sink_2021,BS2021-010,Little Pocket_DS of I80,2021-04-12T13:32:33Z,2021-04-12 05:32:33.614100,164.387,Lower Sac R,38.52448,-121.52849,4/7/2021 7:20:00,276,39.24048,-121.9482,Laux Rd
Butte_Sink_2021,BS2021-010,Little Pocket_DS of I80,2021-04-12T13:32:35Z,2021-04-12 05:32:35.761900,164.387,Lower Sac R,38.52448,-121.52849,4/7/2021 7:20:00,276,39.24048,-121.9482,Laux Rd
Butte_Sink_2021,BS2021-010,Little Pocket_DS of I80,2021-04-12T13:32:38Z,2021-04-12 05:32:38.681899,164.387,Lower Sac R,38.52448,-121.52849,4/7/2021 7:20:00,276,39.24048,-121.9482,Laux Rd
Butte_Sink_2021,BS2021-010,Little Pocket_DS of I80,2021-04-12T13:32:40Z,2021-04-12 05:32:40.829600,164.387,Lower Sac R,38.52448,-121.52849,4/7/2021 7:20:00,276,39.24048,-121.9482,Laux Rd
Butte_Sink_2021,BS2021-010,Little Pocket_DS of I80,2021-04-12T13:32:48Z,2021-04-12 05:32:48.818100,164.387,Lower Sac R,38.52448,-121.52849,4/7/2021 7:20:00,276,39.24048,-121.9482,Laux Rd
Butte_Sink_2021,BS2021-010,Little Pocket_DS of I80,2021-04-12T13:33:06Z,2021-04-12 05:33:06.171500,164.387,Lower Sac R,38.52448,-121.52849,4/7/2021 7:20:00,276,39.24048,-121.9482,Laux Rd
Butte_Sink_2021,BS2021-010,Little Pocket_DS of I80,2021-04-12T13:33:24Z,2021-04-12 05:33:24.298900,164.387,Lower Sac R,38.52448,-121.52849,4/7/2021 7:20:00,276,39.24048,-121.9482,Laux Rd
Butte_Sink_2021,BS2021-010,Little Pocket_DS of I80,2021-04-12T13:33:26Z,2021-04-12 05:33:26.445999,164.387,Lower Sac R,38.52448,-121.52849,4/7/2021 7:20:00,276,39.24048,-121.9482,Laux Rd
Butte_Sink_2021,BS2021-010,Little Pocket_DS of I80,2021-04-12T13:33:34Z,2021-04-12 05:33:34.436100,164.387,Lower Sac R,38.52448,-121.52849,4/7/2021 7:20:00,276,39.24048,-121.9482,Laux Rd
Butte_Sink_2021,BS2021-010,Little Pocket_DS of I80,2021-04-12T13:33:41Z,2021-04-12 05:33:41.653300,164.387,Lower Sac R,38.52448,-121.52849,4/7/2021 7:20:00,276,39.24048,-121.9482,Laux Rd
Butte_Sink_2021,BS2021-010,Little Pocket_DS of I80,2021-04-12T13:33:44Z,2021-04-12 05:33:44.578000,164.387,Lower Sac R,38.52448,-121.52849,4/7/2021 7:20:00,276,39.24048,-121.9482,Laux Rd
Butte_Sink_2021,BS2021-010,Little Pocket_DS of I80,2021-04-12T13:33:51Z,2021-04-12 05:33:51.797000,164.387,Lower Sac R,38.52448,-121.52849,4/7/2021 7:20:00,276,39.24048,-121.9482,Laux Rd
Butte_Sink_2021,BS2021-010,Little Pocket_DS of I80,2021-04-12T13:33:54Z,2021-04-12 05:33:54.721700,164.387,Lower Sac R,38.52448,-121.52849,4/7/2021 7:20:00,276,39.24048,-121.9482,Laux Rd
Butte_Sink_2021,BS2021-010,Little Pocket_DS of I80,2021-04-12T13:34:01Z,2021-04-12 05:34:01.939399,164.387,Lower Sac R,38.52448,-121.52849,4/7/2021 7:20:00,276,39.24048,-121.9482,Laux Rd
Butte_Sink_2021,BS2021-010,Little Pocket_DS of I80,2021-04-12T13:34:04Z,2021-04-12 05:34:04.864799,164.387,Lower Sac R,38.52448,-121.52849,4/7/2021 7:20:00,276,39.24048,-121.9482,Laux Rd
Butte_Sink_2021,BS2021-010,Little Pocket_DS of I80,2021-04-12T13:34:07Z,2021-04-12 05:34:07.011500,164.387,Lower Sac R,38.52448,-121.52849,4/7/2021 7:20:00,276,39.24048,-121.9482,Laux Rd
Butte_Sink_2021,BS2021-010,Little Pocket_DS of I80,2021-04-12T13:34:09Z,2021-04-12 05:34:09.936600,164.387,Lower Sac R,38.52448,-121.52849,4/7/2021 7:20:00,276,39.24048,-121.9482,Laux Rd
Butte_Sink_2021,BS2021-010,Little Pocket_DS of I80,2021-04-12T13:34:12Z,2021-04-12 05:34:12.083200,164.387,Lower Sac R,38.52448,-121.52849,4/7/2021 7:20:00,276,39.24048,-121.9482,Laux Rd
Butte_Sink_2021,BS2021-010,Little Pocket_DS of I80,2021-04-12T13:34:15Z,2021-04-12 05:34:15.008400,164.387,Lower Sac R,38.52448,-121.52849,4/7/2021 7:20:00,276,39.24048,-121.9482,Laux Rd
Butte_Sink_2021,BS2021-010,Little Pocket_DS of I80,2021-04-12T13:34:17Z,2021-04-12 05:34:17.155000,164.387,Lower Sac R,38.52448,-121.52849,4/7/2021 7:20:00,276,39.24048,-121.9482,Laux Rd
Butte_Sink_2021,BS2021-010,Little Pocket_DS of I80,2021-04-12T13:34:20Z,2021-04-12 05:34:20.080300,164.387,Lower Sac R,38.52448,-121.52849,4/7/2021 7:20:00,276,39.24048,-121.9482,Laux Rd
Butte_Sink_2021,BS2021-010,Little Pocket_DS of I80,2021-04-12T13:34:22Z,2021-04-12 05:34:22.226800,164.387,Lower Sac R,38.52448,-121.52849,4/7/2021 7:20:00,276,39.24048,-121.9482,Laux Rd
Butte_Sink_2021,BS2021-010,Little Pocket_DS of I80,2021-04-12T13:34:25Z,2021-04-12 05:34:25.151000,164.387,Lower Sac R,38.52448,-121.52849,4/7/2021 7:20:00,276,39.24048,-121.9482,Laux Rd
Butte_Sink_2021,BS2021-010,Little Pocket_DS of I80,2021-04-12T13:34:27Z,2021-04-12 05:34:27.297399,164.387,Lower Sac R,38.52448,-121.52849,4/7/2021 7:20:00,276,39.24048,-121.9482,Laux Rd
Butte_Sink_2021,BS2021-010,Little Pocket_DS of I80,2021-04-12T13:34:30Z,2021-04-12 05:34:30.222700,164.387,Lower Sac R,38.52448,-121.52849,4/7/2021 7:20:00,276,39.24048,-121.9482,Laux Rd
Butte_Sink_2021,BS2021-010,Little Pocket_DS of I80,2021-04-12T13:34:42Z,2021-04-12 05:34:42.511700,164.387,Lower Sac R,38.52448,-121.52849,4/7/2021 7:20:00,276,39.24048,-121.9482,Laux Rd
Butte_Sink_2021,BS2021-010,Little Pocket_DS of I80,2021-04-12T13:36:01Z,2021-04-12 05:36:01.487000,164.387,Lower Sac R,38.52448,-121.52849,4/7/2021 7:20:00,276,39.24048,-121.9482,Laux Rd
Butte_Sink_2021,BS2021-010,Little Pocket_DS of I80,2021-04-12T13:36:03Z,2021-04-12 05:36:03.632000,164.387,Lower Sac R,38.52448,-121.52849,4/7/2021 7:20:00,276,39.24048,-121.9482,Laux Rd
Butte_Sink_2021,BS2021-010,Little Pocket_DS of I80,2021-04-12T13:36:06Z,2021-04-12 05:36:06.556100,164.387,Lower Sac R,38.52448,-121.52849,4/7/2021 7:20:00,276,39.24048,-121.9482,Laux Rd
Butte_Sink_2021,BS2021-010,Little Pocket_DS of I80,2021-04-12T13:36:13Z,2021-04-12 05:36:13.771700,164.387,Lower Sac R,38.52448,-121.52849,4/7/2021 7:20:00,276,39.24048,-121.9482,Laux Rd
Butte_Sink_2021,BS2021-010,Little Pocket_DS of I80,2021-04-12T13:36:16Z,2021-04-12 05:36:16.695700,164.387,Lower Sac R,38.52448,-121.52849,4/7/2021 7:20:00,276,39.24048,-121.9482,Laux Rd
Butte_Sink_2021,BS2021-010,Little Pocket_DS of I80,2021-04-12T13:36:18Z,2021-04-12 05:36:18.840599,164.387,Lower Sac R,38.52448,-121.52849,4/7/2021 7:20:00,276,39.24048,-121.9482,Laux Rd
Butte_Sink_2021,BS2021-010,Little Pocket_DS of I80,2021-04-12T13:36:21Z,2021-04-12 05:36:21.765400,164.387,Lower Sac R,38.52448,-121.52849,4/7/2021 7:20:00,276,39.24048,-121.9482,Laux Rd
Butte_Sink_2021,BS2021-010,Little Pocket_DS of I80,2021-04-12T13:36:23Z,2021-04-12 05:36:23.910200,164.387,Lower Sac R,38.52448,-121.52849,4/7/2021 7:20:00,276,39.24048,-121.9482,Laux Rd
Butte_Sink_2021,BS2021-010,Little Pocket_DS of I80,2021-04-12T13:43:50Z,2021-04-12 05:43:50.579200,164.387,Lower Sac R,38.52448,-121.52849,4/7/2021 7:20:00,276,39.24048,-121.9482,Laux Rd
Butte_Sink_2021,BS2021-010,Little Pocket_DS of I80,2021-04-12T13:43:52Z,2021-04-12 05:43:52.720199,164.387,Lower Sac R,38.52448,-121.52849,4/7/2021 7:20:00,276,39.24048,-121.9482,Laux Rd
Butte_Sink_2021,BS2021-010,Little Pocket_DS of I80,2021-04-12T13:44:05Z,2021-04-12 05:44:05.153399,164.387,Lower Sac R,38.52448,-121.52849,4/7/2021 7:20:00,276,39.24048,-121.9482,Laux Rd
Butte_Sink_2021,BS2021-010,Little Pocket_DS of I80,2021-04-12T13:44:12Z,2021-04-12 05:44:12.152700,164.387,Lower Sac R,38.52448,-121.52849,4/7/2021 7:20:00,276,39.24048,-121.9482,Laux Rd
Butte_Sink_2021,BS2021-010,Little Pocket_DS of I80,2021-04-12T13:44:19Z,2021-04-12 05:44:19.727699,164.387,Lower Sac R,38.52448,-121.52849,4/7/2021 7:20:00,276,39.24048,-121.9482,Laux Rd
Butte_Sink_2021,BS2021-010,Little Pocket_DS of I80,2021-04-12T13:44:21Z,2021-04-12 05:44:21.868500,164.387,Lower Sac R,38.52448,-121.52849,4/7/2021 7:20:00,276,39.24048,-121.9482,Laux Rd
Butte_Sink_2021,BS2021-010,Little Pocket_DS of I80,2021-04-12T13:44:53Z,2021-04-12 05:44:53.734500,164.387,Lower Sac R,38.52448,-121.52849,4/7/2021 7:20:00,276,39.24048,-121.9482,Laux Rd
Butte_Sink_2021,BS2021-010,Little Pocket_DS of I80,2021-04-12T13:44:55Z,2021-04-12 05:44:55.874900,164.387,Lower Sac R,38.52448,-121.52849,4/7/2021 7:20:00,276,39.24048,-121.9482,Laux Rd
Butte_Sink_2021,BS2021-010,Little Pocket_DS of I80,2021-04-12T13:45:08Z,2021-04-12 05:45:08.305100,164.387,Lower Sac R,38.52448,-121.52849,4/7/2021 7:20:00,276,39.24048,-121.9482,Laux Rd
Butte_Sink_2021,BS2021-010,Little Pocket_DS of I80,2021-04-12T13:45:20Z,2021-04-12 05:45:20.158999,164.387,Lower Sac R,38.52448,-121.52849,4/7/2021 7:20:00,276,39.24048,-121.9482,Laux Rd
Butte_Sink_2021,BS2021-010,Little Pocket_DS of I80,2021-04-12T13:45:32Z,2021-04-12 05:45:32.588400,164.387,Lower Sac R,38.52448,-121.52849,4/7/2021 7:20:00,276,39.24048,-121.9482,Laux Rd
Butte_Sink_2021,BS2021-010,Little Pocket_DS of I80,2021-04-12T13:45:34Z,2021-04-12 05:45:34.728500,164.387,Lower Sac R,38.52448,-121.52849,4/7/2021 7:20:00,276,39.24048,-121.9482,Laux Rd
Butte_Sink_2021,BS2021-010,Little Pocket_DS of I80,2021-04-12T13:45:52Z,2021-04-12 05:45:52.015800,164.387,Lower Sac R,38.52448,-121.52849,4/7/2021 7:20:00,276,39.24048,-121.9482,Laux Rd
Butte_Sink_2021,BS2021-010,Little Pocket_DS of I80,2021-04-12T13:45:54Z,2021-04-12 05:45:54.155699,164.387,Lower Sac R,38.52448,-121.52849,4/7/2021 7:20:00,276,39.24048,-121.9482,Laux Rd
Butte_Sink_2021,BS2021-010,Little Pocket_DS of I80,2021-04-12T13:46:06Z,2021-04-12 05:46:06.585600,164.387,Lower Sac R,38.52448,-121.52849,4/7/2021 7:20:00,276,39.24048,-121.9482,Laux Rd
Butte_Sink_2021,BS2021-010,Little Pocket_DS of I80,2021-04-12T13:46:08Z,2021-04-12 05:46:08.725300,164.387,Lower Sac R,38.52448,-121.52849,4/7/2021 7:20:00,276,39.24048,-121.9482,Laux Rd
Butte_Sink_2021,BS2021-010,Little Pocket_DS of I80,2021-04-12T13:47:38Z,2021-04-12 05:47:38.852000,164.387,Lower Sac R,38.52448,-121.52849,4/7/2021 7:20:00,276,39.24048,-121.9482,Laux Rd
Butte_Sink_2021,BS2021-010,Little Pocket_DS of I80,2021-04-12T13:48:14Z,2021-04-12 05:48:14.985300,164.387,Lower Sac R,38.52448,-121.52849,4/7/2021 7:20:00,276,39.24048,-121.9482,Laux Rd
Butte_Sink_2021,BS2021-010,Little Pocket_DS of I80,2021-04-12T13:48:27Z,2021-04-12 05:48:27.413800,164.387,Lower Sac R,38.52448,-121.52849,4/7/2021 7:20:00,276,39.24048,-121.9482,Laux Rd
Butte_Sink_2021,BS2021-010,Little Pocket_DS of I80,2021-04-12T13:48:29Z,2021-04-12 05:48:29.552200,164.387,Lower Sac R,38.52448,-121.52849,4/7/2021 7:20:00,276,39.24048,-121.9482,Laux Rd
Butte_Sink_2021,BS2021-010,Little Pocket_DS of I80,2021-04-12T13:50:09Z,2021-04-12 05:50:09.387200,164.387,Lower Sac R,38.52448,-121.52849,4/7/2021 7:20:00,276,39.24048,-121.9482,Laux Rd
Butte_Sink_2021,BS2021-010,Little Pocket_DS of I80,2021-04-12T13:50:11Z,2021-04-12 05:50:11.524600,164.387,Lower Sac R,38.52448,-121.52849,4/7/2021 7:20:00,276,39.24048,-121.9482,Laux Rd
Butte_Sink_2021,BS2021-010,Little Pocket_DS of I80,2021-04-12T13:50:19Z,2021-04-12 05:50:19.097000,164.387,Lower Sac R,38.52448,-121.52849,4/7/2021 7:20:00,276,39.24048,-121.9482,Laux Rd
Butte_Sink_2021,BS2021-010,Little Pocket_DS of I80,2021-04-12T13:50:21Z,2021-04-12 05:50:21.234200,164.387,Lower Sac R,38.52448,-121.52849,4/7/2021 7:20:00,276,39.24048,-121.9482,Laux Rd
Butte_Sink_2021,BS2021-010,Little Pocket_DS of I80,2021-04-12T13:50:23Z,2021-04-12 05:50:23.953900,164.387,Lower Sac R,38.52448,-121.52849,4/7/2021 7:20:00,276,39.24048,-121.9482,Laux Rd
Butte_Sink_2021,BS2021-010,Little Pocket_DS of I80,2021-04-12T13:50:26Z,2021-04-12 05:50:26.091100,164.387,Lower Sac R,38.52448,-121.52849,4/7/2021 7:20:00,276,39.24048,-121.9482,Laux Rd
Butte_Sink_2021,BS2021-010,Little Pocket_DS of I80,2021-04-12T13:51:56Z,2021-04-12 05:51:56.218800,164.387,Lower Sac R,38.52448,-121.52849,4/7/2021 7:20:00,276,39.24048,-121.9482,Laux Rd
Butte_Sink_2021,BS2021-010,Little Pocket_DS of I80,2021-04-12T13:52:22Z,2021-04-12 05:52:22.634300,164.387,Lower Sac R,38.52448,-121.52849,4/7/2021 7:20:00,276,39.24048,-121.9482,Laux Rd
Butte_Sink_2021,BS2021-010,Little Pocket_DS of I80,2021-04-12T14:00:15Z,2021-04-12 06:00:15.793700,164.387,Lower Sac R,38.52448,-121.52849,4/7/2021 7:20:00,276,39.24048,-121.9482,Laux Rd
Butte_Sink_2021,BS2021-010,Little Pocket_DS of I80,2021-04-12T14:00:17Z,2021-04-12 06:00:17.925300,164.387,Lower Sac R,38.52448,-121.52849,4/7/2021 7:20:00,276,39.24048,-121.9482,Laux Rd
Butte_Sink_2021,BS2021-010,Little Pocket_DS of I80,2021-04-12T14:00:20Z,2021-04-12 06:00:20.850099,164.387,Lower Sac R,38.52448,-121.52849,4/7/2021 7:20:00,276,39.24048,-121.9482,Laux Rd
Butte_Sink_2021,BS2021-010,Little Pocket_DS of I80,2021-04-12T14:00:22Z,2021-04-12 06:00:22.981700,164.387,Lower Sac R,38.52448,-121.52849,4/7/2021 7:20:00,276,39.24048,-121.9482,Laux Rd
Butte_Sink_2021,BS2021-010,Little Pocket_DS of I80,2021-04-12T17:29:09Z,2021-04-12 09:29:09.958400,164.387,Lower Sac R,38.52448,-121.52849,4/7/2021 7:20:00,276,39.24048,-121.9482,Laux Rd
Butte_Sink_2021,BS2021-010,Little Pocket_DS of I80,2021-04-13T02:09:53Z,2021-04-12 18:09:53.692300,164.387,Lower Sac R,38.52448,-121.52849,4/7/2021 7:20:00,276,39.24048,-121.9482,Laux Rd
Butte_Sink_2021,BS2021-010,Little Pocket_DS of I80,2021-04-13T03:20:38Z,2021-04-12 19:20:38.552999,164.387,Lower Sac R,38.52448,-121.52849,4/7/2021 7:20:00,276,39.24048,-121.9482,Laux Rd
Butte_Sink_2021,BS2021-010,Little Pocket_DS of I80,2021-04-13T03:33:06Z,2021-04-12 19:33:06.740100,164.387,Lower Sac R,38.52448,-121.52849,4/7/2021 7:20:00,276,39.24048,-121.9482,Laux Rd
Butte_Sink_2021,BS2021-010,Little Pocket_DS of I80,2021-04-13T03:33:44Z,2021-04-12 19:33:44.127600,164.387,Lower Sac R,38.52448,-121.52849,4/7/2021 7:20:00,276,39.24048,-121.9482,Laux Rd
Butte_Sink_2021,BS2021-010,Little Pocket_DS of I80,2021-04-13T03:34:17Z,2021-04-12 19:34:17.729900,164.387,Lower Sac R,38.52448,-121.52849,4/7/2021 7:20:00,276,39.24048,-121.9482,Laux Rd
Butte_Sink_2021,BS2021-010,Little Pocket_DS of I80,2021-04-13T03:34:19Z,2021-04-12 19:34:19.623500,164.387,Lower Sac R,38.52448,-121.52849,4/7/2021 7:20:00,276,39.24048,-121.9482,Laux Rd
Butte_Sink_2021,BS2021-010,Little Pocket_DS of I80,2021-04-13T03:34:32Z,2021-04-12 19:34:32.941700,164.387,Lower Sac R,38.52448,-121.52849,4/7/2021 7:20:00,276,39.24048,-121.9482,Laux Rd
Butte_Sink_2021,BS2021-010,Little Pocket_DS of I80,2021-04-13T03:34:44Z,2021-04-12 19:34:44.978799,164.387,Lower Sac R,38.52448,-121.52849,4/7/2021 7:20:00,276,39.24048,-121.9482,Laux Rd
Butte_Sink_2021,BS2021-010,Little Pocket_DS of I80,2021-04-13T03:34:58Z,2021-04-12 19:34:58.315700,164.387,Lower Sac R,38.52448,-121.52849,4/7/2021 7:20:00,276,39.24048,-121.9482,Laux Rd
Butte_Sink_2021,BS2021-010,Little Pocket_DS of I80,2021-04-13T03:35:00Z,2021-04-12 19:35:00.210300,164.387,Lower Sac R,38.52448,-121.52849,4/7/2021 7:20:00,276,39.24048,-121.9482,Laux Rd
Butte_Sink_2021,BS2021-010,Little Pocket_DS of I80,2021-04-13T03:35:20Z,2021-04-12 19:35:20.060800,164.387,Lower Sac R,38.52448,-121.52849,4/7/2021 7:20:00,276,39.24048,-121.9482,Laux Rd
Butte_Sink_2021,BS2021-010,Little Pocket_DS of I80,2021-04-13T03:35:21Z,2021-04-12 19:35:21.955300,164.387,Lower Sac R,38.52448,-121.52849,4/7/2021 7:20:00,276,39.24048,-121.9482,Laux Rd
Butte_Sink_2021,BS2021-010,Little Pocket_DS of I80,2021-04-13T03:35:39Z,2021-04-12 19:35:39.522700,164.387,Lower Sac R,38.52448,-121.52849,4/7/2021 7:20:00,276,39.24048,-121.9482,Laux Rd
Butte_Sink_2021,BS2021-010,Little Pocket_DS of I80,2021-04-13T03:36:10Z,2021-04-12 19:36:10.603900,164.387,Lower Sac R,38.52448,-121.52849,4/7/2021 7:20:00,276,39.24048,-121.9482,Laux Rd
Butte_Sink_2021,BS2021-010,Little Pocket_DS of I80,2021-04-13T03:36:13Z,2021-04-12 19:36:13.571100,164.387,Lower Sac R,38.52448,-121.52849,4/7/2021 7:20:00,276,39.24048,-121.9482,Laux Rd
Butte_Sink_2021,BS2021-010,Little Pocket_DS of I80,2021-04-13T03:36:20Z,2021-04-12 19:36:20.326400,164.387,Lower Sac R,38.52448,-121.52849,4/7/2021 7:20:00,276,39.24048,-121.9482,Laux Rd
Butte_Sink_2021,BS2021-010,Little Pocket_DS of I80,2021-04-13T03:36:28Z,2021-04-12 19:36:28.151299,164.387,Lower Sac R,38.52448,-121.52849,4/7/2021 7:20:00,276,39.24048,-121.9482,Laux Rd
Butte_Sink_2021,BS2021-010,Little Pocket_DS of I80,2021-04-13T03:36:30Z,2021-04-12 19:36:30.045599,164.387,Lower Sac R,38.52448,-121.52849,4/7/2021 7:20:00,276,39.24048,-121.9482,Laux Rd
Butte_Sink_2021,BS2021-010,Little Pocket_DS of I80,2021-04-13T03:36:37Z,2021-04-12 19:36:37.867800,164.387,Lower Sac R,38.52448,-121.52849,4/7/2021 7:20:00,276,39.24048,-121.9482,Laux Rd
Butte_Sink_2021,BS2021-010,Little Pocket_DS of I80,2021-04-13T03:36:39Z,2021-04-12 19:36:39.762199,164.387,Lower Sac R,38.52448,-121.52849,4/7/2021 7:20:00,276,39.24048,-121.9482,Laux Rd
Butte_Sink_2021,BS2021-010,Little Pocket_DS of I80,2021-04-13T03:36:52Z,2021-04-12 19:36:52.444199,164.387,Lower Sac R,38.52448,-121.52849,4/7/2021 7:20:00,276,39.24048,-121.9482,Laux Rd
Butte_Sink_2021,BS2021-010,Little Pocket_DS of I80,2021-04-13T03:36:59Z,2021-04-12 19:36:59.197800,164.387,Lower Sac R,38.52448,-121.52849,4/7/2021 7:20:00,276,39.24048,-121.9482,Laux Rd
Butte_Sink_2021,BS2021-010,Little Pocket_DS of I80,2021-04-13T03:37:02Z,2021-04-12 19:37:02.164799,164.387,Lower Sac R,38.52448,-121.52849,4/7/2021 7:20:00,276,39.24048,-121.9482,Laux Rd
Butte_Sink_2021,BS2021-010,Little Pocket_DS of I80,2021-04-13T03:37:13Z,2021-04-12 19:37:13.781799,164.387,Lower Sac R,38.52448,-121.52849,4/7/2021 7:20:00,276,39.24048,-121.9482,Laux Rd
Butte_Sink_2021,BS2021-010,Little Pocket_DS of I80,2021-04-13T03:37:26Z,2021-04-12 19:37:26.481100,164.387,Lower Sac R,38.52448,-121.52849,4/7/2021 7:20:00,276,39.24048,-121.9482,Laux Rd
Butte_Sink_2021,BS2021-010,Little Pocket_DS of I80,2021-04-13T03:37:28Z,2021-04-12 19:37:28.375400,164.387,Lower Sac R,38.52448,-121.52849,4/7/2021 7:20:00,276,39.24048,-121.9482,Laux Rd
Butte_Sink_2021,BS2021-010,Little Pocket_DS of I80,2021-04-13T03:37:36Z,2021-04-12 19:37:36.212800,164.387,Lower Sac R,38.52448,-121.52849,4/7/2021 7:20:00,276,39.24048,-121.9482,Laux Rd
Butte_Sink_2021,BS2021-010,Little Pocket_DS of I80,2021-04-13T03:37:42Z,2021-04-12 19:37:42.972600,164.387,Lower Sac R,38.52448,-121.52849,4/7/2021 7:20:00,276,39.24048,-121.9482,Laux Rd
Butte_Sink_2021,BS2021-010,Little Pocket_DS of I80,2021-04-13T03:37:45Z,2021-04-12 19:37:45.944000,164.387,Lower Sac R,38.52448,-121.52849,4/7/2021 7:20:00,276,39.24048,-121.9482,Laux Rd
Butte_Sink_2021,BS2021-010,Little Pocket_DS of I80,2021-04-13T03:37:47Z,2021-04-12 19:37:47.838100,164.387,Lower Sac R,38.52448,-121.52849,4/7/2021 7:20:00,276,39.24048,-121.9482,Laux Rd
Butte_Sink_2021,BS2021-010,Little Pocket_DS of I80,2021-04-13T03:37:50Z,2021-04-12 19:37:50.809000,164.387,Lower Sac R,38.52448,-121.52849,4/7/2021 7:20:00,276,39.24048,-121.9482,Laux Rd
Butte_Sink_2021,BS2021-010,Little Pocket_DS of I80,2021-04-13T03:37:57Z,2021-04-12 19:37:57.567600,164.387,Lower Sac R,38.52448,-121.52849,4/7/2021 7:20:00,276,39.24048,-121.9482,Laux Rd
Butte_Sink_2021,BS2021-010,Little Pocket_DS of I80,2021-04-13T03:38:00Z,2021-04-12 19:38:00.538700,164.387,Lower Sac R,38.52448,-121.52849,4/7/2021 7:20:00,276,39.24048,-121.9482,Laux Rd
Butte_Sink_2021,BS2021-010,Little Pocket_DS of I80,2021-04-13T03:38:07Z,2021-04-12 19:38:07.297400,164.387,Lower Sac R,38.52448,-121.52849,4/7/2021 7:20:00,276,39.24048,-121.9482,Laux Rd
Butte_Sink_2021,BS2021-010,Little Pocket_DS of I80,2021-04-13T03:38:15Z,2021-04-12 19:38:15.133700,164.387,Lower Sac R,38.52448,-121.52849,4/7/2021 7:20:00,276,39.24048,-121.9482,Laux Rd
Butte_Sink_2021,BS2021-010,Little Pocket_DS of I80,2021-04-13T03:38:21Z,2021-04-12 19:38:21.891799,164.387,Lower Sac R,38.52448,-121.52849,4/7/2021 7:20:00,276,39.24048,-121.9482,Laux Rd
Butte_Sink_2021,BS2021-010,Little Pocket_DS of I80,2021-04-13T03:38:24Z,2021-04-12 19:38:24.864100,164.387,Lower Sac R,38.52448,-121.52849,4/7/2021 7:20:00,276,39.24048,-121.9482,Laux Rd
Butte_Sink_2021,BS2021-010,Little Pocket_DS of I80,2021-04-13T03:38:26Z,2021-04-12 19:38:26.757500,164.387,Lower Sac R,38.52448,-121.52849,4/7/2021 7:20:00,276,39.24048,-121.9482,Laux Rd
Butte_Sink_2021,BS2021-010,Little Pocket_DS of I80,2021-04-13T03:38:29Z,2021-04-12 19:38:29.729500,164.387,Lower Sac R,38.52448,-121.52849,4/7/2021 7:20:00,276,39.24048,-121.9482,Laux Rd
Butte_Sink_2021,BS2021-010,Little Pocket_DS of I80,2021-04-13T03:38:36Z,2021-04-12 19:38:36.487999,164.387,Lower Sac R,38.52448,-121.52849,4/7/2021 7:20:00,276,39.24048,-121.9482,Laux Rd
Butte_Sink_2021,BS2021-010,Little Pocket_DS of I80,2021-04-13T03:38:39Z,2021-04-12 19:38:39.460099,164.387,Lower Sac R,38.52448,-121.52849,4/7/2021 7:20:00,276,39.24048,-121.9482,Laux Rd
Butte_Sink_2021,BS2021-010,Little Pocket_DS of I80,2021-04-13T03:38:41Z,2021-04-12 19:38:41.353300,164.387,Lower Sac R,38.52448,-121.52849,4/7/2021 7:20:00,276,39.24048,-121.9482,Laux Rd
Butte_Sink_2021,BS2021-010,Little Pocket_DS of I80,2021-04-13T03:38:44Z,2021-04-12 19:38:44.325899,164.387,Lower Sac R,38.52448,-121.52849,4/7/2021 7:20:00,276,39.24048,-121.9482,Laux Rd
Butte_Sink_2021,BS2021-010,Little Pocket_DS of I80,2021-04-13T03:38:46Z,2021-04-12 19:38:46.219100,164.387,Lower Sac R,38.52448,-121.52849,4/7/2021 7:20:00,276,39.24048,-121.9482,Laux Rd
Butte_Sink_2021,BS2021-010,Little Pocket_DS of I80,2021-04-13T03:38:49Z,2021-04-12 19:38:49.192000,164.387,Lower Sac R,38.52448,-121.52849,4/7/2021 7:20:00,276,39.24048,-121.9482,Laux Rd
Butte_Sink_2021,BS2021-010,Little Pocket_DS of I80,2021-04-13T03:38:51Z,2021-04-12 19:38:51.085099,164.387,Lower Sac R,38.52448,-121.52849,4/7/2021 7:20:00,276,39.24048,-121.9482,Laux Rd
Butte_Sink_2021,BS2021-010,Little Pocket_DS of I80,2021-04-13T03:38:54Z,2021-04-12 19:38:54.058400,164.387,Lower Sac R,38.52448,-121.52849,4/7/2021 7:20:00,276,39.24048,-121.9482,Laux Rd
Butte_Sink_2021,BS2021-010,Little Pocket_DS of I80,2021-04-13T03:39:00Z,2021-04-12 19:39:00.817000,164.387,Lower Sac R,38.52448,-121.52849,4/7/2021 7:20:00,276,39.24048,-121.9482,Laux Rd
Butte_Sink_2021,BS2021-010,Little Pocket_DS of I80,2021-04-13T03:39:13Z,2021-04-12 19:39:13.519100,164.387,Lower Sac R,38.52448,-121.52849,4/7/2021 7:20:00,276,39.24048,-121.9482,Laux Rd
Butte_Sink_2021,BS2021-010,Little Pocket_DS of I80,2021-04-13T03:39:15Z,2021-04-12 19:39:15.411900,164.387,Lower Sac R,38.52448,-121.52849,4/7/2021 7:20:00,276,39.24048,-121.9482,Laux Rd
Butte_Sink_2021,BS2021-010,Little Pocket_DS of I80,2021-04-13T03:39:18Z,2021-04-12 19:39:18.384600,164.387,Lower Sac R,38.52448,-121.52849,4/7/2021 7:20:00,276,39.24048,-121.9482,Laux Rd
Butte_Sink_2021,BS2021-010,Little Pocket_DS of I80,2021-04-13T03:39:20Z,2021-04-12 19:39:20.277400,164.387,Lower Sac R,38.52448,-121.52849,4/7/2021 7:20:00,276,39.24048,-121.9482,Laux Rd
Butte_Sink_2021,BS2021-010,Little Pocket_DS of I80,2021-04-13T03:39:23Z,2021-04-12 19:39:23.249700,164.387,Lower Sac R,38.52448,-121.52849,4/7/2021 7:20:00,276,39.24048,-121.9482,Laux Rd
Butte_Sink_2021,BS2021-010,Little Pocket_DS of I80,2021-04-13T03:39:25Z,2021-04-12 19:39:25.142500,164.387,Lower Sac R,38.52448,-121.52849,4/7/2021 7:20:00,276,39.24048,-121.9482,Laux Rd
Butte_Sink_2021,BS2021-010,Little Pocket_DS of I80,2021-04-13T03:39:28Z,2021-04-12 19:39:28.114600,164.387,Lower Sac R,38.52448,-121.52849,4/7/2021 7:20:00,276,39.24048,-121.9482,Laux Rd
Butte_Sink_2021,BS2021-010,Little Pocket_DS of I80,2021-04-13T03:39:44Z,2021-04-12 19:39:44.603900,164.387,Lower Sac R,38.52448,-121.52849,4/7/2021 7:20:00,276,39.24048,-121.9482,Laux Rd
Butte_Sink_2021,BS2021-010,Little Pocket_DS of I80,2021-04-13T03:39:52Z,2021-04-12 19:39:52.444400,164.387,Lower Sac R,38.52448,-121.52849,4/7/2021 7:20:00,276,39.24048,-121.9482,Laux Rd
Butte_Sink_2021,BS2021-010,Little Pocket_DS of I80,2021-04-13T03:39:54Z,2021-04-12 19:39:54.336900,164.387,Lower Sac R,38.52448,-121.52849,4/7/2021 7:20:00,276,39.24048,-121.9482,Laux Rd
Butte_Sink_2021,BS2021-010,Little Pocket_DS of I80,2021-04-13T03:40:02Z,2021-04-12 19:40:02.175199,164.387,Lower Sac R,38.52448,-121.52849,4/7/2021 7:20:00,276,39.24048,-121.9482,Laux Rd
Butte_Sink_2021,BS2021-010,Little Pocket_DS of I80,2021-04-13T03:40:04Z,2021-04-12 19:40:04.067399,164.387,Lower Sac R,38.52448,-121.52849,4/7/2021 7:20:00,276,39.24048,-121.9482,Laux Rd
Butte_Sink_2021,BS2021-010,Little Pocket_DS of I80,2021-04-13T03:40:11Z,2021-04-12 19:40:11.906100,164.387,Lower Sac R,38.52448,-121.52849,4/7/2021 7:20:00,276,39.24048,-121.9482,Laux Rd
Butte_Sink_2021,BS2021-010,Little Pocket_DS of I80,2021-04-13T03:40:13Z,2021-04-12 19:40:13.798200,164.387,Lower Sac R,38.52448,-121.52849,4/7/2021 7:20:00,276,39.24048,-121.9482,Laux Rd
Butte_Sink_2021,BS2021-010,Little Pocket_DS of I80,2021-04-13T03:40:21Z,2021-04-12 19:40:21.636200,164.387,Lower Sac R,38.52448,-121.52849,4/7/2021 7:20:00,276,39.24048,-121.9482,Laux Rd
Butte_Sink_2021,BS2021-010,Little Pocket_DS of I80,2021-04-13T03:40:23Z,2021-04-12 19:40:23.528200,164.387,Lower Sac R,38.52448,-121.52849,4/7/2021 7:20:00,276,39.24048,-121.9482,Laux Rd
Butte_Sink_2021,BS2021-010,Little Pocket_DS of I80,2021-04-13T03:40:26Z,2021-04-12 19:40:26.498900,164.387,Lower Sac R,38.52448,-121.52849,4/7/2021 7:20:00,276,39.24048,-121.9482,Laux Rd
Butte_Sink_2021,BS2021-010,Little Pocket_DS of I80,2021-04-13T03:40:28Z,2021-04-12 19:40:28.390599,164.387,Lower Sac R,38.52448,-121.52849,4/7/2021 7:20:00,276,39.24048,-121.9482,Laux Rd
Butte_Sink_2021,BS2021-010,Little Pocket_DS of I80,2021-04-13T03:40:36Z,2021-04-12 19:40:36.223500,164.387,Lower Sac R,38.52448,-121.52849,4/7/2021 7:20:00,276,39.24048,-121.9482,Laux Rd
Butte_Sink_2021,BS2021-010,Little Pocket_DS of I80,2021-04-13T03:40:52Z,2021-04-12 19:40:52.705800,164.387,Lower Sac R,38.52448,-121.52849,4/7/2021 7:20:00,276,39.24048,-121.9482,Laux Rd
Butte_Sink_2021,BS2021-010,Little Pocket_DS of I80,2021-04-13T03:40:55Z,2021-04-12 19:40:55.678200,164.387,Lower Sac R,38.52448,-121.52849,4/7/2021 7:20:00,276,39.24048,-121.9482,Laux Rd
Butte_Sink_2021,BS2021-010,Little Pocket_DS of I80,2021-04-13T03:40:57Z,2021-04-12 19:40:57.570399,164.387,Lower Sac R,38.52448,-121.52849,4/7/2021 7:20:00,276,39.24048,-121.9482,Laux Rd
Butte_Sink_2021,BS2021-010,Little Pocket_DS of I80,2021-04-13T03:41:00Z,2021-04-12 19:41:00.541599,164.387,Lower Sac R,38.52448,-121.52849,4/7/2021 7:20:00,276,39.24048,-121.9482,Laux Rd
Butte_Sink_2021,BS2021-010,Little Pocket_DS of I80,2021-04-13T03:41:02Z,2021-04-12 19:41:02.434000,164.387,Lower Sac R,38.52448,-121.52849,4/7/2021 7:20:00,276,39.24048,-121.9482,Laux Rd
Butte_Sink_2021,BS2021-010,Little Pocket_DS of I80,2021-04-13T03:41:05Z,2021-04-12 19:41:05.405700,164.387,Lower Sac R,38.52448,-121.52849,4/7/2021 7:20:00,276,39.24048,-121.9482,Laux Rd
Butte_Sink_2021,BS2021-010,Little Pocket_DS of I80,2021-04-13T03:41:07Z,2021-04-12 19:41:07.298500,164.387,Lower Sac R,38.52448,-121.52849,4/7/2021 7:20:00,276,39.24048,-121.9482,Laux Rd
Butte_Sink_2021,BS2021-010,Little Pocket_DS of I80,2021-04-13T03:41:10Z,2021-04-12 19:41:10.269299,164.387,Lower Sac R,38.52448,-121.52849,4/7/2021 7:20:00,276,39.24048,-121.9482,Laux Rd
Butte_Sink_2021,BS2021-010,Little Pocket_DS of I80,2021-04-13T03:41:12Z,2021-04-12 19:41:12.162600,164.387,Lower Sac R,38.52448,-121.52849,4/7/2021 7:20:00,276,39.24048,-121.9482,Laux Rd
Butte_Sink_2021,BS2021-010,Little Pocket_DS of I80,2021-04-13T03:41:15Z,2021-04-12 19:41:15.134100,164.387,Lower Sac R,38.52448,-121.52849,4/7/2021 7:20:00,276,39.24048,-121.9482,Laux Rd
Butte_Sink_2021,BS2021-010,Little Pocket_DS of I80,2021-04-13T03:41:17Z,2021-04-12 19:41:17.028000,164.387,Lower Sac R,38.52448,-121.52849,4/7/2021 7:20:00,276,39.24048,-121.9482,Laux Rd
Butte_Sink_2021,BS2021-010,Little Pocket_DS of I80,2021-04-13T03:41:19Z,2021-04-12 19:41:19.998999,164.387,Lower Sac R,38.52448,-121.52849,4/7/2021 7:20:00,276,39.24048,-121.9482,Laux Rd
Butte_Sink_2021,BS2021-010,Little Pocket_DS of I80,2021-04-13T03:41:21Z,2021-04-12 19:41:21.893800,164.387,Lower Sac R,38.52448,-121.52849,4/7/2021 7:20:00,276,39.24048,-121.9482,Laux Rd
Butte_Sink_2021,BS2021-010,Little Pocket_DS of I80,2021-04-13T03:41:24Z,2021-04-12 19:41:24.863700,164.387,Lower Sac R,38.52448,-121.52849,4/7/2021 7:20:00,276,39.24048,-121.9482,Laux Rd
Butte_Sink_2021,BS2021-010,Little Pocket_DS of I80,2021-04-13T03:41:26Z,2021-04-12 19:41:26.759900,164.387,Lower Sac R,38.52448,-121.52849,4/7/2021 7:20:00,276,39.24048,-121.9482,Laux Rd
Butte_Sink_2021,BS2021-010,Little Pocket_DS of I80,2021-04-13T03:41:29Z,2021-04-12 19:41:29.728199,164.387,Lower Sac R,38.52448,-121.52849,4/7/2021 7:20:00,276,39.24048,-121.9482,Laux Rd
Butte_Sink_2021,BS2021-010,Little Pocket_DS of I80,2021-04-13T03:41:31Z,2021-04-12 19:41:31.626199,164.387,Lower Sac R,38.52448,-121.52849,4/7/2021 7:20:00,276,39.24048,-121.9482,Laux Rd
Butte_Sink_2021,BS2021-010,Little Pocket_DS of I80,2021-04-13T03:41:34Z,2021-04-12 19:41:34.593399,164.387,Lower Sac R,38.52448,-121.52849,4/7/2021 7:20:00,276,39.24048,-121.9482,Laux Rd
Butte_Sink_2021,BS2021-010,Little Pocket_DS of I80,2021-04-13T03:41:51Z,2021-04-12 19:41:51.093200,164.387,Lower Sac R,38.52448,-121.52849,4/7/2021 7:20:00,276,39.24048,-121.9482,Laux Rd
Butte_Sink_2021,BS2021-010,Little Pocket_DS of I80,2021-04-13T03:41:58Z,2021-04-12 19:41:58.917700,164.387,Lower Sac R,38.52448,-121.52849,4/7/2021 7:20:00,276,39.24048,-121.9482,Laux Rd
Butte_Sink_2021,BS2021-010,Little Pocket_DS of I80,2021-04-13T03:42:25Z,2021-04-12 19:42:25.160499,164.387,Lower Sac R,38.52448,-121.52849,4/7/2021 7:20:00,276,39.24048,-121.9482,Laux Rd
Butte_Sink_2021,BS2021-010,Little Pocket_DS of I80,2021-04-13T03:42:28Z,2021-04-12 19:42:28.113500,164.387,Lower Sac R,38.52448,-121.52849,4/7/2021 7:20:00,276,39.24048,-121.9482,Laux Rd
Butte_Sink_2021,BS2021-010,Little Pocket_DS of I80,2021-04-13T03:42:30Z,2021-04-12 19:42:30.027799,164.387,Lower Sac R,38.52448,-121.52849,4/7/2021 7:20:00,276,39.24048,-121.9482,Laux Rd
Butte_Sink_2021,BS2021-010,Little Pocket_DS of I80,2021-04-13T03:42:32Z,2021-04-12 19:42:32.980100,164.387,Lower Sac R,38.52448,-121.52849,4/7/2021 7:20:00,276,39.24048,-121.9482,Laux Rd
Butte_Sink_2021,BS2021-010,Little Pocket_DS of I80,2021-04-13T03:42:44Z,2021-04-12 19:42:44.630600,164.387,Lower Sac R,38.52448,-121.52849,4/7/2021 7:20:00,276,39.24048,-121.9482,Laux Rd
Butte_Sink_2021,BS2021-010,Little Pocket_DS of I80,2021-04-13T03:42:47Z,2021-04-12 19:42:47.582600,164.387,Lower Sac R,38.52448,-121.52849,4/7/2021 7:20:00,276,39.24048,-121.9482,Laux Rd
Butte_Sink_2021,BS2021-010,Little Pocket_DS of I80,2021-04-13T03:42:49Z,2021-04-12 19:42:49.498800,164.387,Lower Sac R,38.52448,-121.52849,4/7/2021 7:20:00,276,39.24048,-121.9482,Laux Rd
Butte_Sink_2021,BS2021-010,Little Pocket_DS of I80,2021-04-13T03:42:52Z,2021-04-12 19:42:52.451300,164.387,Lower Sac R,38.52448,-121.52849,4/7/2021 7:20:00,276,39.24048,-121.9482,Laux Rd
Butte_Sink_2021,BS2021-010,Little Pocket_DS of I80,2021-04-13T03:42:54Z,2021-04-12 19:42:54.367800,164.387,Lower Sac R,38.52448,-121.52849,4/7/2021 7:20:00,276,39.24048,-121.9482,Laux Rd
Butte_Sink_2021,BS2021-010,Little Pocket_DS of I80,2021-04-13T03:42:57Z,2021-04-12 19:42:57.319199,164.387,Lower Sac R,38.52448,-121.52849,4/7/2021 7:20:00,276,39.24048,-121.9482,Laux Rd
Butte_Sink_2021,BS2021-010,Little Pocket_DS of I80,2021-04-13T03:45:25Z,2021-04-12 19:45:25.239800,164.387,Lower Sac R,38.52448,-121.52849,4/7/2021 7:20:00,276,39.24048,-121.9482,Laux Rd
Butte_Sink_2021,BS2021-010,Little Pocket_DS of I80,2021-04-13T03:46:07Z,2021-04-12 19:46:07.123200,164.387,Lower Sac R,38.52448,-121.52849,4/7/2021 7:20:00,276,39.24048,-121.9482,Laux Rd
Butte_Sink_2021,BS2021-010,Little Pocket_DS of I80,2021-04-13T03:46:33Z,2021-04-12 19:46:33.383400,164.387,Lower Sac R,38.52448,-121.52849,4/7/2021 7:20:00,276,39.24048,-121.9482,Laux Rd
Butte_Sink_2021,BS2021-010,Little Pocket_DS of I80,2021-04-13T03:46:46Z,2021-04-12 19:46:46.067900,164.387,Lower Sac R,38.52448,-121.52849,4/7/2021 7:20:00,276,39.24048,-121.9482,Laux Rd
Butte_Sink_2021,BS2021-010,Little Pocket_DS of I80,2021-04-13T03:46:47Z,2021-04-12 19:46:47.984700,164.387,Lower Sac R,38.52448,-121.52849,4/7/2021 7:20:00,276,39.24048,-121.9482,Laux Rd
Butte_Sink_2021,BS2021-010,Little Pocket_DS of I80,2021-04-13T03:46:50Z,2021-04-12 19:46:50.933600,164.387,Lower Sac R,38.52448,-121.52849,4/7/2021 7:20:00,276,39.24048,-121.9482,Laux Rd
Butte_Sink_2021,BS2021-010,Little Pocket_DS of I80,2021-04-13T03:46:57Z,2021-04-12 19:46:57.716100,164.387,Lower Sac R,38.52448,-121.52849,4/7/2021 7:20:00,276,39.24048,-121.9482,Laux Rd
Butte_Sink_2021,BS2021-010,Little Pocket_DS of I80,2021-04-13T03:47:20Z,2021-04-12 19:47:20.131099,164.387,Lower Sac R,38.52448,-121.52849,4/7/2021 7:20:00,276,39.24048,-121.9482,Laux Rd
Butte_Sink_2021,BS2021-010,Little Pocket_DS of I80,2021-04-13T03:47:22Z,2021-04-12 19:47:22.047500,164.387,Lower Sac R,38.52448,-121.52849,4/7/2021 7:20:00,276,39.24048,-121.9482,Laux Rd
Butte_Sink_2021,BS2021-010,Little Pocket_DS of I80,2021-04-13T03:47:24Z,2021-04-12 19:47:24.998399,164.387,Lower Sac R,38.52448,-121.52849,4/7/2021 7:20:00,276,39.24048,-121.9482,Laux Rd
Butte_Sink_2021,BS2021-010,SacTrawl1,2021-04-12T10:05:57Z,2021-04-12 02:05:57.491899,167.008,Lower Sac R,38.54081,-121.51331,4/7/2021 7:20:00,276,39.24048,-121.9482,Laux Rd
Butte_Sink_2021,BS2021-010,TowerBridge,2021-04-12T06:51:24Z,2021-04-11 22:51:24.081600,172,Lower Sac R,38.5802,-121.508,4/7/2021 7:20:00,276,39.24048,-121.9482,Laux Rd
Butte_Sink_2021,BS2021-010,TowerBridge,2021-04-12T06:53:08Z,2021-04-11 22:53:08.029300,172,Lower Sac R,38.5802,-121.508,4/7/2021 7:20:00,276,39.24048,-121.9482,Laux Rd
Butte_Sink_2021,BS2021-010,TowerBridge,2021-04-12T06:53:08Z,2021-04-11 22:53:08.679100,172,Lower Sac R,38.5802,-121.508,4/7/2021 7:20:00,276,39.24048,-121.9482,Laux Rd
Butte_Sink_2021,BS2021-010,TowerBridge,2021-04-12T06:53:13Z,2021-04-11 22:53:13.103799,172,Lower Sac R,38.5802,-121.508,4/7/2021 7:20:00,276,39.24048,-121.9482,Laux Rd
Butte_Sink_2021,BS2021-010,TowerBridge,2021-04-12T06:53:13Z,2021-04-11 22:53:13.105600,172,Lower Sac R,38.5802,-121.508,4/7/2021 7:20:00,276,39.24048,-121.9482,Laux Rd
Butte_Sink_2021,BS2021-010,TowerBridge,2021-04-12T06:53:13Z,2021-04-11 22:53:13.755700,172,Lower Sac R,38.5802,-121.508,4/7/2021 7:20:00,276,39.24048,-121.9482,Laux Rd
Butte_Sink_2021,BS2021-010,TowerBridge,2021-04-12T06:53:18Z,2021-04-11 22:53:18.179900,172,Lower Sac R,38.5802,-121.508,4/7/2021 7:20:00,276,39.24048,-121.9482,Laux Rd
Butte_Sink_2021,BS2021-010,TowerBridge,2021-04-12T06:53:18Z,2021-04-11 22:53:18.831799,172,Lower Sac R,38.5802,-121.508,4/7/2021 7:20:00,276,39.24048,-121.9482,Laux Rd
Butte_Sink_2021,BS2021-010,TowerBridge,2021-04-12T06:53:28Z,2021-04-11 22:53:28.331000,172,Lower Sac R,38.5802,-121.508,4/7/2021 7:20:00,276,39.24048,-121.9482,Laux Rd
Butte_Sink_2021,BS2021-010,TowerBridge,2021-04-12T06:53:28Z,2021-04-11 22:53:28.982799,172,Lower Sac R,38.5802,-121.508,4/7/2021 7:20:00,276,39.24048,-121.9482,Laux Rd
Butte_Sink_2021,BS2021-010,TowerBridge,2021-04-12T06:53:33Z,2021-04-11 22:53:33.407300,172,Lower Sac R,38.5802,-121.508,4/7/2021 7:20:00,276,39.24048,-121.9482,Laux Rd
Butte_Sink_2021,BS2021-010,TowerBridge,2021-04-12T06:53:33Z,2021-04-11 22:53:33.408500,172,Lower Sac R,38.5802,-121.508,4/7/2021 7:20:00,276,39.24048,-121.9482,Laux Rd
Butte_Sink_2021,BS2021-010,TowerBridge,2021-04-12T06:53:34Z,2021-04-11 22:53:34.058799,172,Lower Sac R,38.5802,-121.508,4/7/2021 7:20:00,276,39.24048,-121.9482,Laux Rd
Butte_Sink_2021,BS2021-010,TowerBridge,2021-04-12T06:53:38Z,2021-04-11 22:53:38.484800,172,Lower Sac R,38.5802,-121.508,4/7/2021 7:20:00,276,39.24048,-121.9482,Laux Rd
Butte_Sink_2021,BS2021-010,TowerBridge,2021-04-12T06:53:38Z,2021-04-11 22:53:38.486000,172,Lower Sac R,38.5802,-121.508,4/7/2021 7:20:00,276,39.24048,-121.9482,Laux Rd
Butte_Sink_2021,BS2021-010,TowerBridge,2021-04-12T06:53:39Z,2021-04-11 22:53:39.135600,172,Lower Sac R,38.5802,-121.508,4/7/2021 7:20:00,276,39.24048,-121.9482,Laux Rd
Butte_Sink_2021,BS2021-010,TowerBridge,2021-04-12T06:53:43Z,2021-04-11 22:53:43.561700,172,Lower Sac R,38.5802,-121.508,4/7/2021 7:20:00,276,39.24048,-121.9482,Laux Rd
Butte_Sink_2021,BS2021-010,TowerBridge,2021-04-12T06:53:43Z,2021-04-11 22:53:43.562900,172,Lower Sac R,38.5802,-121.508,4/7/2021 7:20:00,276,39.24048,-121.9482,Laux Rd
Butte_Sink_2021,BS2021-010,TowerBridge,2021-04-12T06:53:48Z,2021-04-11 22:53:48.638700,172,Lower Sac R,38.5802,-121.508,4/7/2021 7:20:00,276,39.24048,-121.9482,Laux Rd
Butte_Sink_2021,BS2021-010,TowerBridge,2021-04-12T06:53:48Z,2021-04-11 22:53:48.639800,172,Lower Sac R,38.5802,-121.508,4/7/2021 7:20:00,276,39.24048,-121.9482,Laux Rd
Butte_Sink_2021,BS2021-010,TowerBridge,2021-04-12T06:53:49Z,2021-04-11 22:53:49.287300,172,Lower Sac R,38.5802,-121.508,4/7/2021 7:20:00,276,39.24048,-121.9482,Laux Rd
Butte_Sink_2021,BS2021-010,TowerBridge,2021-04-12T06:53:53Z,2021-04-11 22:53:53.716700,172,Lower Sac R,38.5802,-121.508,4/7/2021 7:20:00,276,39.24048,-121.9482,Laux Rd
Butte_Sink_2021,BS2021-010,TowerBridge,2021-04-12T06:53:53Z,2021-04-11 22:53:53.717799,172,Lower Sac R,38.5802,-121.508,4/7/2021 7:20:00,276,39.24048,-121.9482,Laux Rd
Butte_Sink_2021,BS2021-010,TowerBridge,2021-04-12T06:53:54Z,2021-04-11 22:53:54.364100,172,Lower Sac R,38.5802,-121.508,4/7/2021 7:20:00,276,39.24048,-121.9482,Laux Rd
Butte_Sink_2021,BS2021-010,TowerBridge,2021-04-12T06:53:58Z,2021-04-11 22:53:58.795599,172,Lower Sac R,38.5802,-121.508,4/7/2021 7:20:00,276,39.24048,-121.9482,Laux Rd
Butte_Sink_2021,BS2021-010,TowerBridge,2021-04-12T06:53:59Z,2021-04-11 22:53:59.441100,172,Lower Sac R,38.5802,-121.508,4/7/2021 7:20:00,276,39.24048,-121.9482,Laux Rd
Butte_Sink_2021,BS2021-010,TowerBridge,2021-04-12T06:54:03Z,2021-04-11 22:54:03.873800,172,Lower Sac R,38.5802,-121.508,4/7/2021 7:20:00,276,39.24048,-121.9482,Laux Rd
Butte_Sink_2021,BS2021-010,TowerBridge,2021-04-12T06:54:09Z,2021-04-11 22:54:09.595200,172,Lower Sac R,38.5802,-121.508,4/7/2021 7:20:00,276,39.24048,-121.9482,Laux Rd
Butte_Sink_2021,BS2021-010,TowerBridge,2021-04-12T06:54:19Z,2021-04-11 22:54:19.107799,172,Lower Sac R,38.5802,-121.508,4/7/2021 7:20:00,276,39.24048,-121.9482,Laux Rd
Butte_Sink_2021,BS2021-010,TowerBridge,2021-04-12T06:54:19Z,2021-04-11 22:54:19.749900,172,Lower Sac R,38.5802,-121.508,4/7/2021 7:20:00,276,39.24048,-121.9482,Laux Rd
Butte_Sink_2021,BS2021-010,TowerBridge,2021-04-12T06:54:24Z,2021-04-11 22:54:24.186700,172,Lower Sac R,38.5802,-121.508,4/7/2021 7:20:00,276,39.24048,-121.9482,Laux Rd
Butte_Sink_2021,BS2021-010,TowerBridge,2021-04-12T06:54:24Z,2021-04-11 22:54:24.828200,172,Lower Sac R,38.5802,-121.508,4/7/2021 7:20:00,276,39.24048,-121.9482,Laux Rd
Butte_Sink_2021,BS2021-010,TowerBridge,2021-04-12T06:55:09Z,2021-04-11 22:55:09.895600,172,Lower Sac R,38.5802,-121.508,4/7/2021 7:20:00,276,39.24048,-121.9482,Laux Rd
Butte_Sink_2021,BS2021-010,TowerBridge,2021-04-12T06:55:10Z,2021-04-11 22:55:10.531499,172,Lower Sac R,38.5802,-121.508,4/7/2021 7:20:00,276,39.24048,-121.9482,Laux Rd
Butte_Sink_2021,BS2021-010,TowerBridge,2021-04-12T06:55:14Z,2021-04-11 22:55:14.972800,172,Lower Sac R,38.5802,-121.508,4/7/2021 7:20:00,276,39.24048,-121.9482,Laux Rd
Butte_Sink_2021,BS2021-010,TowerBridge,2021-04-12T06:55:15Z,2021-04-11 22:55:15.609600,172,Lower Sac R,38.5802,-121.508,4/7/2021 7:20:00,276,39.24048,-121.9482,Laux Rd
Butte_Sink_2021,BS2021-010,TowerBridge,2021-04-12T06:55:25Z,2021-04-11 22:55:25.131699,172,Lower Sac R,38.5802,-121.508,4/7/2021 7:20:00,276,39.24048,-121.9482,Laux Rd
Butte_Sink_2021,BS2021-010,TowerBridge,2021-04-12T06:55:25Z,2021-04-11 22:55:25.132299,172,Lower Sac R,38.5802,-121.508,4/7/2021 7:20:00,276,39.24048,-121.9482,Laux Rd
Butte_Sink_2021,BS2021-010,TowerBridge,2021-04-12T06:55:30Z,2021-04-11 22:55:30.211900,172,Lower Sac R,38.5802,-121.508,4/7/2021 7:20:00,276,39.24048,-121.9482,Laux Rd
Butte_Sink_2021,BS2021-010,TowerBridge,2021-04-12T06:55:30Z,2021-04-11 22:55:30.212400,172,Lower Sac R,38.5802,-121.508,4/7/2021 7:20:00,276,39.24048,-121.9482,Laux Rd
Butte_Sink_2021,BS2021-010,TowerBridge,2021-04-12T06:55:30Z,2021-04-11 22:55:30.850400,172,Lower Sac R,38.5802,-121.508,4/7/2021 7:20:00,276,39.24048,-121.9482,Laux Rd
Butte_Sink_2021,BS2021-010,TowerBridge,2021-04-12T06:55:40Z,2021-04-11 22:55:40.370999,172,Lower Sac R,38.5802,-121.508,4/7/2021 7:20:00,276,39.24048,-121.9482,Laux Rd
Butte_Sink_2021,BS2021-010,TowerBridge,2021-04-12T06:55:41Z,2021-04-11 22:55:41.010099,172,Lower Sac R,38.5802,-121.508,4/7/2021 7:20:00,276,39.24048,-121.9482,Laux Rd
Butte_Sink_2021,BS2021-010,TowerBridge,2021-04-12T06:56:51Z,2021-04-11 22:56:51.471199,172,Lower Sac R,38.5802,-121.508,4/7/2021 7:20:00,276,39.24048,-121.9482,Laux Rd
Butte_Sink_2021,BS2021-010,TowerBridge,2021-04-12T07:53:08Z,2021-04-11 23:53:08.029000,172,Lower Sac R,38.5802,-121.508,4/7/2021 7:20:00,276,39.24048,-121.9482,Laux Rd
Butte_Sink_2021,BS2021-013,Butte1,2021-04-16T06:47:26Z,2021-04-15 22:47:26.401700,249.05,Sutter Bypass,39.09834,-121.75655,4/7/2021 7:20:00,276,39.24048,-121.9482,Laux Rd
Butte_Sink_2021,BS2021-013,Butte1,2021-04-16T09:45:11Z,2021-04-16 01:45:11.855400,249.05,Sutter Bypass,39.09834,-121.75655,4/7/2021 7:20:00,276,39.24048,-121.9482,Laux Rd
Butte_Sink_2021,BS2021-013,Butte1,2021-04-17T00:17:21Z,2021-04-16 16:17:21.300200,249.05,Sutter Bypass,39.09834,-121.75655,4/7/2021 7:20:00,276,39.24048,-121.9482,Laux Rd
Butte_Sink_2021,BS2021-013,Laux Rd,2021-04-07T15:20:00Z,2021-04-07 07:20:00.000000,276,Butte Creek,39.24048,-121.9482,4/7/2021 7:20:00,276,39.24048,-121.9482,Laux Rd
Butte_Sink_2021,BS2021-013,UpperButte3,2021-04-11T02:52:01Z,2021-04-10 18:52:01.550000,267.216,Butte Creek,39.1876,-121.90903,4/7/2021 7:20:00,276,39.24048,-121.9482,Laux Rd
Butte_Sink_2021,BS2021-014,Laux Rd,2021-04-07T15:20:00Z,2021-04-07 07:20:00.000000,276,Butte Creek,39.24048,-121.9482,4/7/2021 7:20:00,276,39.24048,-121.9482,Laux Rd
Butte_Sink_2021,BS2021-014,UpperButte3,2021-04-08T03:35:52Z,2021-04-07 19:35:52.726699,267.216,Butte Creek,39.1876,-121.90903,4/7/2021 7:20:00,276,39.24048,-121.9482,Laux Rd
Butte_Sink_2021,BS2021-014,UpperButte4,2021-04-09T13:52:43Z,2021-04-09 05:52:43.420400,253.917,Butte Creek,39.127655,-121.81653,4/7/2021 7:20:00,276,39.24048,-121.9482,Laux Rd
Butte_Sink_2021,BS2021-015,Laux Rd,2021-04-07T15:20:00Z,2021-04-07 07:20:00.000000,276,Butte Creek,39.24048,-121.9482,4/7/2021 7:20:00,276,39.24048,-121.9482,Laux Rd
Butte_Sink_2021,BS2021-015,UpperButte3,2021-04-08T15:20:30Z,2021-04-08 07:20:30.528400,267.216,Butte Creek,39.1876,-121.90903,4/7/2021 7:20:00,276,39.24048,-121.9482,Laux Rd
Butte_Sink_2021,BS2021-015,UpperButte4,2021-04-10T07:46:11Z,2021-04-09 23:46:11.415699,253.917,Butte Creek,39.127655,-121.81653,4/7/2021 7:20:00,276,39.24048,-121.9482,Laux Rd
Butte_Sink_2021,BS2021-016,Laux Rd,2021-04-07T15:20:00Z,2021-04-07 07:20:00.000000,276,Butte Creek,39.24048,-121.9482,4/7/2021 7:20:00,276,39.24048,-121.9482,Laux Rd
Butte_Sink_2021,BS2021-019,Laux Rd,2021-04-07T15:20:00Z,2021-04-07 07:20:00.000000,276,Butte Creek,39.24048,-121.9482,4/7/2021 7:20:00,276,39.24048,-121.9482,Laux Rd
Butte_Sink_2021,BS2021-021,Laux Rd,2021-04-07T15:20:00Z,2021-04-07 07:20:00.000000,276,Butte Creek,39.24048,-121.9482,4/7/2021 7:20:00,276,39.24048,-121.9482,Laux Rd
Butte_Sink_2021,BS2021-022,Butte_Slough_Outfall_Gate,2021-04-09T14:40:59Z,2021-04-09 06:40:59.907999,270.487,Butte Creek,39.19517,-121.93591,4/7/2021 15:20:00,276,39.24048,-121.9482,Laux Rd
Butte_Sink_2021,BS2021-022,Laux Rd,2021-04-07T23:20:00Z,2021-04-07 15:20:00.000000,276,Butte Creek,39.24048,-121.9482,4/7/2021 15:20:00,276,39.24048,-121.9482,Laux Rd
Butte_Sink_2021,BS2021-022,UpperButte3,2021-04-12T10:44:17Z,2021-04-12 02:44:17.391999,267.216,Butte Creek,39.1876,-121.90903,4/7/2021 15:20:00,276,39.24048,-121.9482,Laux Rd
Butte_Sink_2021,BS2021-022,UpperButte4,2021-04-16T14:25:15Z,2021-04-16 06:25:15.963500,253.917,Butte Creek,39.127655,-121.81653,4/7/2021 15:20:00,276,39.24048,-121.9482,Laux Rd
Butte_Sink_2021,BS2021-023,Laux Rd,2021-04-07T23:20:00Z,2021-04-07 15:20:00.000000,276,Butte Creek,39.24048,-121.9482,4/7/2021 15:20:00,276,39.24048,-121.9482,Laux Rd
Butte_Sink_2021,BS2021-024,Laux Rd,2021-04-07T23:20:00Z,2021-04-07 15:20:00.000000,276,Butte Creek,39.24048,-121.9482,4/7/2021 15:20:00,276,39.24048,-121.9482,Laux Rd
Butte_Sink_2021,BS2021-025,Laux Rd,2021-04-07T23:20:00Z,2021-04-07 15:20:00.000000,276,Butte Creek,39.24048,-121.9482,4/7/2021 15:20:00,276,39.24048,-121.9482,Laux Rd
