StudyID,FishID,GEN,time,GenRKM,Region,GenLat,GenLon,RelRKM,release_latitude,release_longitude,Rel_loc
DeerCk_Wild_CHK_2017,DC2017-001,DeerCk2,2017-05-17T12:55:27Z,433.468,DeerCk,39.962704,-122.03343,441.728,39.9974,-121.967735,DeerCk_RST_Rel
DeerCk_Wild_CHK_2017,DC2017-001,DeerCk3,2017-05-17T19:49:00Z,433.168,DeerCk,39.962097,-122.03614,441.728,39.9974,-121.967735,DeerCk_RST_Rel
DeerCk_Wild_CHK_2017,DC2017-001,DeerCk4,2017-05-18T11:36:35Z,429.858,DeerCk,39.943893,-122.05831,441.728,39.9974,-121.967735,DeerCk_RST_Rel
DeerCk_Wild_CHK_2017,DC2017-001,DeerCk_RST_Rel,2017-05-16T05:00:00Z,441.728,DeerCk,39.9974,-121.967735,441.728,39.9974,-121.967735,DeerCk_RST_Rel
DeerCk_Wild_CHK_2017,DC2017-002,DeerCk2,2017-05-17T06:32:53Z,433.468,DeerCk,39.962704,-122.03343,441.728,39.9974,-121.967735,DeerCk_RST_Rel
DeerCk_Wild_CHK_2017,DC2017-002,DeerCk3,2017-05-17T06:39:10Z,433.168,DeerCk,39.962097,-122.03614,441.728,39.9974,-121.967735,DeerCk_RST_Rel
DeerCk_Wild_CHK_2017,DC2017-002,DeerCk4,2017-05-17T07:31:52Z,429.858,DeerCk,39.943893,-122.05831,441.728,39.9974,-121.967735,DeerCk_RST_Rel
DeerCk_Wild_CHK_2017,DC2017-002,DeerCk_RST_Rel,2017-05-16T05:00:00Z,441.728,DeerCk,39.9974,-121.967735,441.728,39.9974,-121.967735,DeerCk_RST_Rel
DeerCk_Wild_CHK_2017,DC2017-003,DeerCk2,2017-05-17T11:32:02Z,433.468,DeerCk,39.962704,-122.03343,441.728,39.9974,-121.967735,DeerCk_RST_Rel
DeerCk_Wild_CHK_2017,DC2017-003,DeerCk3,2017-05-17T11:38:46Z,433.168,DeerCk,39.962097,-122.03614,441.728,39.9974,-121.967735,DeerCk_RST_Rel
DeerCk_Wild_CHK_2017,DC2017-003,DeerCk4,2017-05-18T05:20:20Z,429.858,DeerCk,39.943893,-122.05831,441.728,39.9974,-121.967735,DeerCk_RST_Rel
DeerCk_Wild_CHK_2017,DC2017-003,DeerCk_RST_Rel,2017-05-16T05:00:00Z,441.728,DeerCk,39.9974,-121.967735,441.728,39.9974,-121.967735,DeerCk_RST_Rel
DeerCk_Wild_CHK_2017,DC2017-004,DeerCk1,2017-05-18T09:58:35Z,437.268,DeerCk,39.97184,-121.99537,441.728,39.9974,-121.967735,DeerCk_RST_Rel
DeerCk_Wild_CHK_2017,DC2017-004,DeerCk2,2017-05-18T10:53:52Z,433.468,DeerCk,39.962704,-122.03343,441.728,39.9974,-121.967735,DeerCk_RST_Rel
DeerCk_Wild_CHK_2017,DC2017-004,DeerCk3,2017-05-18T11:09:13Z,433.168,DeerCk,39.962097,-122.03614,441.728,39.9974,-121.967735,DeerCk_RST_Rel
DeerCk_Wild_CHK_2017,DC2017-004,DeerCk4,2017-05-19T10:45:03Z,429.858,DeerCk,39.943893,-122.05831,441.728,39.9974,-121.967735,DeerCk_RST_Rel
DeerCk_Wild_CHK_2017,DC2017-004,DeerCk_RST_Rel,2017-05-17T05:00:00Z,441.728,DeerCk,39.9974,-121.967735,441.728,39.9974,-121.967735,DeerCk_RST_Rel
DeerCk_Wild_CHK_2017,DC2017-005,DeerCk1,2017-05-21T05:44:52Z,437.268,DeerCk,39.97184,-121.99537,441.728,39.9974,-121.967735,DeerCk_RST_Rel
DeerCk_Wild_CHK_2017,DC2017-005,DeerCk2,2017-05-21T06:42:29Z,433.468,DeerCk,39.962704,-122.03343,441.728,39.9974,-121.967735,DeerCk_RST_Rel
DeerCk_Wild_CHK_2017,DC2017-005,DeerCk3,2017-05-21T06:49:16Z,433.168,DeerCk,39.962097,-122.03614,441.728,39.9974,-121.967735,DeerCk_RST_Rel
DeerCk_Wild_CHK_2017,DC2017-005,DeerCk4,2017-05-21T08:26:25Z,429.858,DeerCk,39.943893,-122.05831,441.728,39.9974,-121.967735,DeerCk_RST_Rel
DeerCk_Wild_CHK_2017,DC2017-005,DeerCk_RST_Rel,2017-05-20T05:00:00Z,441.728,DeerCk,39.9974,-121.967735,441.728,39.9974,-121.967735,DeerCk_RST_Rel
DeerCk_Wild_CHK_2017,DC2017-006,DeerCk1,2017-05-23T05:12:23Z,437.268,DeerCk,39.97184,-121.99537,441.728,39.9974,-121.967735,DeerCk_RST_Rel
DeerCk_Wild_CHK_2017,DC2017-006,DeerCk2,2017-05-23T06:06:33Z,433.468,DeerCk,39.962704,-122.03343,441.728,39.9974,-121.967735,DeerCk_RST_Rel
DeerCk_Wild_CHK_2017,DC2017-006,DeerCk3,2017-05-23T06:11:50Z,433.168,DeerCk,39.962097,-122.03614,441.728,39.9974,-121.967735,DeerCk_RST_Rel
DeerCk_Wild_CHK_2017,DC2017-006,DeerCk4,2017-05-23T11:21:35Z,429.858,DeerCk,39.943893,-122.05831,441.728,39.9974,-121.967735,DeerCk_RST_Rel
DeerCk_Wild_CHK_2017,DC2017-006,DeerCk_RST_Rel,2017-05-20T05:00:00Z,441.728,DeerCk,39.9974,-121.967735,441.728,39.9974,-121.967735,DeerCk_RST_Rel
DeerCk_Wild_CHK_2017,DC2017-007,DeerCk1,2017-05-21T06:16:16Z,437.268,DeerCk,39.97184,-121.99537,441.728,39.9974,-121.967735,DeerCk_RST_Rel
DeerCk_Wild_CHK_2017,DC2017-007,DeerCk2,2017-05-22T05:44:19Z,433.468,DeerCk,39.962704,-122.03343,441.728,39.9974,-121.967735,DeerCk_RST_Rel
DeerCk_Wild_CHK_2017,DC2017-007,DeerCk3,2017-05-22T05:50:01Z,433.168,DeerCk,39.962097,-122.03614,441.728,39.9974,-121.967735,DeerCk_RST_Rel
DeerCk_Wild_CHK_2017,DC2017-007,DeerCk4,2017-05-22T06:40:32Z,429.858,DeerCk,39.943893,-122.05831,441.728,39.9974,-121.967735,DeerCk_RST_Rel
DeerCk_Wild_CHK_2017,DC2017-007,DeerCk_RST_Rel,2017-05-20T05:00:00Z,441.728,DeerCk,39.9974,-121.967735,441.728,39.9974,-121.967735,DeerCk_RST_Rel
DeerCk_Wild_CHK_2017,DC2017-008,Abv_WoodsonBr,2017-05-26T16:40:35Z,425.158,Upper Sac R,39.920094,-122.08446000000001,441.728,39.9974,-121.967735,DeerCk_RST_Rel
DeerCk_Wild_CHK_2017,DC2017-008,Blw_IrvineFinch,2017-05-27T01:23:44Z,394.668,Upper Sac R,39.73146,-121.97483,441.728,39.9974,-121.967735,DeerCk_RST_Rel
DeerCk_Wild_CHK_2017,DC2017-008,Blw_IrvineFinch,2017-05-27T01:23:59Z,394.668,Upper Sac R,39.73146,-121.97483,441.728,39.9974,-121.967735,DeerCk_RST_Rel
DeerCk_Wild_CHK_2017,DC2017-008,Blw_IrvineFinch,2017-05-27T01:24:04Z,394.668,Upper Sac R,39.73146,-121.97483,441.728,39.9974,-121.967735,DeerCk_RST_Rel
DeerCk_Wild_CHK_2017,DC2017-008,BlwOrd,2017-05-28T06:03:28Z,361.728,Upper Sac R,39.56548,-122.0018,441.728,39.9974,-121.967735,DeerCk_RST_Rel
DeerCk_Wild_CHK_2017,DC2017-008,BlwOrd,2017-05-28T07:26:39Z,361.728,Upper Sac R,39.56548,-122.0018,441.728,39.9974,-121.967735,DeerCk_RST_Rel
DeerCk_Wild_CHK_2017,DC2017-008,ButteBr,2017-05-28T20:35:46Z,344.108,Lower Sac R,39.4569,-121.995,441.728,39.9974,-121.967735,DeerCk_RST_Rel
DeerCk_Wild_CHK_2017,DC2017-008,ButteBr,2017-05-28T22:06:19Z,344.108,Lower Sac R,39.4569,-121.995,441.728,39.9974,-121.967735,DeerCk_RST_Rel
DeerCk_Wild_CHK_2017,DC2017-008,Colusa AC2,2017-05-29T14:34:38Z,318.618,Lower Sac R,39.28007,-122.01891,441.728,39.9974,-121.967735,DeerCk_RST_Rel
DeerCk_Wild_CHK_2017,DC2017-008,Colusa AC2,2017-05-29T14:37:57Z,318.618,Lower Sac R,39.28007,-122.01891,441.728,39.9974,-121.967735,DeerCk_RST_Rel
DeerCk_Wild_CHK_2017,DC2017-008,Colusa AC2,2017-05-29T14:38:06Z,318.618,Lower Sac R,39.28007,-122.01891,441.728,39.9974,-121.967735,DeerCk_RST_Rel
DeerCk_Wild_CHK_2017,DC2017-008,Colusa AC2,2017-05-29T14:38:12Z,318.618,Lower Sac R,39.28007,-122.01891,441.728,39.9974,-121.967735,DeerCk_RST_Rel
DeerCk_Wild_CHK_2017,DC2017-008,Colusa AC2,2017-05-29T14:38:16Z,318.618,Lower Sac R,39.28007,-122.01891,441.728,39.9974,-121.967735,DeerCk_RST_Rel
DeerCk_Wild_CHK_2017,DC2017-008,Colusa AC2,2017-05-29T14:38:27Z,318.618,Lower Sac R,39.28007,-122.01891,441.728,39.9974,-121.967735,DeerCk_RST_Rel
DeerCk_Wild_CHK_2017,DC2017-008,Colusa AC2,2017-05-29T14:38:31Z,318.618,Lower Sac R,39.28007,-122.01891,441.728,39.9974,-121.967735,DeerCk_RST_Rel
DeerCk_Wild_CHK_2017,DC2017-008,Colusa AC2,2017-05-29T14:38:32Z,318.618,Lower Sac R,39.28007,-122.01891,441.728,39.9974,-121.967735,DeerCk_RST_Rel
DeerCk_Wild_CHK_2017,DC2017-008,Colusa AC2,2017-05-29T14:38:42Z,318.618,Lower Sac R,39.28007,-122.01891,441.728,39.9974,-121.967735,DeerCk_RST_Rel
DeerCk_Wild_CHK_2017,DC2017-008,Colusa AC2,2017-05-29T14:40:18Z,318.618,Lower Sac R,39.28007,-122.01891,441.728,39.9974,-121.967735,DeerCk_RST_Rel
DeerCk_Wild_CHK_2017,DC2017-008,Colusa AC2,2017-05-29T14:40:53Z,318.618,Lower Sac R,39.28007,-122.01891,441.728,39.9974,-121.967735,DeerCk_RST_Rel
DeerCk_Wild_CHK_2017,DC2017-008,Colusa AC2,2017-05-29T14:40:59Z,318.618,Lower Sac R,39.28007,-122.01891,441.728,39.9974,-121.967735,DeerCk_RST_Rel
DeerCk_Wild_CHK_2017,DC2017-008,Colusa AC2,2017-05-29T14:41:03Z,318.618,Lower Sac R,39.28007,-122.01891,441.728,39.9974,-121.967735,DeerCk_RST_Rel
DeerCk_Wild_CHK_2017,DC2017-008,Colusa AC2,2017-05-29T14:41:04Z,318.618,Lower Sac R,39.28007,-122.01891,441.728,39.9974,-121.967735,DeerCk_RST_Rel
DeerCk_Wild_CHK_2017,DC2017-008,Colusa AC2,2017-05-29T14:41:09Z,318.618,Lower Sac R,39.28007,-122.01891,441.728,39.9974,-121.967735,DeerCk_RST_Rel
DeerCk_Wild_CHK_2017,DC2017-008,Colusa AC3,2017-05-29T06:30:52Z,331.158,Lower Sac R,39.36038,-122.01373,441.728,39.9974,-121.967735,DeerCk_RST_Rel
DeerCk_Wild_CHK_2017,DC2017-008,Colusa AC3,2017-05-29T06:31:32Z,331.158,Lower Sac R,39.36038,-122.01373,441.728,39.9974,-121.967735,DeerCk_RST_Rel
DeerCk_Wild_CHK_2017,DC2017-008,Colusa AC3,2017-05-29T06:33:54Z,331.158,Lower Sac R,39.36038,-122.01373,441.728,39.9974,-121.967735,DeerCk_RST_Rel
DeerCk_Wild_CHK_2017,DC2017-008,Colusa AC3,2017-05-29T06:35:24Z,331.158,Lower Sac R,39.36038,-122.01373,441.728,39.9974,-121.967735,DeerCk_RST_Rel
DeerCk_Wild_CHK_2017,DC2017-008,Colusa AC3,2017-05-29T06:36:41Z,331.158,Lower Sac R,39.36038,-122.01373,441.728,39.9974,-121.967735,DeerCk_RST_Rel
DeerCk_Wild_CHK_2017,DC2017-008,Colusa BC2,2017-05-29T22:25:47Z,296.278,Lower Sac R,39.184963,-121.943214,441.728,39.9974,-121.967735,DeerCk_RST_Rel
DeerCk_Wild_CHK_2017,DC2017-008,Colusa BC2,2017-05-29T22:26:27Z,296.278,Lower Sac R,39.184963,-121.943214,441.728,39.9974,-121.967735,DeerCk_RST_Rel
DeerCk_Wild_CHK_2017,DC2017-008,Colusa BC2,2017-05-29T22:27:02Z,296.278,Lower Sac R,39.184963,-121.943214,441.728,39.9974,-121.967735,DeerCk_RST_Rel
DeerCk_Wild_CHK_2017,DC2017-008,Colusa BC2,2017-05-29T22:27:28Z,296.278,Lower Sac R,39.184963,-121.943214,441.728,39.9974,-121.967735,DeerCk_RST_Rel
DeerCk_Wild_CHK_2017,DC2017-008,Colusa BC2,2017-05-29T22:27:43Z,296.278,Lower Sac R,39.184963,-121.943214,441.728,39.9974,-121.967735,DeerCk_RST_Rel
DeerCk_Wild_CHK_2017,DC2017-008,Colusa BC2,2017-05-29T22:28:13Z,296.278,Lower Sac R,39.184963,-121.943214,441.728,39.9974,-121.967735,DeerCk_RST_Rel
DeerCk_Wild_CHK_2017,DC2017-008,Colusa BC2,2017-05-29T22:28:54Z,296.278,Lower Sac R,39.184963,-121.943214,441.728,39.9974,-121.967735,DeerCk_RST_Rel
DeerCk_Wild_CHK_2017,DC2017-008,Colusa BC2,2017-05-29T22:28:59Z,296.278,Lower Sac R,39.184963,-121.943214,441.728,39.9974,-121.967735,DeerCk_RST_Rel
DeerCk_Wild_CHK_2017,DC2017-008,Colusa BC2,2017-05-29T22:29:04Z,296.278,Lower Sac R,39.184963,-121.943214,441.728,39.9974,-121.967735,DeerCk_RST_Rel
DeerCk_Wild_CHK_2017,DC2017-008,Colusa BC2,2017-05-29T22:29:09Z,296.278,Lower Sac R,39.184963,-121.943214,441.728,39.9974,-121.967735,DeerCk_RST_Rel
DeerCk_Wild_CHK_2017,DC2017-008,Colusa BC2,2017-05-29T22:29:14Z,296.278,Lower Sac R,39.184963,-121.943214,441.728,39.9974,-121.967735,DeerCk_RST_Rel
DeerCk_Wild_CHK_2017,DC2017-008,Colusa BC2,2017-05-29T22:29:19Z,296.278,Lower Sac R,39.184963,-121.943214,441.728,39.9974,-121.967735,DeerCk_RST_Rel
DeerCk_Wild_CHK_2017,DC2017-008,Colusa BC2,2017-05-29T22:29:24Z,296.278,Lower Sac R,39.184963,-121.943214,441.728,39.9974,-121.967735,DeerCk_RST_Rel
DeerCk_Wild_CHK_2017,DC2017-008,Colusa BC2,2017-05-29T22:29:29Z,296.278,Lower Sac R,39.184963,-121.943214,441.728,39.9974,-121.967735,DeerCk_RST_Rel
DeerCk_Wild_CHK_2017,DC2017-008,Colusa BC2,2017-05-29T22:29:34Z,296.278,Lower Sac R,39.184963,-121.943214,441.728,39.9974,-121.967735,DeerCk_RST_Rel
DeerCk_Wild_CHK_2017,DC2017-008,Colusa BC2,2017-05-29T22:29:39Z,296.278,Lower Sac R,39.184963,-121.943214,441.728,39.9974,-121.967735,DeerCk_RST_Rel
DeerCk_Wild_CHK_2017,DC2017-008,Colusa BC2,2017-05-29T22:29:49Z,296.278,Lower Sac R,39.184963,-121.943214,441.728,39.9974,-121.967735,DeerCk_RST_Rel
DeerCk_Wild_CHK_2017,DC2017-008,Colusa BC2,2017-05-29T22:29:54Z,296.278,Lower Sac R,39.184963,-121.943214,441.728,39.9974,-121.967735,DeerCk_RST_Rel
DeerCk_Wild_CHK_2017,DC2017-008,Colusa BC2,2017-05-29T22:30:04Z,296.278,Lower Sac R,39.184963,-121.943214,441.728,39.9974,-121.967735,DeerCk_RST_Rel
DeerCk_Wild_CHK_2017,DC2017-008,Colusa BC2,2017-05-29T22:30:09Z,296.278,Lower Sac R,39.184963,-121.943214,441.728,39.9974,-121.967735,DeerCk_RST_Rel
DeerCk_Wild_CHK_2017,DC2017-008,Colusa BC2,2017-05-29T22:30:15Z,296.278,Lower Sac R,39.184963,-121.943214,441.728,39.9974,-121.967735,DeerCk_RST_Rel
DeerCk_Wild_CHK_2017,DC2017-008,Colusa BC2,2017-05-29T22:30:30Z,296.278,Lower Sac R,39.184963,-121.943214,441.728,39.9974,-121.967735,DeerCk_RST_Rel
DeerCk_Wild_CHK_2017,DC2017-008,Colusa BC2,2017-05-29T22:30:35Z,296.278,Lower Sac R,39.184963,-121.943214,441.728,39.9974,-121.967735,DeerCk_RST_Rel
DeerCk_Wild_CHK_2017,DC2017-008,Colusa BC2,2017-05-29T22:30:40Z,296.278,Lower Sac R,39.184963,-121.943214,441.728,39.9974,-121.967735,DeerCk_RST_Rel
DeerCk_Wild_CHK_2017,DC2017-008,Colusa BC2,2017-05-29T22:30:45Z,296.278,Lower Sac R,39.184963,-121.943214,441.728,39.9974,-121.967735,DeerCk_RST_Rel
DeerCk_Wild_CHK_2017,DC2017-008,Colusa BC2,2017-05-29T22:30:50Z,296.278,Lower Sac R,39.184963,-121.943214,441.728,39.9974,-121.967735,DeerCk_RST_Rel
DeerCk_Wild_CHK_2017,DC2017-008,Colusa BC2,2017-05-29T22:31:20Z,296.278,Lower Sac R,39.184963,-121.943214,441.728,39.9974,-121.967735,DeerCk_RST_Rel
DeerCk_Wild_CHK_2017,DC2017-008,Colusa BC2,2017-05-29T22:31:25Z,296.278,Lower Sac R,39.184963,-121.943214,441.728,39.9974,-121.967735,DeerCk_RST_Rel
DeerCk_Wild_CHK_2017,DC2017-008,Colusa BC2,2017-05-29T22:31:30Z,296.278,Lower Sac R,39.184963,-121.943214,441.728,39.9974,-121.967735,DeerCk_RST_Rel
DeerCk_Wild_CHK_2017,DC2017-008,Colusa BC3,2017-05-30T01:44:14Z,287.208,Lower Sac R,39.13132,-121.936554,441.728,39.9974,-121.967735,DeerCk_RST_Rel
DeerCk_Wild_CHK_2017,DC2017-008,DeerCk1,2017-05-26T08:34:14Z,437.268,DeerCk,39.97184,-121.99537,441.728,39.9974,-121.967735,DeerCk_RST_Rel
DeerCk_Wild_CHK_2017,DC2017-008,DeerCk2,2017-05-26T09:31:59Z,433.468,DeerCk,39.962704,-122.03343,441.728,39.9974,-121.967735,DeerCk_RST_Rel
DeerCk_Wild_CHK_2017,DC2017-008,DeerCk3,2017-05-26T09:38:36Z,433.168,DeerCk,39.962097,-122.03614,441.728,39.9974,-121.967735,DeerCk_RST_Rel
DeerCk_Wild_CHK_2017,DC2017-008,DeerCk4,2017-05-26T10:27:10Z,429.858,DeerCk,39.943893,-122.05831,441.728,39.9974,-121.967735,DeerCk_RST_Rel
DeerCk_Wild_CHK_2017,DC2017-008,DeerCk_RST_Rel,2017-05-25T20:00:00Z,441.728,DeerCk,39.9974,-121.967735,441.728,39.9974,-121.967735,DeerCk_RST_Rel
DeerCk_Wild_CHK_2017,DC2017-008,GCID_blw,2017-05-26T22:27:01Z,404.428,Upper Sac R,39.79114,-122.036026,441.728,39.9974,-121.967735,DeerCk_RST_Rel
DeerCk_Wild_CHK_2017,DC2017-008,GCID_blw,2017-05-26T22:37:42Z,404.428,Upper Sac R,39.79114,-122.036026,441.728,39.9974,-121.967735,DeerCk_RST_Rel
DeerCk_Wild_CHK_2017,DC2017-009,DeerCk1,2017-05-28T03:32:35Z,437.268,DeerCk,39.97184,-121.99537,441.728,39.9974,-121.967735,DeerCk_RST_Rel
DeerCk_Wild_CHK_2017,DC2017-009,DeerCk2,2017-05-29T06:01:52Z,433.468,DeerCk,39.962704,-122.03343,441.728,39.9974,-121.967735,DeerCk_RST_Rel
DeerCk_Wild_CHK_2017,DC2017-009,DeerCk3,2017-05-29T06:08:10Z,433.168,DeerCk,39.962097,-122.03614,441.728,39.9974,-121.967735,DeerCk_RST_Rel
DeerCk_Wild_CHK_2017,DC2017-009,DeerCk4,2017-05-29T09:12:06Z,429.858,DeerCk,39.943893,-122.05831,441.728,39.9974,-121.967735,DeerCk_RST_Rel
DeerCk_Wild_CHK_2017,DC2017-009,DeerCk_RST,2017-05-26T18:17:10Z,442.028,DeerCk,39.99746,-121.96773,441.728,39.9974,-121.967735,DeerCk_RST_Rel
DeerCk_Wild_CHK_2017,DC2017-009,DeerCk_RST,2017-05-26T18:32:13Z,442.028,DeerCk,39.99746,-121.96773,441.728,39.9974,-121.967735,DeerCk_RST_Rel
DeerCk_Wild_CHK_2017,DC2017-009,DeerCk_RST_Rel,2017-05-26T18:30:00Z,441.728,DeerCk,39.9974,-121.967735,441.728,39.9974,-121.967735,DeerCk_RST_Rel
