StudyID,FishID,GEN,time,GenRKM,Region,GenLat,GenLon,RelRKM,release_latitude,release_longitude,Rel_loc
DeerCk_Wild_CHK_2019,DeerCk-CHK-2019-001,Abv_WoodsonBr,2019-12-08T06:07:33Z,425.158,Upper Sac R,39.920094,-122.08446000000001,441.728,39.9973,-121.9676,DeerCk_RST_Rel
DeerCk_Wild_CHK_2019,DeerCk-CHK-2019-001,Abv_WoodsonBr,2019-12-08T07:34:07Z,425.158,Upper Sac R,39.920094,-122.08446000000001,441.728,39.9973,-121.9676,DeerCk_RST_Rel
DeerCk_Wild_CHK_2019,DeerCk-CHK-2019-001,Abv_WoodsonBr,2019-12-08T07:39:09Z,425.158,Upper Sac R,39.920094,-122.08446000000001,441.728,39.9973,-121.9676,DeerCk_RST_Rel
DeerCk_Wild_CHK_2019,DeerCk-CHK-2019-001,DeerCk_RST_Rel,2019-11-29T18:08:00Z,441.728,DeerCk,39.9974,-121.967735,441.728,39.9973,-121.9676,DeerCk_RST_Rel
DeerCk_Wild_CHK_2019,DeerCk-CHK-2019-001,GCID_abv,2019-12-08T14:17:15Z,406.118,Upper Sac R,39.806767,-122.05846,441.728,39.9973,-121.9676,DeerCk_RST_Rel
DeerCk_Wild_CHK_2019,DeerCk-CHK-2019-001,GCID_blw,2019-12-08T15:49:27Z,404.428,Upper Sac R,39.79114,-122.036026,441.728,39.9973,-121.9676,DeerCk_RST_Rel
DeerCk_Wild_CHK_2019,DeerCk-CHK-2019-002,DeerCk_RST_Rel,2019-12-03T19:48:00Z,441.728,DeerCk,39.9974,-121.967735,441.728,39.9973,-121.9676,DeerCk_RST_Rel
DeerCk_Wild_CHK_2019,DeerCk-CHK-2019-003,DeerCk_RST_Rel,2019-12-03T20:02:00Z,441.728,DeerCk,39.9974,-121.967735,441.728,39.9973,-121.9676,DeerCk_RST_Rel
DeerCk_Wild_CHK_2019,DeerCk-CHK-2019-004,Abv_Otter_Island,2019-12-08T16:06:41Z,419.398,Upper Sac R,39.882027,-122.064445,441.728,39.9973,-121.9676,DeerCk_RST_Rel
DeerCk_Wild_CHK_2019,DeerCk-CHK-2019-004,Abv_Otter_Island,2019-12-08T16:10:01Z,419.398,Upper Sac R,39.882027,-122.064445,441.728,39.9973,-121.9676,DeerCk_RST_Rel
DeerCk_Wild_CHK_2019,DeerCk-CHK-2019-004,Abv_WoodsonBr,2019-12-08T14:56:41Z,425.158,Upper Sac R,39.920094,-122.08446000000001,441.728,39.9973,-121.9676,DeerCk_RST_Rel
DeerCk_Wild_CHK_2019,DeerCk-CHK-2019-004,Blw_IrvineFinch,2019-12-09T02:11:26Z,394.668,Upper Sac R,39.73146,-121.97483,441.728,39.9973,-121.9676,DeerCk_RST_Rel
DeerCk_Wild_CHK_2019,DeerCk-CHK-2019-004,Blw_IrvineFinch,2019-12-09T02:12:25Z,394.668,Upper Sac R,39.73146,-121.97483,441.728,39.9973,-121.9676,DeerCk_RST_Rel
DeerCk_Wild_CHK_2019,DeerCk-CHK-2019-004,Blw_Woodson,2019-12-08T15:43:45Z,421.4,Upper Sac R,39.898,-122.06787,441.728,39.9973,-121.9676,DeerCk_RST_Rel
DeerCk_Wild_CHK_2019,DeerCk-CHK-2019-004,DeerCk_RST_Rel,2019-12-03T20:10:00Z,441.728,DeerCk,39.9974,-121.967735,441.728,39.9973,-121.9676,DeerCk_RST_Rel
DeerCk_Wild_CHK_2019,DeerCk-CHK-2019-004,GCID_abv,2019-12-08T22:32:19Z,406.118,Upper Sac R,39.806767,-122.05846,441.728,39.9973,-121.9676,DeerCk_RST_Rel
DeerCk_Wild_CHK_2019,DeerCk-CHK-2019-005,DeerCk_RST_Rel,2019-12-17T19:49:00Z,441.728,DeerCk,39.9974,-121.967735,441.728,39.9973,-121.9676,DeerCk_RST_Rel
DeerCk_Wild_CHK_2019,DeerCk-CHK-2019-006,DeerCk_RST_Rel,2019-12-17T20:00:00Z,441.728,DeerCk,39.9974,-121.967735,441.728,39.9973,-121.9676,DeerCk_RST_Rel
