StudyID,FishID,GEN,time,GenRKM,Region,GenLat,GenLon,RelRKM,release_latitude,release_longitude,Rel_loc
MillCk_Wild_CHK_2019,MillCk-CHK-2019-001,Abv_WoodsonBr,2019-12-08T14:07:25Z,425.158,Upper Sac R,39.920094,-122.08446000000001,450.703,40.0548,-122.032,MillCk_RST_Rel
MillCk_Wild_CHK_2019,MillCk-CHK-2019-001,Blw_IrvineFinch,2019-12-09T15:01:55Z,394.668,Upper Sac R,39.73146,-121.97483,450.703,40.0548,-122.032,MillCk_RST_Rel
MillCk_Wild_CHK_2019,MillCk-CHK-2019-001,Blw_IrvineFinch,2019-12-09T15:03:52Z,394.668,Upper Sac R,39.73146,-121.97483,450.703,40.0548,-122.032,MillCk_RST_Rel
MillCk_Wild_CHK_2019,MillCk-CHK-2019-001,BlwOrd,2019-12-10T04:24:43Z,361.728,Upper Sac R,39.56548,-122.0018,450.703,40.0548,-122.032,MillCk_RST_Rel
MillCk_Wild_CHK_2019,MillCk-CHK-2019-001,BlwOrd,2019-12-10T04:30:51Z,361.728,Upper Sac R,39.56548,-122.0018,450.703,40.0548,-122.032,MillCk_RST_Rel
MillCk_Wild_CHK_2019,MillCk-CHK-2019-001,GCID_abv,2019-12-09T04:31:21Z,406.118,Upper Sac R,39.806767,-122.05846,450.703,40.0548,-122.032,MillCk_RST_Rel
MillCk_Wild_CHK_2019,MillCk-CHK-2019-001,GCID_blw,2019-12-09T10:15:47Z,404.428,Upper Sac R,39.79114,-122.036026,450.703,40.0548,-122.032,MillCk_RST_Rel
MillCk_Wild_CHK_2019,MillCk-CHK-2019-001,GCID_blw,2019-12-09T10:19:38Z,404.428,Upper Sac R,39.79114,-122.036026,450.703,40.0548,-122.032,MillCk_RST_Rel
MillCk_Wild_CHK_2019,MillCk-CHK-2019-001,MillCk_RST_Rel,2019-12-03T22:38:00Z,450.703,Mill Ck,40.05479,-122.032104,450.703,40.0548,-122.032,MillCk_RST_Rel
MillCk_Wild_CHK_2019,MillCk-CHK-2019-002,MillCk_RST_Rel,2019-12-03T22:47:00Z,450.703,Mill Ck,40.05479,-122.032104,450.703,40.0548,-122.032,MillCk_RST_Rel
MillCk_Wild_CHK_2019,MillCk-CHK-2019-003,MillCk_RST_Rel,2019-12-10T21:23:00Z,450.703,Mill Ck,40.05479,-122.032104,450.703,40.0548,-122.032,MillCk_RST_Rel
MillCk_Wild_CHK_2019,MillCk-CHK-2019-004,MillCk_RST_Rel,2019-12-10T21:48:00Z,450.703,Mill Ck,40.05479,-122.032104,450.703,40.0548,-122.032,MillCk_RST_Rel
