StudyID,FishID,GEN,time,GenRKM,Region,GenLat,GenLon,RelRKM,release_latitude,release_longitude,Rel_loc
MillCk_Wild_CHK_2022,MC2022-001,MillCk3,2022-04-07T06:41:39Z,443.262,Mill Ck,40.040356,-122.104416,450.703,40.05479,-122.032104,MillCk_RST_Rel
MillCk_Wild_CHK_2022,MC2022-001,MillCk_RST,2022-04-05T19:52:26Z,450.702,Mill Ck,40.05479,-122.032104,450.703,40.05479,-122.032104,MillCk_RST_Rel
MillCk_Wild_CHK_2022,MC2022-001,MillCk_RST,2022-04-06T04:36:44Z,450.702,Mill Ck,40.05479,-122.032104,450.703,40.05479,-122.032104,MillCk_RST_Rel
MillCk_Wild_CHK_2022,MC2022-001,MillCk_RST,2022-04-06T06:15:36Z,450.702,Mill Ck,40.05479,-122.032104,450.703,40.05479,-122.032104,MillCk_RST_Rel
MillCk_Wild_CHK_2022,MC2022-001,MillCk_RST_Rel,2022-04-06T18:00:00Z,450.703,Mill Ck,40.05479,-122.032104,450.703,40.05479,-122.032104,MillCk_RST_Rel
MillCk_Wild_CHK_2022,MC2022-002,Abv_Otter_Island,2022-04-08T03:56:01Z,419.398,Upper Sac R,39.882027,-122.064445,450.703,40.05479,-122.032104,MillCk_RST_Rel
MillCk_Wild_CHK_2022,MC2022-002,Abv_Otter_Island,2022-04-08T03:59:06Z,419.398,Upper Sac R,39.882027,-122.064445,450.703,40.05479,-122.032104,MillCk_RST_Rel
MillCk_Wild_CHK_2022,MC2022-002,Abv_Otter_Island,2022-04-08T03:59:16Z,419.398,Upper Sac R,39.882027,-122.064445,450.703,40.05479,-122.032104,MillCk_RST_Rel
MillCk_Wild_CHK_2022,MC2022-002,Abv_Otter_Island,2022-04-08T03:59:56Z,419.398,Upper Sac R,39.882027,-122.064445,450.703,40.05479,-122.032104,MillCk_RST_Rel
MillCk_Wild_CHK_2022,MC2022-002,Abv_Otter_Island,2022-04-08T04:00:01Z,419.398,Upper Sac R,39.882027,-122.064445,450.703,40.05479,-122.032104,MillCk_RST_Rel
MillCk_Wild_CHK_2022,MC2022-002,Abv_Otter_Island,2022-04-08T04:00:22Z,419.398,Upper Sac R,39.882027,-122.064445,450.703,40.05479,-122.032104,MillCk_RST_Rel
MillCk_Wild_CHK_2022,MC2022-002,Abv_Otter_Island,2022-04-08T04:00:27Z,419.398,Upper Sac R,39.882027,-122.064445,450.703,40.05479,-122.032104,MillCk_RST_Rel
MillCk_Wild_CHK_2022,MC2022-002,Abv_Otter_Island,2022-04-08T04:00:32Z,419.398,Upper Sac R,39.882027,-122.064445,450.703,40.05479,-122.032104,MillCk_RST_Rel
MillCk_Wild_CHK_2022,MC2022-002,Abv_Otter_Island,2022-04-08T04:00:37Z,419.398,Upper Sac R,39.882027,-122.064445,450.703,40.05479,-122.032104,MillCk_RST_Rel
MillCk_Wild_CHK_2022,MC2022-002,Abv_Otter_Island,2022-04-08T04:00:42Z,419.398,Upper Sac R,39.882027,-122.064445,450.703,40.05479,-122.032104,MillCk_RST_Rel
MillCk_Wild_CHK_2022,MC2022-002,Abv_Otter_Island,2022-04-08T04:00:47Z,419.398,Upper Sac R,39.882027,-122.064445,450.703,40.05479,-122.032104,MillCk_RST_Rel
MillCk_Wild_CHK_2022,MC2022-002,Abv_Otter_Island,2022-04-08T04:00:52Z,419.398,Upper Sac R,39.882027,-122.064445,450.703,40.05479,-122.032104,MillCk_RST_Rel
MillCk_Wild_CHK_2022,MC2022-002,Abv_Otter_Island,2022-04-08T04:00:57Z,419.398,Upper Sac R,39.882027,-122.064445,450.703,40.05479,-122.032104,MillCk_RST_Rel
MillCk_Wild_CHK_2022,MC2022-002,Abv_Otter_Island,2022-04-08T04:01:02Z,419.398,Upper Sac R,39.882027,-122.064445,450.703,40.05479,-122.032104,MillCk_RST_Rel
MillCk_Wild_CHK_2022,MC2022-002,Abv_Otter_Island,2022-04-08T04:01:07Z,419.398,Upper Sac R,39.882027,-122.064445,450.703,40.05479,-122.032104,MillCk_RST_Rel
MillCk_Wild_CHK_2022,MC2022-002,Abv_Otter_Island,2022-04-08T04:01:12Z,419.398,Upper Sac R,39.882027,-122.064445,450.703,40.05479,-122.032104,MillCk_RST_Rel
MillCk_Wild_CHK_2022,MC2022-002,Abv_Otter_Island,2022-04-08T04:01:17Z,419.398,Upper Sac R,39.882027,-122.064445,450.703,40.05479,-122.032104,MillCk_RST_Rel
MillCk_Wild_CHK_2022,MC2022-002,Abv_Otter_Island,2022-04-08T04:01:22Z,419.398,Upper Sac R,39.882027,-122.064445,450.703,40.05479,-122.032104,MillCk_RST_Rel
MillCk_Wild_CHK_2022,MC2022-002,Abv_Otter_Island,2022-04-08T04:01:27Z,419.398,Upper Sac R,39.882027,-122.064445,450.703,40.05479,-122.032104,MillCk_RST_Rel
MillCk_Wild_CHK_2022,MC2022-002,Abv_Otter_Island,2022-04-08T04:01:32Z,419.398,Upper Sac R,39.882027,-122.064445,450.703,40.05479,-122.032104,MillCk_RST_Rel
MillCk_Wild_CHK_2022,MC2022-002,Abv_Otter_Island,2022-04-08T04:01:37Z,419.398,Upper Sac R,39.882027,-122.064445,450.703,40.05479,-122.032104,MillCk_RST_Rel
MillCk_Wild_CHK_2022,MC2022-002,Abv_Otter_Island,2022-04-08T04:01:42Z,419.398,Upper Sac R,39.882027,-122.064445,450.703,40.05479,-122.032104,MillCk_RST_Rel
MillCk_Wild_CHK_2022,MC2022-002,Abv_Otter_Island,2022-04-08T04:01:47Z,419.398,Upper Sac R,39.882027,-122.064445,450.703,40.05479,-122.032104,MillCk_RST_Rel
MillCk_Wild_CHK_2022,MC2022-002,Abv_Otter_Island,2022-04-08T04:02:07Z,419.398,Upper Sac R,39.882027,-122.064445,450.703,40.05479,-122.032104,MillCk_RST_Rel
MillCk_Wild_CHK_2022,MC2022-002,Abv_Otter_Island,2022-04-08T04:02:08Z,419.398,Upper Sac R,39.882027,-122.064445,450.703,40.05479,-122.032104,MillCk_RST_Rel
MillCk_Wild_CHK_2022,MC2022-002,Abv_Otter_Island,2022-04-08T04:02:13Z,419.398,Upper Sac R,39.882027,-122.064445,450.703,40.05479,-122.032104,MillCk_RST_Rel
MillCk_Wild_CHK_2022,MC2022-002,Abv_Otter_Island,2022-04-08T04:02:18Z,419.398,Upper Sac R,39.882027,-122.064445,450.703,40.05479,-122.032104,MillCk_RST_Rel
MillCk_Wild_CHK_2022,MC2022-002,Abv_Otter_Island,2022-04-08T04:02:28Z,419.398,Upper Sac R,39.882027,-122.064445,450.703,40.05479,-122.032104,MillCk_RST_Rel
MillCk_Wild_CHK_2022,MC2022-002,Abv_Otter_Island,2022-04-08T04:02:33Z,419.398,Upper Sac R,39.882027,-122.064445,450.703,40.05479,-122.032104,MillCk_RST_Rel
MillCk_Wild_CHK_2022,MC2022-002,Abv_Otter_Island,2022-04-08T04:02:38Z,419.398,Upper Sac R,39.882027,-122.064445,450.703,40.05479,-122.032104,MillCk_RST_Rel
MillCk_Wild_CHK_2022,MC2022-002,Abv_Otter_Island,2022-04-08T04:02:43Z,419.398,Upper Sac R,39.882027,-122.064445,450.703,40.05479,-122.032104,MillCk_RST_Rel
MillCk_Wild_CHK_2022,MC2022-002,Abv_Otter_Island,2022-04-08T04:02:48Z,419.398,Upper Sac R,39.882027,-122.064445,450.703,40.05479,-122.032104,MillCk_RST_Rel
MillCk_Wild_CHK_2022,MC2022-002,Abv_Otter_Island,2022-04-08T04:02:53Z,419.398,Upper Sac R,39.882027,-122.064445,450.703,40.05479,-122.032104,MillCk_RST_Rel
MillCk_Wild_CHK_2022,MC2022-002,Abv_Otter_Island,2022-04-08T04:02:58Z,419.398,Upper Sac R,39.882027,-122.064445,450.703,40.05479,-122.032104,MillCk_RST_Rel
MillCk_Wild_CHK_2022,MC2022-002,Abv_Otter_Island,2022-04-08T04:03:03Z,419.398,Upper Sac R,39.882027,-122.064445,450.703,40.05479,-122.032104,MillCk_RST_Rel
MillCk_Wild_CHK_2022,MC2022-002,Abv_Otter_Island,2022-04-08T04:03:08Z,419.398,Upper Sac R,39.882027,-122.064445,450.703,40.05479,-122.032104,MillCk_RST_Rel
MillCk_Wild_CHK_2022,MC2022-002,Abv_Otter_Island,2022-04-08T04:03:13Z,419.398,Upper Sac R,39.882027,-122.064445,450.703,40.05479,-122.032104,MillCk_RST_Rel
MillCk_Wild_CHK_2022,MC2022-002,Abv_Otter_Island,2022-04-08T04:03:18Z,419.398,Upper Sac R,39.882027,-122.064445,450.703,40.05479,-122.032104,MillCk_RST_Rel
MillCk_Wild_CHK_2022,MC2022-002,Abv_Otter_Island,2022-04-08T04:03:23Z,419.398,Upper Sac R,39.882027,-122.064445,450.703,40.05479,-122.032104,MillCk_RST_Rel
MillCk_Wild_CHK_2022,MC2022-002,Abv_Otter_Island,2022-04-08T04:03:28Z,419.398,Upper Sac R,39.882027,-122.064445,450.703,40.05479,-122.032104,MillCk_RST_Rel
MillCk_Wild_CHK_2022,MC2022-002,Abv_Otter_Island,2022-04-08T04:03:33Z,419.398,Upper Sac R,39.882027,-122.064445,450.703,40.05479,-122.032104,MillCk_RST_Rel
MillCk_Wild_CHK_2022,MC2022-002,Abv_Otter_Island,2022-04-08T04:03:38Z,419.398,Upper Sac R,39.882027,-122.064445,450.703,40.05479,-122.032104,MillCk_RST_Rel
MillCk_Wild_CHK_2022,MC2022-002,Abv_Otter_Island,2022-04-08T04:03:43Z,419.398,Upper Sac R,39.882027,-122.064445,450.703,40.05479,-122.032104,MillCk_RST_Rel
MillCk_Wild_CHK_2022,MC2022-002,Abv_Otter_Island,2022-04-08T04:03:48Z,419.398,Upper Sac R,39.882027,-122.064445,450.703,40.05479,-122.032104,MillCk_RST_Rel
MillCk_Wild_CHK_2022,MC2022-002,Abv_Otter_Island,2022-04-08T04:03:53Z,419.398,Upper Sac R,39.882027,-122.064445,450.703,40.05479,-122.032104,MillCk_RST_Rel
MillCk_Wild_CHK_2022,MC2022-002,Abv_Otter_Island,2022-04-08T04:03:58Z,419.398,Upper Sac R,39.882027,-122.064445,450.703,40.05479,-122.032104,MillCk_RST_Rel
MillCk_Wild_CHK_2022,MC2022-002,Abv_Otter_Island,2022-04-08T04:04:03Z,419.398,Upper Sac R,39.882027,-122.064445,450.703,40.05479,-122.032104,MillCk_RST_Rel
MillCk_Wild_CHK_2022,MC2022-002,Abv_Otter_Island,2022-04-08T04:04:09Z,419.398,Upper Sac R,39.882027,-122.064445,450.703,40.05479,-122.032104,MillCk_RST_Rel
MillCk_Wild_CHK_2022,MC2022-002,Abv_Otter_Island,2022-04-08T04:04:14Z,419.398,Upper Sac R,39.882027,-122.064445,450.703,40.05479,-122.032104,MillCk_RST_Rel
MillCk_Wild_CHK_2022,MC2022-002,Abv_Otter_Island,2022-04-08T04:04:19Z,419.398,Upper Sac R,39.882027,-122.064445,450.703,40.05479,-122.032104,MillCk_RST_Rel
MillCk_Wild_CHK_2022,MC2022-002,Abv_Otter_Island,2022-04-08T04:04:24Z,419.398,Upper Sac R,39.882027,-122.064445,450.703,40.05479,-122.032104,MillCk_RST_Rel
MillCk_Wild_CHK_2022,MC2022-002,Abv_Otter_Island,2022-04-08T04:04:29Z,419.398,Upper Sac R,39.882027,-122.064445,450.703,40.05479,-122.032104,MillCk_RST_Rel
MillCk_Wild_CHK_2022,MC2022-002,Abv_Otter_Island,2022-04-08T04:04:34Z,419.398,Upper Sac R,39.882027,-122.064445,450.703,40.05479,-122.032104,MillCk_RST_Rel
MillCk_Wild_CHK_2022,MC2022-002,Abv_Otter_Island,2022-04-08T04:04:59Z,419.398,Upper Sac R,39.882027,-122.064445,450.703,40.05479,-122.032104,MillCk_RST_Rel
MillCk_Wild_CHK_2022,MC2022-002,Abv_Otter_Island,2022-04-08T04:05:09Z,419.398,Upper Sac R,39.882027,-122.064445,450.703,40.05479,-122.032104,MillCk_RST_Rel
MillCk_Wild_CHK_2022,MC2022-002,Abv_Otter_Island,2022-04-08T04:05:14Z,419.398,Upper Sac R,39.882027,-122.064445,450.703,40.05479,-122.032104,MillCk_RST_Rel
MillCk_Wild_CHK_2022,MC2022-002,Abv_Otter_Island,2022-04-08T04:05:19Z,419.398,Upper Sac R,39.882027,-122.064445,450.703,40.05479,-122.032104,MillCk_RST_Rel
MillCk_Wild_CHK_2022,MC2022-002,Abv_WoodsonBr,2022-04-07T21:10:14Z,425.158,Upper Sac R,39.920094,-122.08446000000001,450.703,40.05479,-122.032104,MillCk_RST_Rel
MillCk_Wild_CHK_2022,MC2022-002,Abv_WoodsonBr,2022-04-07T21:11:30Z,425.158,Upper Sac R,39.920094,-122.08446000000001,450.703,40.05479,-122.032104,MillCk_RST_Rel
MillCk_Wild_CHK_2022,MC2022-002,Abv_WoodsonBr,2022-04-07T21:11:40Z,425.158,Upper Sac R,39.920094,-122.08446000000001,450.703,40.05479,-122.032104,MillCk_RST_Rel
MillCk_Wild_CHK_2022,MC2022-002,Abv_WoodsonBr,2022-04-07T21:11:45Z,425.158,Upper Sac R,39.920094,-122.08446000000001,450.703,40.05479,-122.032104,MillCk_RST_Rel
MillCk_Wild_CHK_2022,MC2022-002,Abv_WoodsonBr,2022-04-07T21:11:50Z,425.158,Upper Sac R,39.920094,-122.08446000000001,450.703,40.05479,-122.032104,MillCk_RST_Rel
MillCk_Wild_CHK_2022,MC2022-002,Abv_WoodsonBr,2022-04-07T21:11:55Z,425.158,Upper Sac R,39.920094,-122.08446000000001,450.703,40.05479,-122.032104,MillCk_RST_Rel
MillCk_Wild_CHK_2022,MC2022-002,Abv_WoodsonBr,2022-04-07T21:12:00Z,425.158,Upper Sac R,39.920094,-122.08446000000001,450.703,40.05479,-122.032104,MillCk_RST_Rel
MillCk_Wild_CHK_2022,MC2022-002,Abv_WoodsonBr,2022-04-07T21:12:05Z,425.158,Upper Sac R,39.920094,-122.08446000000001,450.703,40.05479,-122.032104,MillCk_RST_Rel
MillCk_Wild_CHK_2022,MC2022-002,Abv_WoodsonBr,2022-04-07T21:12:10Z,425.158,Upper Sac R,39.920094,-122.08446000000001,450.703,40.05479,-122.032104,MillCk_RST_Rel
MillCk_Wild_CHK_2022,MC2022-002,Abv_WoodsonBr,2022-04-07T21:12:15Z,425.158,Upper Sac R,39.920094,-122.08446000000001,450.703,40.05479,-122.032104,MillCk_RST_Rel
MillCk_Wild_CHK_2022,MC2022-002,Abv_WoodsonBr,2022-04-07T21:12:25Z,425.158,Upper Sac R,39.920094,-122.08446000000001,450.703,40.05479,-122.032104,MillCk_RST_Rel
MillCk_Wild_CHK_2022,MC2022-002,Abv_WoodsonBr,2022-04-07T21:12:46Z,425.158,Upper Sac R,39.920094,-122.08446000000001,450.703,40.05479,-122.032104,MillCk_RST_Rel
MillCk_Wild_CHK_2022,MC2022-002,Abv_WoodsonBr,2022-04-07T21:13:01Z,425.158,Upper Sac R,39.920094,-122.08446000000001,450.703,40.05479,-122.032104,MillCk_RST_Rel
MillCk_Wild_CHK_2022,MC2022-002,Abv_WoodsonBr,2022-04-07T21:13:21Z,425.158,Upper Sac R,39.920094,-122.08446000000001,450.703,40.05479,-122.032104,MillCk_RST_Rel
MillCk_Wild_CHK_2022,MC2022-002,Mill_Ck_Conf,2022-04-07T14:25:32Z,441.318,Upper Sac R,40.0327,-122.11987,450.703,40.05479,-122.032104,MillCk_RST_Rel
MillCk_Wild_CHK_2022,MC2022-002,Mill_Ck_Conf,2022-04-07T14:26:34Z,441.318,Upper Sac R,40.0327,-122.11987,450.703,40.05479,-122.032104,MillCk_RST_Rel
MillCk_Wild_CHK_2022,MC2022-002,Mill_Ck_Conf,2022-04-07T14:26:39Z,441.318,Upper Sac R,40.0327,-122.11987,450.703,40.05479,-122.032104,MillCk_RST_Rel
MillCk_Wild_CHK_2022,MC2022-002,Mill_Ck_Conf,2022-04-07T14:26:53Z,441.318,Upper Sac R,40.0327,-122.11987,450.703,40.05479,-122.032104,MillCk_RST_Rel
MillCk_Wild_CHK_2022,MC2022-002,Mill_Ck_Conf,2022-04-07T14:26:58Z,441.318,Upper Sac R,40.0327,-122.11987,450.703,40.05479,-122.032104,MillCk_RST_Rel
MillCk_Wild_CHK_2022,MC2022-002,Mill_Ck_Conf,2022-04-07T14:27:03Z,441.318,Upper Sac R,40.0327,-122.11987,450.703,40.05479,-122.032104,MillCk_RST_Rel
MillCk_Wild_CHK_2022,MC2022-002,Mill_Ck_Conf,2022-04-07T14:27:56Z,441.318,Upper Sac R,40.0327,-122.11987,450.703,40.05479,-122.032104,MillCk_RST_Rel
MillCk_Wild_CHK_2022,MC2022-002,Mill_Ck_Conf,2022-04-07T14:28:00Z,441.318,Upper Sac R,40.0327,-122.11987,450.703,40.05479,-122.032104,MillCk_RST_Rel
MillCk_Wild_CHK_2022,MC2022-002,MillCk3,2022-04-07T09:25:56Z,443.262,Mill Ck,40.040356,-122.104416,450.703,40.05479,-122.032104,MillCk_RST_Rel
MillCk_Wild_CHK_2022,MC2022-002,MillCk_RST,2022-04-05T20:51:57Z,450.702,Mill Ck,40.05479,-122.032104,450.703,40.05479,-122.032104,MillCk_RST_Rel
MillCk_Wild_CHK_2022,MC2022-002,MillCk_RST,2022-04-06T02:10:00Z,450.702,Mill Ck,40.05479,-122.032104,450.703,40.05479,-122.032104,MillCk_RST_Rel
MillCk_Wild_CHK_2022,MC2022-002,MillCk_RST,2022-04-06T04:24:05Z,450.702,Mill Ck,40.05479,-122.032104,450.703,40.05479,-122.032104,MillCk_RST_Rel
MillCk_Wild_CHK_2022,MC2022-002,MillCk_RST,2022-04-06T06:42:11Z,450.702,Mill Ck,40.05479,-122.032104,450.703,40.05479,-122.032104,MillCk_RST_Rel
MillCk_Wild_CHK_2022,MC2022-002,MillCk_RST,2022-04-06T08:36:35Z,450.702,Mill Ck,40.05479,-122.032104,450.703,40.05479,-122.032104,MillCk_RST_Rel
MillCk_Wild_CHK_2022,MC2022-002,MillCk_RST,2022-04-06T10:11:55Z,450.702,Mill Ck,40.05479,-122.032104,450.703,40.05479,-122.032104,MillCk_RST_Rel
MillCk_Wild_CHK_2022,MC2022-002,MillCk_RST,2022-04-06T14:20:50Z,450.702,Mill Ck,40.05479,-122.032104,450.703,40.05479,-122.032104,MillCk_RST_Rel
MillCk_Wild_CHK_2022,MC2022-002,MillCk_RST_Rel,2022-04-06T18:00:00Z,450.703,Mill Ck,40.05479,-122.032104,450.703,40.05479,-122.032104,MillCk_RST_Rel
MillCk_Wild_CHK_2022,MC2022-003,Abv_Otter_Island,2022-04-30T05:41:41Z,419.398,Upper Sac R,39.882027,-122.064445,450.703,40.05479,-122.032104,MillCk_RST_Rel
MillCk_Wild_CHK_2022,MC2022-003,Abv_WoodsonBr,2022-04-30T03:53:11Z,425.158,Upper Sac R,39.920094,-122.08446000000001,450.703,40.05479,-122.032104,MillCk_RST_Rel
MillCk_Wild_CHK_2022,MC2022-003,Abv_WoodsonBr,2022-04-30T03:54:16Z,425.158,Upper Sac R,39.920094,-122.08446000000001,450.703,40.05479,-122.032104,MillCk_RST_Rel
MillCk_Wild_CHK_2022,MC2022-003,Abv_WoodsonBr,2022-04-30T03:54:22Z,425.158,Upper Sac R,39.920094,-122.08446000000001,450.703,40.05479,-122.032104,MillCk_RST_Rel
MillCk_Wild_CHK_2022,MC2022-003,Abv_WoodsonBr,2022-04-30T03:54:31Z,425.158,Upper Sac R,39.920094,-122.08446000000001,450.703,40.05479,-122.032104,MillCk_RST_Rel
MillCk_Wild_CHK_2022,MC2022-003,Blw_IrvineFinch,2022-04-30T22:12:25Z,394.668,Upper Sac R,39.73146,-121.97483,450.703,40.05479,-122.032104,MillCk_RST_Rel
MillCk_Wild_CHK_2022,MC2022-003,BlwOrd,2022-05-02T09:52:35Z,361.728,Upper Sac R,39.56548,-122.0018,450.703,40.05479,-122.032104,MillCk_RST_Rel
MillCk_Wild_CHK_2022,MC2022-003,BlwOrd,2022-05-02T10:11:20Z,361.728,Upper Sac R,39.56548,-122.0018,450.703,40.05479,-122.032104,MillCk_RST_Rel
MillCk_Wild_CHK_2022,MC2022-003,GCID_abv,2022-04-30T17:49:13Z,406.118,Upper Sac R,39.806767,-122.05846,450.703,40.05479,-122.032104,MillCk_RST_Rel
MillCk_Wild_CHK_2022,MC2022-003,GCID_abv,2022-04-30T17:54:56Z,406.118,Upper Sac R,39.806767,-122.05846,450.703,40.05479,-122.032104,MillCk_RST_Rel
MillCk_Wild_CHK_2022,MC2022-003,GCID_abv,2022-04-30T17:55:04Z,406.118,Upper Sac R,39.806767,-122.05846,450.703,40.05479,-122.032104,MillCk_RST_Rel
MillCk_Wild_CHK_2022,MC2022-003,GCID_abv,2022-04-30T17:55:06Z,406.118,Upper Sac R,39.806767,-122.05846,450.703,40.05479,-122.032104,MillCk_RST_Rel
MillCk_Wild_CHK_2022,MC2022-003,GCID_abv,2022-04-30T17:55:09Z,406.118,Upper Sac R,39.806767,-122.05846,450.703,40.05479,-122.032104,MillCk_RST_Rel
MillCk_Wild_CHK_2022,MC2022-003,GCID_abv,2022-04-30T17:55:11Z,406.118,Upper Sac R,39.806767,-122.05846,450.703,40.05479,-122.032104,MillCk_RST_Rel
MillCk_Wild_CHK_2022,MC2022-003,GCID_abv,2022-04-30T17:55:24Z,406.118,Upper Sac R,39.806767,-122.05846,450.703,40.05479,-122.032104,MillCk_RST_Rel
MillCk_Wild_CHK_2022,MC2022-003,GCID_abv,2022-04-30T17:55:26Z,406.118,Upper Sac R,39.806767,-122.05846,450.703,40.05479,-122.032104,MillCk_RST_Rel
MillCk_Wild_CHK_2022,MC2022-003,GCID_abv,2022-04-30T17:55:39Z,406.118,Upper Sac R,39.806767,-122.05846,450.703,40.05479,-122.032104,MillCk_RST_Rel
MillCk_Wild_CHK_2022,MC2022-003,GCID_abv,2022-04-30T17:55:42Z,406.118,Upper Sac R,39.806767,-122.05846,450.703,40.05479,-122.032104,MillCk_RST_Rel
MillCk_Wild_CHK_2022,MC2022-003,GCID_abv,2022-04-30T17:55:49Z,406.118,Upper Sac R,39.806767,-122.05846,450.703,40.05479,-122.032104,MillCk_RST_Rel
MillCk_Wild_CHK_2022,MC2022-003,GCID_abv,2022-04-30T17:55:52Z,406.118,Upper Sac R,39.806767,-122.05846,450.703,40.05479,-122.032104,MillCk_RST_Rel
MillCk_Wild_CHK_2022,MC2022-003,GCID_abv,2022-04-30T17:56:10Z,406.118,Upper Sac R,39.806767,-122.05846,450.703,40.05479,-122.032104,MillCk_RST_Rel
MillCk_Wild_CHK_2022,MC2022-003,GCID_abv,2022-04-30T17:56:12Z,406.118,Upper Sac R,39.806767,-122.05846,450.703,40.05479,-122.032104,MillCk_RST_Rel
MillCk_Wild_CHK_2022,MC2022-003,GCID_abv,2022-04-30T17:58:17Z,406.118,Upper Sac R,39.806767,-122.05846,450.703,40.05479,-122.032104,MillCk_RST_Rel
MillCk_Wild_CHK_2022,MC2022-003,GCID_abv,2022-04-30T17:58:24Z,406.118,Upper Sac R,39.806767,-122.05846,450.703,40.05479,-122.032104,MillCk_RST_Rel
MillCk_Wild_CHK_2022,MC2022-003,GCID_abv,2022-04-30T17:58:27Z,406.118,Upper Sac R,39.806767,-122.05846,450.703,40.05479,-122.032104,MillCk_RST_Rel
MillCk_Wild_CHK_2022,MC2022-003,GCID_abv,2022-04-30T17:58:34Z,406.118,Upper Sac R,39.806767,-122.05846,450.703,40.05479,-122.032104,MillCk_RST_Rel
MillCk_Wild_CHK_2022,MC2022-003,GCID_abv,2022-04-30T17:58:57Z,406.118,Upper Sac R,39.806767,-122.05846,450.703,40.05479,-122.032104,MillCk_RST_Rel
MillCk_Wild_CHK_2022,MC2022-003,GCID_blw,2022-04-30T19:09:12Z,404.428,Upper Sac R,39.79114,-122.036026,450.703,40.05479,-122.032104,MillCk_RST_Rel
MillCk_Wild_CHK_2022,MC2022-003,Mill_Ck_Conf,2022-04-29T10:34:17Z,441.318,Upper Sac R,40.0327,-122.11987,450.703,40.05479,-122.032104,MillCk_RST_Rel
MillCk_Wild_CHK_2022,MC2022-003,MillCk3,2022-04-29T05:08:17Z,443.262,Mill Ck,40.040356,-122.104416,450.703,40.05479,-122.032104,MillCk_RST_Rel
MillCk_Wild_CHK_2022,MC2022-003,MillCk_RST,2022-04-27T05:40:01Z,450.702,Mill Ck,40.05479,-122.032104,450.703,40.05479,-122.032104,MillCk_RST_Rel
MillCk_Wild_CHK_2022,MC2022-003,MillCk_RST,2022-04-27T06:48:00Z,450.702,Mill Ck,40.05479,-122.032104,450.703,40.05479,-122.032104,MillCk_RST_Rel
MillCk_Wild_CHK_2022,MC2022-003,MillCk_RST,2022-04-27T08:37:21Z,450.702,Mill Ck,40.05479,-122.032104,450.703,40.05479,-122.032104,MillCk_RST_Rel
MillCk_Wild_CHK_2022,MC2022-003,MillCk_RST,2022-04-27T16:50:06Z,450.702,Mill Ck,40.05479,-122.032104,450.703,40.05479,-122.032104,MillCk_RST_Rel
MillCk_Wild_CHK_2022,MC2022-003,MillCk_RST,2022-04-27T17:15:04Z,450.702,Mill Ck,40.05479,-122.032104,450.703,40.05479,-122.032104,MillCk_RST_Rel
MillCk_Wild_CHK_2022,MC2022-003,MillCk_RST_Rel,2022-04-27T17:00:00Z,450.703,Mill Ck,40.05479,-122.032104,450.703,40.05479,-122.032104,MillCk_RST_Rel
MillCk_Wild_CHK_2022,MC2022-003,Ord,2022-05-01T23:02:45Z,371.658,Upper Sac R,39.63447,-121.98959,450.703,40.05479,-122.032104,MillCk_RST_Rel
MillCk_Wild_CHK_2022,MC2022-004,Abv_Otter_Island,2022-04-28T20:49:33Z,419.398,Upper Sac R,39.882027,-122.064445,450.703,40.05479,-122.032104,MillCk_RST_Rel
MillCk_Wild_CHK_2022,MC2022-004,Abv_Otter_Island,2022-04-28T20:53:26Z,419.398,Upper Sac R,39.882027,-122.064445,450.703,40.05479,-122.032104,MillCk_RST_Rel
MillCk_Wild_CHK_2022,MC2022-004,Abv_WoodsonBr,2022-04-28T18:21:40Z,425.158,Upper Sac R,39.920094,-122.08446000000001,450.703,40.05479,-122.032104,MillCk_RST_Rel
MillCk_Wild_CHK_2022,MC2022-004,Abv_WoodsonBr,2022-04-28T18:24:31Z,425.158,Upper Sac R,39.920094,-122.08446000000001,450.703,40.05479,-122.032104,MillCk_RST_Rel
MillCk_Wild_CHK_2022,MC2022-004,Abv_WoodsonBr,2022-04-28T18:24:32Z,425.158,Upper Sac R,39.920094,-122.08446000000001,450.703,40.05479,-122.032104,MillCk_RST_Rel
MillCk_Wild_CHK_2022,MC2022-004,Abv_WoodsonBr,2022-04-28T18:24:46Z,425.158,Upper Sac R,39.920094,-122.08446000000001,450.703,40.05479,-122.032104,MillCk_RST_Rel
MillCk_Wild_CHK_2022,MC2022-004,Abv_WoodsonBr,2022-04-28T18:24:55Z,425.158,Upper Sac R,39.920094,-122.08446000000001,450.703,40.05479,-122.032104,MillCk_RST_Rel
MillCk_Wild_CHK_2022,MC2022-004,Abv_WoodsonBr,2022-04-28T18:25:01Z,425.158,Upper Sac R,39.920094,-122.08446000000001,450.703,40.05479,-122.032104,MillCk_RST_Rel
MillCk_Wild_CHK_2022,MC2022-004,Abv_WoodsonBr,2022-04-28T18:25:05Z,425.158,Upper Sac R,39.920094,-122.08446000000001,450.703,40.05479,-122.032104,MillCk_RST_Rel
MillCk_Wild_CHK_2022,MC2022-004,Abv_WoodsonBr,2022-04-28T18:26:00Z,425.158,Upper Sac R,39.920094,-122.08446000000001,450.703,40.05479,-122.032104,MillCk_RST_Rel
MillCk_Wild_CHK_2022,MC2022-004,Blw_IrvineFinch,2022-04-29T18:20:05Z,394.668,Upper Sac R,39.73146,-121.97483,450.703,40.05479,-122.032104,MillCk_RST_Rel
MillCk_Wild_CHK_2022,MC2022-004,GCID_abv,2022-04-29T13:38:32Z,406.118,Upper Sac R,39.806767,-122.05846,450.703,40.05479,-122.032104,MillCk_RST_Rel
MillCk_Wild_CHK_2022,MC2022-004,GCID_abv,2022-04-29T13:41:12Z,406.118,Upper Sac R,39.806767,-122.05846,450.703,40.05479,-122.032104,MillCk_RST_Rel
MillCk_Wild_CHK_2022,MC2022-004,GCID_abv,2022-04-29T13:41:29Z,406.118,Upper Sac R,39.806767,-122.05846,450.703,40.05479,-122.032104,MillCk_RST_Rel
MillCk_Wild_CHK_2022,MC2022-004,GCID_abv,2022-04-29T13:41:37Z,406.118,Upper Sac R,39.806767,-122.05846,450.703,40.05479,-122.032104,MillCk_RST_Rel
MillCk_Wild_CHK_2022,MC2022-004,GCID_abv,2022-04-29T13:41:39Z,406.118,Upper Sac R,39.806767,-122.05846,450.703,40.05479,-122.032104,MillCk_RST_Rel
MillCk_Wild_CHK_2022,MC2022-004,GCID_abv,2022-04-29T13:41:41Z,406.118,Upper Sac R,39.806767,-122.05846,450.703,40.05479,-122.032104,MillCk_RST_Rel
MillCk_Wild_CHK_2022,MC2022-004,GCID_abv,2022-04-29T13:41:44Z,406.118,Upper Sac R,39.806767,-122.05846,450.703,40.05479,-122.032104,MillCk_RST_Rel
MillCk_Wild_CHK_2022,MC2022-004,GCID_abv,2022-04-29T13:41:46Z,406.118,Upper Sac R,39.806767,-122.05846,450.703,40.05479,-122.032104,MillCk_RST_Rel
MillCk_Wild_CHK_2022,MC2022-004,GCID_abv,2022-04-29T13:41:49Z,406.118,Upper Sac R,39.806767,-122.05846,450.703,40.05479,-122.032104,MillCk_RST_Rel
MillCk_Wild_CHK_2022,MC2022-004,GCID_abv,2022-04-29T13:41:51Z,406.118,Upper Sac R,39.806767,-122.05846,450.703,40.05479,-122.032104,MillCk_RST_Rel
MillCk_Wild_CHK_2022,MC2022-004,GCID_abv,2022-04-29T13:41:59Z,406.118,Upper Sac R,39.806767,-122.05846,450.703,40.05479,-122.032104,MillCk_RST_Rel
MillCk_Wild_CHK_2022,MC2022-004,GCID_abv,2022-04-29T13:42:06Z,406.118,Upper Sac R,39.806767,-122.05846,450.703,40.05479,-122.032104,MillCk_RST_Rel
MillCk_Wild_CHK_2022,MC2022-004,GCID_abv,2022-04-29T13:42:23Z,406.118,Upper Sac R,39.806767,-122.05846,450.703,40.05479,-122.032104,MillCk_RST_Rel
MillCk_Wild_CHK_2022,MC2022-004,GCID_abv,2022-04-29T13:42:26Z,406.118,Upper Sac R,39.806767,-122.05846,450.703,40.05479,-122.032104,MillCk_RST_Rel
MillCk_Wild_CHK_2022,MC2022-004,GCID_abv,2022-04-29T13:42:28Z,406.118,Upper Sac R,39.806767,-122.05846,450.703,40.05479,-122.032104,MillCk_RST_Rel
MillCk_Wild_CHK_2022,MC2022-004,GCID_abv,2022-04-29T13:42:35Z,406.118,Upper Sac R,39.806767,-122.05846,450.703,40.05479,-122.032104,MillCk_RST_Rel
MillCk_Wild_CHK_2022,MC2022-004,GCID_abv,2022-04-29T13:42:38Z,406.118,Upper Sac R,39.806767,-122.05846,450.703,40.05479,-122.032104,MillCk_RST_Rel
MillCk_Wild_CHK_2022,MC2022-004,GCID_abv,2022-04-29T13:42:40Z,406.118,Upper Sac R,39.806767,-122.05846,450.703,40.05479,-122.032104,MillCk_RST_Rel
MillCk_Wild_CHK_2022,MC2022-004,GCID_abv,2022-04-29T13:42:48Z,406.118,Upper Sac R,39.806767,-122.05846,450.703,40.05479,-122.032104,MillCk_RST_Rel
MillCk_Wild_CHK_2022,MC2022-004,GCID_abv,2022-04-29T13:42:50Z,406.118,Upper Sac R,39.806767,-122.05846,450.703,40.05479,-122.032104,MillCk_RST_Rel
MillCk_Wild_CHK_2022,MC2022-004,GCID_abv,2022-04-29T13:42:53Z,406.118,Upper Sac R,39.806767,-122.05846,450.703,40.05479,-122.032104,MillCk_RST_Rel
MillCk_Wild_CHK_2022,MC2022-004,GCID_abv,2022-04-29T13:43:20Z,406.118,Upper Sac R,39.806767,-122.05846,450.703,40.05479,-122.032104,MillCk_RST_Rel
MillCk_Wild_CHK_2022,MC2022-004,GCID_abv,2022-04-29T13:43:22Z,406.118,Upper Sac R,39.806767,-122.05846,450.703,40.05479,-122.032104,MillCk_RST_Rel
MillCk_Wild_CHK_2022,MC2022-004,GCID_abv,2022-04-29T13:43:29Z,406.118,Upper Sac R,39.806767,-122.05846,450.703,40.05479,-122.032104,MillCk_RST_Rel
MillCk_Wild_CHK_2022,MC2022-004,GCID_abv,2022-04-29T13:43:32Z,406.118,Upper Sac R,39.806767,-122.05846,450.703,40.05479,-122.032104,MillCk_RST_Rel
MillCk_Wild_CHK_2022,MC2022-004,GCID_abv,2022-04-29T13:43:34Z,406.118,Upper Sac R,39.806767,-122.05846,450.703,40.05479,-122.032104,MillCk_RST_Rel
MillCk_Wild_CHK_2022,MC2022-004,GCID_abv,2022-04-29T13:43:37Z,406.118,Upper Sac R,39.806767,-122.05846,450.703,40.05479,-122.032104,MillCk_RST_Rel
MillCk_Wild_CHK_2022,MC2022-004,GCID_abv,2022-04-29T13:43:39Z,406.118,Upper Sac R,39.806767,-122.05846,450.703,40.05479,-122.032104,MillCk_RST_Rel
MillCk_Wild_CHK_2022,MC2022-004,GCID_abv,2022-04-29T13:43:52Z,406.118,Upper Sac R,39.806767,-122.05846,450.703,40.05479,-122.032104,MillCk_RST_Rel
MillCk_Wild_CHK_2022,MC2022-004,GCID_abv,2022-04-29T13:43:59Z,406.118,Upper Sac R,39.806767,-122.05846,450.703,40.05479,-122.032104,MillCk_RST_Rel
MillCk_Wild_CHK_2022,MC2022-004,GCID_abv,2022-04-29T13:44:06Z,406.118,Upper Sac R,39.806767,-122.05846,450.703,40.05479,-122.032104,MillCk_RST_Rel
MillCk_Wild_CHK_2022,MC2022-004,GCID_abv,2022-04-29T13:44:14Z,406.118,Upper Sac R,39.806767,-122.05846,450.703,40.05479,-122.032104,MillCk_RST_Rel
MillCk_Wild_CHK_2022,MC2022-004,GCID_abv,2022-04-29T13:44:21Z,406.118,Upper Sac R,39.806767,-122.05846,450.703,40.05479,-122.032104,MillCk_RST_Rel
MillCk_Wild_CHK_2022,MC2022-004,GCID_abv,2022-04-29T13:44:28Z,406.118,Upper Sac R,39.806767,-122.05846,450.703,40.05479,-122.032104,MillCk_RST_Rel
MillCk_Wild_CHK_2022,MC2022-004,GCID_abv,2022-04-29T13:44:36Z,406.118,Upper Sac R,39.806767,-122.05846,450.703,40.05479,-122.032104,MillCk_RST_Rel
MillCk_Wild_CHK_2022,MC2022-004,GCID_abv,2022-04-29T13:44:38Z,406.118,Upper Sac R,39.806767,-122.05846,450.703,40.05479,-122.032104,MillCk_RST_Rel
MillCk_Wild_CHK_2022,MC2022-004,GCID_abv,2022-04-29T13:44:41Z,406.118,Upper Sac R,39.806767,-122.05846,450.703,40.05479,-122.032104,MillCk_RST_Rel
MillCk_Wild_CHK_2022,MC2022-004,GCID_abv,2022-04-29T13:44:53Z,406.118,Upper Sac R,39.806767,-122.05846,450.703,40.05479,-122.032104,MillCk_RST_Rel
MillCk_Wild_CHK_2022,MC2022-004,GCID_abv,2022-04-29T13:45:00Z,406.118,Upper Sac R,39.806767,-122.05846,450.703,40.05479,-122.032104,MillCk_RST_Rel
MillCk_Wild_CHK_2022,MC2022-004,GCID_abv,2022-04-29T13:45:03Z,406.118,Upper Sac R,39.806767,-122.05846,450.703,40.05479,-122.032104,MillCk_RST_Rel
MillCk_Wild_CHK_2022,MC2022-004,GCID_abv,2022-04-29T13:45:05Z,406.118,Upper Sac R,39.806767,-122.05846,450.703,40.05479,-122.032104,MillCk_RST_Rel
MillCk_Wild_CHK_2022,MC2022-004,GCID_abv,2022-04-29T13:45:12Z,406.118,Upper Sac R,39.806767,-122.05846,450.703,40.05479,-122.032104,MillCk_RST_Rel
MillCk_Wild_CHK_2022,MC2022-004,GCID_abv,2022-04-29T13:45:20Z,406.118,Upper Sac R,39.806767,-122.05846,450.703,40.05479,-122.032104,MillCk_RST_Rel
MillCk_Wild_CHK_2022,MC2022-004,GCID_abv,2022-04-29T13:45:22Z,406.118,Upper Sac R,39.806767,-122.05846,450.703,40.05479,-122.032104,MillCk_RST_Rel
MillCk_Wild_CHK_2022,MC2022-004,GCID_abv,2022-04-29T13:45:44Z,406.118,Upper Sac R,39.806767,-122.05846,450.703,40.05479,-122.032104,MillCk_RST_Rel
MillCk_Wild_CHK_2022,MC2022-004,GCID_abv,2022-04-29T13:45:47Z,406.118,Upper Sac R,39.806767,-122.05846,450.703,40.05479,-122.032104,MillCk_RST_Rel
MillCk_Wild_CHK_2022,MC2022-004,GCID_abv,2022-04-29T13:45:49Z,406.118,Upper Sac R,39.806767,-122.05846,450.703,40.05479,-122.032104,MillCk_RST_Rel
MillCk_Wild_CHK_2022,MC2022-004,GCID_abv,2022-04-29T13:45:52Z,406.118,Upper Sac R,39.806767,-122.05846,450.703,40.05479,-122.032104,MillCk_RST_Rel
MillCk_Wild_CHK_2022,MC2022-004,GCID_abv,2022-04-29T13:45:59Z,406.118,Upper Sac R,39.806767,-122.05846,450.703,40.05479,-122.032104,MillCk_RST_Rel
MillCk_Wild_CHK_2022,MC2022-004,GCID_abv,2022-04-29T13:46:01Z,406.118,Upper Sac R,39.806767,-122.05846,450.703,40.05479,-122.032104,MillCk_RST_Rel
MillCk_Wild_CHK_2022,MC2022-004,GCID_abv,2022-04-29T13:46:24Z,406.118,Upper Sac R,39.806767,-122.05846,450.703,40.05479,-122.032104,MillCk_RST_Rel
MillCk_Wild_CHK_2022,MC2022-004,GCID_abv,2022-04-29T13:46:31Z,406.118,Upper Sac R,39.806767,-122.05846,450.703,40.05479,-122.032104,MillCk_RST_Rel
MillCk_Wild_CHK_2022,MC2022-004,GCID_abv,2022-04-29T13:46:33Z,406.118,Upper Sac R,39.806767,-122.05846,450.703,40.05479,-122.032104,MillCk_RST_Rel
MillCk_Wild_CHK_2022,MC2022-004,GCID_abv,2022-04-29T13:46:36Z,406.118,Upper Sac R,39.806767,-122.05846,450.703,40.05479,-122.032104,MillCk_RST_Rel
MillCk_Wild_CHK_2022,MC2022-004,GCID_abv,2022-04-29T13:47:18Z,406.118,Upper Sac R,39.806767,-122.05846,450.703,40.05479,-122.032104,MillCk_RST_Rel
MillCk_Wild_CHK_2022,MC2022-004,GCID_abv,2022-04-29T13:47:20Z,406.118,Upper Sac R,39.806767,-122.05846,450.703,40.05479,-122.032104,MillCk_RST_Rel
MillCk_Wild_CHK_2022,MC2022-004,GCID_blw,2022-04-29T14:57:20Z,404.428,Upper Sac R,39.79114,-122.036026,450.703,40.05479,-122.032104,MillCk_RST_Rel
MillCk_Wild_CHK_2022,MC2022-004,Mill_Ck_Conf,2022-04-28T05:30:36Z,441.318,Upper Sac R,40.0327,-122.11987,450.703,40.05479,-122.032104,MillCk_RST_Rel
MillCk_Wild_CHK_2022,MC2022-004,Mill_Ck_Conf,2022-04-28T05:31:33Z,441.318,Upper Sac R,40.0327,-122.11987,450.703,40.05479,-122.032104,MillCk_RST_Rel
MillCk_Wild_CHK_2022,MC2022-004,Mill_Ck_Conf,2022-04-28T05:31:46Z,441.318,Upper Sac R,40.0327,-122.11987,450.703,40.05479,-122.032104,MillCk_RST_Rel
MillCk_Wild_CHK_2022,MC2022-004,Mill_Ck_Conf,2022-04-28T05:32:22Z,441.318,Upper Sac R,40.0327,-122.11987,450.703,40.05479,-122.032104,MillCk_RST_Rel
MillCk_Wild_CHK_2022,MC2022-004,Mill_Ck_Conf,2022-04-28T05:32:30Z,441.318,Upper Sac R,40.0327,-122.11987,450.703,40.05479,-122.032104,MillCk_RST_Rel
MillCk_Wild_CHK_2022,MC2022-004,Mill_Ck_Conf,2022-04-28T05:32:52Z,441.318,Upper Sac R,40.0327,-122.11987,450.703,40.05479,-122.032104,MillCk_RST_Rel
MillCk_Wild_CHK_2022,MC2022-004,Mill_Ck_Conf,2022-04-28T05:32:55Z,441.318,Upper Sac R,40.0327,-122.11987,450.703,40.05479,-122.032104,MillCk_RST_Rel
MillCk_Wild_CHK_2022,MC2022-004,Mill_Ck_Conf,2022-04-28T05:33:07Z,441.318,Upper Sac R,40.0327,-122.11987,450.703,40.05479,-122.032104,MillCk_RST_Rel
MillCk_Wild_CHK_2022,MC2022-004,Mill_Ck_Conf,2022-04-28T05:33:09Z,441.318,Upper Sac R,40.0327,-122.11987,450.703,40.05479,-122.032104,MillCk_RST_Rel
MillCk_Wild_CHK_2022,MC2022-004,Mill_Ck_Conf,2022-04-28T05:33:17Z,441.318,Upper Sac R,40.0327,-122.11987,450.703,40.05479,-122.032104,MillCk_RST_Rel
MillCk_Wild_CHK_2022,MC2022-004,Mill_Ck_Conf,2022-04-28T05:33:24Z,441.318,Upper Sac R,40.0327,-122.11987,450.703,40.05479,-122.032104,MillCk_RST_Rel
MillCk_Wild_CHK_2022,MC2022-004,Mill_Ck_Conf,2022-04-28T05:33:56Z,441.318,Upper Sac R,40.0327,-122.11987,450.703,40.05479,-122.032104,MillCk_RST_Rel
MillCk_Wild_CHK_2022,MC2022-004,Mill_Ck_Conf,2022-04-28T05:34:09Z,441.318,Upper Sac R,40.0327,-122.11987,450.703,40.05479,-122.032104,MillCk_RST_Rel
MillCk_Wild_CHK_2022,MC2022-004,Mill_Ck_Conf,2022-04-28T05:34:21Z,441.318,Upper Sac R,40.0327,-122.11987,450.703,40.05479,-122.032104,MillCk_RST_Rel
MillCk_Wild_CHK_2022,MC2022-004,Mill_Ck_Conf,2022-04-28T05:34:23Z,441.318,Upper Sac R,40.0327,-122.11987,450.703,40.05479,-122.032104,MillCk_RST_Rel
MillCk_Wild_CHK_2022,MC2022-004,Mill_Ck_Conf,2022-04-28T05:34:40Z,441.318,Upper Sac R,40.0327,-122.11987,450.703,40.05479,-122.032104,MillCk_RST_Rel
MillCk_Wild_CHK_2022,MC2022-004,Mill_Ck_Conf,2022-04-28T05:34:43Z,441.318,Upper Sac R,40.0327,-122.11987,450.703,40.05479,-122.032104,MillCk_RST_Rel
MillCk_Wild_CHK_2022,MC2022-004,Mill_Ck_Conf,2022-04-28T05:35:05Z,441.318,Upper Sac R,40.0327,-122.11987,450.703,40.05479,-122.032104,MillCk_RST_Rel
MillCk_Wild_CHK_2022,MC2022-004,Mill_Ck_Conf,2022-04-28T05:35:13Z,441.318,Upper Sac R,40.0327,-122.11987,450.703,40.05479,-122.032104,MillCk_RST_Rel
MillCk_Wild_CHK_2022,MC2022-004,Mill_Ck_Conf,2022-04-28T05:35:45Z,441.318,Upper Sac R,40.0327,-122.11987,450.703,40.05479,-122.032104,MillCk_RST_Rel
MillCk_Wild_CHK_2022,MC2022-004,Mill_Ck_Conf,2022-04-28T05:35:57Z,441.318,Upper Sac R,40.0327,-122.11987,450.703,40.05479,-122.032104,MillCk_RST_Rel
MillCk_Wild_CHK_2022,MC2022-004,Mill_Ck_Conf,2022-04-28T05:36:19Z,441.318,Upper Sac R,40.0327,-122.11987,450.703,40.05479,-122.032104,MillCk_RST_Rel
MillCk_Wild_CHK_2022,MC2022-004,Mill_Ck_Conf,2022-04-28T05:36:22Z,441.318,Upper Sac R,40.0327,-122.11987,450.703,40.05479,-122.032104,MillCk_RST_Rel
MillCk_Wild_CHK_2022,MC2022-004,Mill_Ck_Conf,2022-04-28T05:36:34Z,441.318,Upper Sac R,40.0327,-122.11987,450.703,40.05479,-122.032104,MillCk_RST_Rel
MillCk_Wild_CHK_2022,MC2022-004,Mill_Ck_Conf,2022-04-28T05:36:36Z,441.318,Upper Sac R,40.0327,-122.11987,450.703,40.05479,-122.032104,MillCk_RST_Rel
MillCk_Wild_CHK_2022,MC2022-004,Mill_Ck_Conf,2022-04-28T05:36:39Z,441.318,Upper Sac R,40.0327,-122.11987,450.703,40.05479,-122.032104,MillCk_RST_Rel
MillCk_Wild_CHK_2022,MC2022-004,Mill_Ck_Conf,2022-04-28T05:36:46Z,441.318,Upper Sac R,40.0327,-122.11987,450.703,40.05479,-122.032104,MillCk_RST_Rel
MillCk_Wild_CHK_2022,MC2022-004,Mill_Ck_Conf,2022-04-28T05:37:48Z,441.318,Upper Sac R,40.0327,-122.11987,450.703,40.05479,-122.032104,MillCk_RST_Rel
MillCk_Wild_CHK_2022,MC2022-004,Mill_Ck_Conf,2022-04-28T05:37:50Z,441.318,Upper Sac R,40.0327,-122.11987,450.703,40.05479,-122.032104,MillCk_RST_Rel
MillCk_Wild_CHK_2022,MC2022-004,Mill_Ck_Conf,2022-04-28T05:37:58Z,441.318,Upper Sac R,40.0327,-122.11987,450.703,40.05479,-122.032104,MillCk_RST_Rel
MillCk_Wild_CHK_2022,MC2022-004,Mill_Ck_Conf,2022-04-28T05:38:00Z,441.318,Upper Sac R,40.0327,-122.11987,450.703,40.05479,-122.032104,MillCk_RST_Rel
MillCk_Wild_CHK_2022,MC2022-004,MillCk3,2022-04-28T02:34:05Z,443.262,Mill Ck,40.040356,-122.104416,450.703,40.05479,-122.032104,MillCk_RST_Rel
MillCk_Wild_CHK_2022,MC2022-004,MillCk_RST,2022-04-27T05:26:10Z,450.702,Mill Ck,40.05479,-122.032104,450.703,40.05479,-122.032104,MillCk_RST_Rel
MillCk_Wild_CHK_2022,MC2022-004,MillCk_RST,2022-04-27T08:41:19Z,450.702,Mill Ck,40.05479,-122.032104,450.703,40.05479,-122.032104,MillCk_RST_Rel
MillCk_Wild_CHK_2022,MC2022-004,MillCk_RST,2022-04-27T16:32:00Z,450.702,Mill Ck,40.05479,-122.032104,450.703,40.05479,-122.032104,MillCk_RST_Rel
MillCk_Wild_CHK_2022,MC2022-004,MillCk_RST_Rel,2022-04-27T17:00:00Z,450.703,Mill Ck,40.05479,-122.032104,450.703,40.05479,-122.032104,MillCk_RST_Rel
MillCk_Wild_CHK_2022,MC2022-004,Ord,2022-04-30T05:05:19Z,371.658,Upper Sac R,39.63447,-121.98959,450.703,40.05479,-122.032104,MillCk_RST_Rel
MillCk_Wild_CHK_2022,MC2022-005,Abv_Otter_Island,2022-05-05T09:03:01Z,419.398,Upper Sac R,39.882027,-122.064445,450.703,40.05479,-122.032104,MillCk_RST_Rel
MillCk_Wild_CHK_2022,MC2022-005,Abv_Otter_Island,2022-05-05T09:10:49Z,419.398,Upper Sac R,39.882027,-122.064445,450.703,40.05479,-122.032104,MillCk_RST_Rel
MillCk_Wild_CHK_2022,MC2022-005,Abv_Otter_Island,2022-05-05T09:10:50Z,419.398,Upper Sac R,39.882027,-122.064445,450.703,40.05479,-122.032104,MillCk_RST_Rel
MillCk_Wild_CHK_2022,MC2022-005,Abv_Otter_Island,2022-05-05T09:11:03Z,419.398,Upper Sac R,39.882027,-122.064445,450.703,40.05479,-122.032104,MillCk_RST_Rel
MillCk_Wild_CHK_2022,MC2022-005,Abv_Otter_Island,2022-05-05T09:14:19Z,419.398,Upper Sac R,39.882027,-122.064445,450.703,40.05479,-122.032104,MillCk_RST_Rel
MillCk_Wild_CHK_2022,MC2022-005,Abv_Otter_Island,2022-05-05T09:14:27Z,419.398,Upper Sac R,39.882027,-122.064445,450.703,40.05479,-122.032104,MillCk_RST_Rel
MillCk_Wild_CHK_2022,MC2022-005,Abv_Otter_Island,2022-05-05T09:14:39Z,419.398,Upper Sac R,39.882027,-122.064445,450.703,40.05479,-122.032104,MillCk_RST_Rel
MillCk_Wild_CHK_2022,MC2022-005,Abv_Otter_Island,2022-05-05T09:14:42Z,419.398,Upper Sac R,39.882027,-122.064445,450.703,40.05479,-122.032104,MillCk_RST_Rel
MillCk_Wild_CHK_2022,MC2022-005,Abv_Otter_Island,2022-05-05T09:15:19Z,419.398,Upper Sac R,39.882027,-122.064445,450.703,40.05479,-122.032104,MillCk_RST_Rel
MillCk_Wild_CHK_2022,MC2022-005,Abv_Otter_Island,2022-05-05T09:15:22Z,419.398,Upper Sac R,39.882027,-122.064445,450.703,40.05479,-122.032104,MillCk_RST_Rel
MillCk_Wild_CHK_2022,MC2022-005,Abv_WoodsonBr,2022-05-05T07:12:47Z,425.158,Upper Sac R,39.920094,-122.08446000000001,450.703,40.05479,-122.032104,MillCk_RST_Rel
MillCk_Wild_CHK_2022,MC2022-005,Abv_WoodsonBr,2022-05-05T07:14:55Z,425.158,Upper Sac R,39.920094,-122.08446000000001,450.703,40.05479,-122.032104,MillCk_RST_Rel
MillCk_Wild_CHK_2022,MC2022-005,Abv_WoodsonBr,2022-05-05T07:14:56Z,425.158,Upper Sac R,39.920094,-122.08446000000001,450.703,40.05479,-122.032104,MillCk_RST_Rel
MillCk_Wild_CHK_2022,MC2022-005,Abv_WoodsonBr,2022-05-05T07:15:15Z,425.158,Upper Sac R,39.920094,-122.08446000000001,450.703,40.05479,-122.032104,MillCk_RST_Rel
MillCk_Wild_CHK_2022,MC2022-005,Abv_WoodsonBr,2022-05-05T07:15:26Z,425.158,Upper Sac R,39.920094,-122.08446000000001,450.703,40.05479,-122.032104,MillCk_RST_Rel
MillCk_Wild_CHK_2022,MC2022-005,Abv_WoodsonBr,2022-05-05T07:15:50Z,425.158,Upper Sac R,39.920094,-122.08446000000001,450.703,40.05479,-122.032104,MillCk_RST_Rel
MillCk_Wild_CHK_2022,MC2022-005,Abv_WoodsonBr,2022-05-05T07:15:51Z,425.158,Upper Sac R,39.920094,-122.08446000000001,450.703,40.05479,-122.032104,MillCk_RST_Rel
MillCk_Wild_CHK_2022,MC2022-005,Abv_WoodsonBr,2022-05-05T07:16:00Z,425.158,Upper Sac R,39.920094,-122.08446000000001,450.703,40.05479,-122.032104,MillCk_RST_Rel
MillCk_Wild_CHK_2022,MC2022-005,Abv_WoodsonBr,2022-05-05T07:16:06Z,425.158,Upper Sac R,39.920094,-122.08446000000001,450.703,40.05479,-122.032104,MillCk_RST_Rel
MillCk_Wild_CHK_2022,MC2022-005,Abv_WoodsonBr,2022-05-05T07:16:15Z,425.158,Upper Sac R,39.920094,-122.08446000000001,450.703,40.05479,-122.032104,MillCk_RST_Rel
MillCk_Wild_CHK_2022,MC2022-005,Abv_WoodsonBr,2022-05-05T07:16:20Z,425.158,Upper Sac R,39.920094,-122.08446000000001,450.703,40.05479,-122.032104,MillCk_RST_Rel
MillCk_Wild_CHK_2022,MC2022-005,Mill_Ck_Conf,2022-05-04T21:51:06Z,441.318,Upper Sac R,40.0327,-122.11987,450.703,40.05479,-122.032104,MillCk_RST_Rel
MillCk_Wild_CHK_2022,MC2022-005,Mill_Ck_Conf,2022-05-04T21:54:29Z,441.318,Upper Sac R,40.0327,-122.11987,450.703,40.05479,-122.032104,MillCk_RST_Rel
MillCk_Wild_CHK_2022,MC2022-005,Mill_Ck_Conf,2022-05-04T21:55:02Z,441.318,Upper Sac R,40.0327,-122.11987,450.703,40.05479,-122.032104,MillCk_RST_Rel
MillCk_Wild_CHK_2022,MC2022-005,Mill_Ck_Conf,2022-05-04T21:55:08Z,441.318,Upper Sac R,40.0327,-122.11987,450.703,40.05479,-122.032104,MillCk_RST_Rel
MillCk_Wild_CHK_2022,MC2022-005,Mill_Ck_Conf,2022-05-04T21:55:12Z,441.318,Upper Sac R,40.0327,-122.11987,450.703,40.05479,-122.032104,MillCk_RST_Rel
MillCk_Wild_CHK_2022,MC2022-005,Mill_Ck_Conf,2022-05-04T21:55:38Z,441.318,Upper Sac R,40.0327,-122.11987,450.703,40.05479,-122.032104,MillCk_RST_Rel
MillCk_Wild_CHK_2022,MC2022-005,Mill_Ck_Conf,2022-05-04T22:00:34Z,441.318,Upper Sac R,40.0327,-122.11987,450.703,40.05479,-122.032104,MillCk_RST_Rel
MillCk_Wild_CHK_2022,MC2022-005,Mill_Ck_Conf,2022-05-04T22:01:55Z,441.318,Upper Sac R,40.0327,-122.11987,450.703,40.05479,-122.032104,MillCk_RST_Rel
MillCk_Wild_CHK_2022,MC2022-005,Mill_Ck_Conf,2022-05-04T22:02:08Z,441.318,Upper Sac R,40.0327,-122.11987,450.703,40.05479,-122.032104,MillCk_RST_Rel
MillCk_Wild_CHK_2022,MC2022-005,Mill_Ck_Conf,2022-05-04T22:02:30Z,441.318,Upper Sac R,40.0327,-122.11987,450.703,40.05479,-122.032104,MillCk_RST_Rel
MillCk_Wild_CHK_2022,MC2022-005,Mill_Ck_Conf,2022-05-04T22:02:33Z,441.318,Upper Sac R,40.0327,-122.11987,450.703,40.05479,-122.032104,MillCk_RST_Rel
MillCk_Wild_CHK_2022,MC2022-005,Mill_Ck_Conf,2022-05-04T22:03:00Z,441.318,Upper Sac R,40.0327,-122.11987,450.703,40.05479,-122.032104,MillCk_RST_Rel
MillCk_Wild_CHK_2022,MC2022-005,Mill_Ck_Conf,2022-05-04T22:03:13Z,441.318,Upper Sac R,40.0327,-122.11987,450.703,40.05479,-122.032104,MillCk_RST_Rel
MillCk_Wild_CHK_2022,MC2022-005,MillCk3,2022-05-04T18:39:39Z,443.262,Mill Ck,40.040356,-122.104416,450.703,40.05479,-122.032104,MillCk_RST_Rel
MillCk_Wild_CHK_2022,MC2022-005,MillCk_RST,2022-04-29T07:31:31Z,450.702,Mill Ck,40.05479,-122.032104,450.703,40.05479,-122.032104,MillCk_RST_Rel
MillCk_Wild_CHK_2022,MC2022-005,MillCk_RST,2022-04-30T00:08:45Z,450.702,Mill Ck,40.05479,-122.032104,450.703,40.05479,-122.032104,MillCk_RST_Rel
MillCk_Wild_CHK_2022,MC2022-005,MillCk_RST,2022-04-30T01:12:45Z,450.702,Mill Ck,40.05479,-122.032104,450.703,40.05479,-122.032104,MillCk_RST_Rel
MillCk_Wild_CHK_2022,MC2022-005,MillCk_RST,2022-04-30T02:56:43Z,450.702,Mill Ck,40.05479,-122.032104,450.703,40.05479,-122.032104,MillCk_RST_Rel
MillCk_Wild_CHK_2022,MC2022-005,MillCk_RST_Rel,2022-04-28T21:00:00Z,450.703,Mill Ck,40.05479,-122.032104,450.703,40.05479,-122.032104,MillCk_RST_Rel
