StudyID,FishID,GEN,time,GenRKM,Region,GenLat,GenLon,RelRKM,release_latitude,release_longitude,Rel_loc
MillCk_Wild_CHK_2018,MC2018-001,Abv_Otter_Island,2018-05-12T08:12:09Z,419.398,Upper Sac R,39.882027,-122.064445,450.703,40.05479,-122.032104,MillCk_RST_Rel
MillCk_Wild_CHK_2018,MC2018-001,Abv_Otter_Island,2018-05-12T08:20:53Z,419.398,Upper Sac R,39.882027,-122.064445,450.703,40.05479,-122.032104,MillCk_RST_Rel
MillCk_Wild_CHK_2018,MC2018-001,Abv_Otter_Island,2018-05-12T08:21:02Z,419.398,Upper Sac R,39.882027,-122.064445,450.703,40.05479,-122.032104,MillCk_RST_Rel
MillCk_Wild_CHK_2018,MC2018-001,Abv_Otter_Island,2018-05-12T08:21:03Z,419.398,Upper Sac R,39.882027,-122.064445,450.703,40.05479,-122.032104,MillCk_RST_Rel
MillCk_Wild_CHK_2018,MC2018-001,Abv_Otter_Island,2018-05-12T08:21:05Z,419.398,Upper Sac R,39.882027,-122.064445,450.703,40.05479,-122.032104,MillCk_RST_Rel
MillCk_Wild_CHK_2018,MC2018-001,Abv_Otter_Island,2018-05-12T08:21:06Z,419.398,Upper Sac R,39.882027,-122.064445,450.703,40.05479,-122.032104,MillCk_RST_Rel
MillCk_Wild_CHK_2018,MC2018-001,Abv_Otter_Island,2018-05-12T08:21:18Z,419.398,Upper Sac R,39.882027,-122.064445,450.703,40.05479,-122.032104,MillCk_RST_Rel
MillCk_Wild_CHK_2018,MC2018-001,Abv_Otter_Island,2018-05-12T08:21:27Z,419.398,Upper Sac R,39.882027,-122.064445,450.703,40.05479,-122.032104,MillCk_RST_Rel
MillCk_Wild_CHK_2018,MC2018-001,Abv_Otter_Island,2018-05-12T08:21:30Z,419.398,Upper Sac R,39.882027,-122.064445,450.703,40.05479,-122.032104,MillCk_RST_Rel
MillCk_Wild_CHK_2018,MC2018-001,Abv_Otter_Island,2018-05-12T08:21:33Z,419.398,Upper Sac R,39.882027,-122.064445,450.703,40.05479,-122.032104,MillCk_RST_Rel
MillCk_Wild_CHK_2018,MC2018-001,Abv_Otter_Island,2018-05-12T08:21:36Z,419.398,Upper Sac R,39.882027,-122.064445,450.703,40.05479,-122.032104,MillCk_RST_Rel
MillCk_Wild_CHK_2018,MC2018-001,Abv_Otter_Island,2018-05-12T08:21:37Z,419.398,Upper Sac R,39.882027,-122.064445,450.703,40.05479,-122.032104,MillCk_RST_Rel
MillCk_Wild_CHK_2018,MC2018-001,Abv_Otter_Island,2018-05-12T08:21:39Z,419.398,Upper Sac R,39.882027,-122.064445,450.703,40.05479,-122.032104,MillCk_RST_Rel
MillCk_Wild_CHK_2018,MC2018-001,Abv_Otter_Island,2018-05-12T08:21:40Z,419.398,Upper Sac R,39.882027,-122.064445,450.703,40.05479,-122.032104,MillCk_RST_Rel
MillCk_Wild_CHK_2018,MC2018-001,Abv_Otter_Island,2018-05-12T08:21:42Z,419.398,Upper Sac R,39.882027,-122.064445,450.703,40.05479,-122.032104,MillCk_RST_Rel
MillCk_Wild_CHK_2018,MC2018-001,Abv_Otter_Island,2018-05-12T08:21:49Z,419.398,Upper Sac R,39.882027,-122.064445,450.703,40.05479,-122.032104,MillCk_RST_Rel
MillCk_Wild_CHK_2018,MC2018-001,Abv_Otter_Island,2018-05-12T08:21:55Z,419.398,Upper Sac R,39.882027,-122.064445,450.703,40.05479,-122.032104,MillCk_RST_Rel
MillCk_Wild_CHK_2018,MC2018-001,Abv_Otter_Island,2018-05-12T08:21:58Z,419.398,Upper Sac R,39.882027,-122.064445,450.703,40.05479,-122.032104,MillCk_RST_Rel
MillCk_Wild_CHK_2018,MC2018-001,Abv_Otter_Island,2018-05-12T08:23:43Z,419.398,Upper Sac R,39.882027,-122.064445,450.703,40.05479,-122.032104,MillCk_RST_Rel
MillCk_Wild_CHK_2018,MC2018-001,Abv_Otter_Island,2018-05-12T08:23:46Z,419.398,Upper Sac R,39.882027,-122.064445,450.703,40.05479,-122.032104,MillCk_RST_Rel
MillCk_Wild_CHK_2018,MC2018-001,Abv_Otter_Island,2018-05-12T08:23:49Z,419.398,Upper Sac R,39.882027,-122.064445,450.703,40.05479,-122.032104,MillCk_RST_Rel
MillCk_Wild_CHK_2018,MC2018-001,Abv_Otter_Island,2018-05-12T08:23:52Z,419.398,Upper Sac R,39.882027,-122.064445,450.703,40.05479,-122.032104,MillCk_RST_Rel
MillCk_Wild_CHK_2018,MC2018-001,Abv_WoodsonBr,2018-05-12T06:51:15Z,425.158,Upper Sac R,39.920094,-122.08446000000001,450.703,40.05479,-122.032104,MillCk_RST_Rel
MillCk_Wild_CHK_2018,MC2018-001,Blw_Woodson,2018-05-12T07:44:37Z,421.4,Upper Sac R,39.898,-122.06787,450.703,40.05479,-122.032104,MillCk_RST_Rel
MillCk_Wild_CHK_2018,MC2018-001,Mill_Ck_Conf,2018-05-11T15:40:15Z,441.318,Upper Sac R,40.0327,-122.11987,450.703,40.05479,-122.032104,MillCk_RST_Rel
MillCk_Wild_CHK_2018,MC2018-001,Mill_Ck_Conf,2018-05-11T16:05:09Z,441.318,Upper Sac R,40.0327,-122.11987,450.703,40.05479,-122.032104,MillCk_RST_Rel
MillCk_Wild_CHK_2018,MC2018-001,Mill_Ck_Conf,2018-05-11T16:05:30Z,441.318,Upper Sac R,40.0327,-122.11987,450.703,40.05479,-122.032104,MillCk_RST_Rel
MillCk_Wild_CHK_2018,MC2018-001,Mill_Ck_Conf,2018-05-11T16:14:06Z,441.318,Upper Sac R,40.0327,-122.11987,450.703,40.05479,-122.032104,MillCk_RST_Rel
MillCk_Wild_CHK_2018,MC2018-001,Mill_Ck_Conf,2018-05-11T16:15:44Z,441.318,Upper Sac R,40.0327,-122.11987,450.703,40.05479,-122.032104,MillCk_RST_Rel
MillCk_Wild_CHK_2018,MC2018-001,Mill_Ck_Conf,2018-05-11T19:40:42Z,441.318,Upper Sac R,40.0327,-122.11987,450.703,40.05479,-122.032104,MillCk_RST_Rel
MillCk_Wild_CHK_2018,MC2018-001,Mill_Ck_Conf,2018-05-11T19:40:49Z,441.318,Upper Sac R,40.0327,-122.11987,450.703,40.05479,-122.032104,MillCk_RST_Rel
MillCk_Wild_CHK_2018,MC2018-001,Mill_Ck_Conf,2018-05-11T19:40:51Z,441.318,Upper Sac R,40.0327,-122.11987,450.703,40.05479,-122.032104,MillCk_RST_Rel
MillCk_Wild_CHK_2018,MC2018-001,Mill_Ck_Conf,2018-05-11T19:40:55Z,441.318,Upper Sac R,40.0327,-122.11987,450.703,40.05479,-122.032104,MillCk_RST_Rel
MillCk_Wild_CHK_2018,MC2018-001,Mill_Ck_Conf,2018-05-11T19:54:31Z,441.318,Upper Sac R,40.0327,-122.11987,450.703,40.05479,-122.032104,MillCk_RST_Rel
MillCk_Wild_CHK_2018,MC2018-001,Mill_Ck_Conf,2018-05-11T19:57:26Z,441.318,Upper Sac R,40.0327,-122.11987,450.703,40.05479,-122.032104,MillCk_RST_Rel
MillCk_Wild_CHK_2018,MC2018-001,Mill_Ck_Conf,2018-05-12T02:40:11Z,441.318,Upper Sac R,40.0327,-122.11987,450.703,40.05479,-122.032104,MillCk_RST_Rel
MillCk_Wild_CHK_2018,MC2018-001,Mill_Ck_Conf,2018-05-12T02:40:25Z,441.318,Upper Sac R,40.0327,-122.11987,450.703,40.05479,-122.032104,MillCk_RST_Rel
MillCk_Wild_CHK_2018,MC2018-001,Mill_Ck_Conf,2018-05-12T02:40:26Z,441.318,Upper Sac R,40.0327,-122.11987,450.703,40.05479,-122.032104,MillCk_RST_Rel
MillCk_Wild_CHK_2018,MC2018-001,Mill_Ck_Conf,2018-05-12T02:40:35Z,441.318,Upper Sac R,40.0327,-122.11987,450.703,40.05479,-122.032104,MillCk_RST_Rel
MillCk_Wild_CHK_2018,MC2018-001,Mill_Ck_Conf,2018-05-12T02:42:11Z,441.318,Upper Sac R,40.0327,-122.11987,450.703,40.05479,-122.032104,MillCk_RST_Rel
MillCk_Wild_CHK_2018,MC2018-001,Mill_Ck_Conf,2018-05-12T02:42:13Z,441.318,Upper Sac R,40.0327,-122.11987,450.703,40.05479,-122.032104,MillCk_RST_Rel
MillCk_Wild_CHK_2018,MC2018-001,Mill_Ck_Conf,2018-05-12T02:42:17Z,441.318,Upper Sac R,40.0327,-122.11987,450.703,40.05479,-122.032104,MillCk_RST_Rel
MillCk_Wild_CHK_2018,MC2018-001,Mill_Ck_Conf,2018-05-12T02:42:26Z,441.318,Upper Sac R,40.0327,-122.11987,450.703,40.05479,-122.032104,MillCk_RST_Rel
MillCk_Wild_CHK_2018,MC2018-001,Mill_Ck_Conf,2018-05-12T02:42:27Z,441.318,Upper Sac R,40.0327,-122.11987,450.703,40.05479,-122.032104,MillCk_RST_Rel
MillCk_Wild_CHK_2018,MC2018-001,Mill_Ck_Conf,2018-05-12T02:42:29Z,441.318,Upper Sac R,40.0327,-122.11987,450.703,40.05479,-122.032104,MillCk_RST_Rel
MillCk_Wild_CHK_2018,MC2018-001,Mill_Ck_Conf,2018-05-12T02:43:28Z,441.318,Upper Sac R,40.0327,-122.11987,450.703,40.05479,-122.032104,MillCk_RST_Rel
MillCk_Wild_CHK_2018,MC2018-001,Mill_Ck_Conf,2018-05-12T02:43:37Z,441.318,Upper Sac R,40.0327,-122.11987,450.703,40.05479,-122.032104,MillCk_RST_Rel
MillCk_Wild_CHK_2018,MC2018-001,Mill_Ck_Conf,2018-05-12T02:43:59Z,441.318,Upper Sac R,40.0327,-122.11987,450.703,40.05479,-122.032104,MillCk_RST_Rel
MillCk_Wild_CHK_2018,MC2018-001,Mill_Ck_Conf,2018-05-12T02:44:20Z,441.318,Upper Sac R,40.0327,-122.11987,450.703,40.05479,-122.032104,MillCk_RST_Rel
MillCk_Wild_CHK_2018,MC2018-001,Mill_Ck_Conf,2018-05-12T02:54:05Z,441.318,Upper Sac R,40.0327,-122.11987,450.703,40.05479,-122.032104,MillCk_RST_Rel
MillCk_Wild_CHK_2018,MC2018-001,Mill_Ck_Conf,2018-05-12T02:54:07Z,441.318,Upper Sac R,40.0327,-122.11987,450.703,40.05479,-122.032104,MillCk_RST_Rel
MillCk_Wild_CHK_2018,MC2018-001,Mill_Ck_Conf,2018-05-12T02:54:14Z,441.318,Upper Sac R,40.0327,-122.11987,450.703,40.05479,-122.032104,MillCk_RST_Rel
MillCk_Wild_CHK_2018,MC2018-001,Mill_Ck_Conf,2018-05-12T02:54:19Z,441.318,Upper Sac R,40.0327,-122.11987,450.703,40.05479,-122.032104,MillCk_RST_Rel
MillCk_Wild_CHK_2018,MC2018-001,Mill_Ck_Conf,2018-05-12T02:54:29Z,441.318,Upper Sac R,40.0327,-122.11987,450.703,40.05479,-122.032104,MillCk_RST_Rel
MillCk_Wild_CHK_2018,MC2018-001,Mill_Ck_Conf,2018-05-12T02:54:31Z,441.318,Upper Sac R,40.0327,-122.11987,450.703,40.05479,-122.032104,MillCk_RST_Rel
MillCk_Wild_CHK_2018,MC2018-001,Mill_Ck_Conf,2018-05-12T02:54:32Z,441.318,Upper Sac R,40.0327,-122.11987,450.703,40.05479,-122.032104,MillCk_RST_Rel
MillCk_Wild_CHK_2018,MC2018-001,Mill_Ck_Conf,2018-05-12T03:00:40Z,441.318,Upper Sac R,40.0327,-122.11987,450.703,40.05479,-122.032104,MillCk_RST_Rel
MillCk_Wild_CHK_2018,MC2018-001,Mill_Ck_Conf,2018-05-12T03:19:34Z,441.318,Upper Sac R,40.0327,-122.11987,450.703,40.05479,-122.032104,MillCk_RST_Rel
MillCk_Wild_CHK_2018,MC2018-001,Mill_Ck_Conf,2018-05-12T03:19:57Z,441.318,Upper Sac R,40.0327,-122.11987,450.703,40.05479,-122.032104,MillCk_RST_Rel
MillCk_Wild_CHK_2018,MC2018-001,Mill_Ck_Conf,2018-05-12T03:25:10Z,441.318,Upper Sac R,40.0327,-122.11987,450.703,40.05479,-122.032104,MillCk_RST_Rel
MillCk_Wild_CHK_2018,MC2018-001,Mill_Ck_Conf,2018-05-12T03:25:31Z,441.318,Upper Sac R,40.0327,-122.11987,450.703,40.05479,-122.032104,MillCk_RST_Rel
MillCk_Wild_CHK_2018,MC2018-001,Mill_Ck_Conf,2018-05-12T03:25:35Z,441.318,Upper Sac R,40.0327,-122.11987,450.703,40.05479,-122.032104,MillCk_RST_Rel
MillCk_Wild_CHK_2018,MC2018-001,Mill_Ck_Conf,2018-05-12T03:25:43Z,441.318,Upper Sac R,40.0327,-122.11987,450.703,40.05479,-122.032104,MillCk_RST_Rel
MillCk_Wild_CHK_2018,MC2018-001,Mill_Ck_Conf,2018-05-12T03:25:44Z,441.318,Upper Sac R,40.0327,-122.11987,450.703,40.05479,-122.032104,MillCk_RST_Rel
MillCk_Wild_CHK_2018,MC2018-001,Mill_Ck_Conf,2018-05-12T03:26:45Z,441.318,Upper Sac R,40.0327,-122.11987,450.703,40.05479,-122.032104,MillCk_RST_Rel
MillCk_Wild_CHK_2018,MC2018-001,Mill_Ck_Conf,2018-05-12T03:26:46Z,441.318,Upper Sac R,40.0327,-122.11987,450.703,40.05479,-122.032104,MillCk_RST_Rel
MillCk_Wild_CHK_2018,MC2018-001,Mill_Ck_Conf,2018-05-12T03:26:51Z,441.318,Upper Sac R,40.0327,-122.11987,450.703,40.05479,-122.032104,MillCk_RST_Rel
MillCk_Wild_CHK_2018,MC2018-001,Mill_Ck_Conf,2018-05-12T03:26:52Z,441.318,Upper Sac R,40.0327,-122.11987,450.703,40.05479,-122.032104,MillCk_RST_Rel
MillCk_Wild_CHK_2018,MC2018-001,Mill_Ck_Conf,2018-05-12T03:26:54Z,441.318,Upper Sac R,40.0327,-122.11987,450.703,40.05479,-122.032104,MillCk_RST_Rel
MillCk_Wild_CHK_2018,MC2018-001,Mill_Ck_Conf,2018-05-12T03:26:55Z,441.318,Upper Sac R,40.0327,-122.11987,450.703,40.05479,-122.032104,MillCk_RST_Rel
MillCk_Wild_CHK_2018,MC2018-001,MillCk2,2018-05-11T09:48:02Z,444.478,Mill Ck,40.046066,-122.09443,450.703,40.05479,-122.032104,MillCk_RST_Rel
MillCk_Wild_CHK_2018,MC2018-001,MillCk_RST,2018-05-09T17:32:29Z,450.702,Mill Ck,40.05479,-122.032104,450.703,40.05479,-122.032104,MillCk_RST_Rel
MillCk_Wild_CHK_2018,MC2018-001,MillCk_RST,2018-05-10T00:05:55Z,450.702,Mill Ck,40.05479,-122.032104,450.703,40.05479,-122.032104,MillCk_RST_Rel
MillCk_Wild_CHK_2018,MC2018-001,MillCk_RST,2018-05-10T02:50:03Z,450.702,Mill Ck,40.05479,-122.032104,450.703,40.05479,-122.032104,MillCk_RST_Rel
MillCk_Wild_CHK_2018,MC2018-001,MillCk_RST,2018-05-10T12:36:44Z,450.702,Mill Ck,40.05479,-122.032104,450.703,40.05479,-122.032104,MillCk_RST_Rel
MillCk_Wild_CHK_2018,MC2018-001,MillCk_RST_Rel,2018-05-10T05:00:00Z,450.703,Mill Ck,40.05479,-122.032104,450.703,40.05479,-122.032104,MillCk_RST_Rel
MillCk_Wild_CHK_2018,MC2018-002,Abv_Otter_Island,2018-05-18T14:57:02Z,419.398,Upper Sac R,39.882027,-122.064445,450.703,40.05479,-122.032104,MillCk_RST_Rel
MillCk_Wild_CHK_2018,MC2018-002,Abv_Otter_Island,2018-05-18T15:04:27Z,419.398,Upper Sac R,39.882027,-122.064445,450.703,40.05479,-122.032104,MillCk_RST_Rel
MillCk_Wild_CHK_2018,MC2018-002,Abv_Otter_Island,2018-05-18T15:04:33Z,419.398,Upper Sac R,39.882027,-122.064445,450.703,40.05479,-122.032104,MillCk_RST_Rel
MillCk_Wild_CHK_2018,MC2018-002,Abv_Otter_Island,2018-05-18T15:05:07Z,419.398,Upper Sac R,39.882027,-122.064445,450.703,40.05479,-122.032104,MillCk_RST_Rel
MillCk_Wild_CHK_2018,MC2018-002,Abv_Otter_Island,2018-05-18T15:05:16Z,419.398,Upper Sac R,39.882027,-122.064445,450.703,40.05479,-122.032104,MillCk_RST_Rel
MillCk_Wild_CHK_2018,MC2018-002,Abv_Otter_Island,2018-05-18T15:06:15Z,419.398,Upper Sac R,39.882027,-122.064445,450.703,40.05479,-122.032104,MillCk_RST_Rel
MillCk_Wild_CHK_2018,MC2018-002,Abv_Otter_Island,2018-05-18T15:06:18Z,419.398,Upper Sac R,39.882027,-122.064445,450.703,40.05479,-122.032104,MillCk_RST_Rel
MillCk_Wild_CHK_2018,MC2018-002,Abv_Otter_Island,2018-05-18T15:06:22Z,419.398,Upper Sac R,39.882027,-122.064445,450.703,40.05479,-122.032104,MillCk_RST_Rel
MillCk_Wild_CHK_2018,MC2018-002,Abv_Otter_Island,2018-05-18T15:06:24Z,419.398,Upper Sac R,39.882027,-122.064445,450.703,40.05479,-122.032104,MillCk_RST_Rel
MillCk_Wild_CHK_2018,MC2018-002,Abv_Otter_Island,2018-05-18T15:08:19Z,419.398,Upper Sac R,39.882027,-122.064445,450.703,40.05479,-122.032104,MillCk_RST_Rel
MillCk_Wild_CHK_2018,MC2018-002,Abv_Otter_Island,2018-05-18T15:08:37Z,419.398,Upper Sac R,39.882027,-122.064445,450.703,40.05479,-122.032104,MillCk_RST_Rel
MillCk_Wild_CHK_2018,MC2018-002,Abv_WoodsonBr,2018-05-18T12:45:02Z,425.158,Upper Sac R,39.920094,-122.08446000000001,450.703,40.05479,-122.032104,MillCk_RST_Rel
MillCk_Wild_CHK_2018,MC2018-002,Blw_IrvineFinch,2018-05-19T09:45:51Z,394.668,Upper Sac R,39.73146,-121.97483,450.703,40.05479,-122.032104,MillCk_RST_Rel
MillCk_Wild_CHK_2018,MC2018-002,Blw_IrvineFinch,2018-05-19T21:47:37Z,394.668,Upper Sac R,39.73146,-121.97483,450.703,40.05479,-122.032104,MillCk_RST_Rel
MillCk_Wild_CHK_2018,MC2018-002,Blw_IrvineFinch,2018-05-20T05:47:37Z,394.668,Upper Sac R,39.73146,-121.97483,450.703,40.05479,-122.032104,MillCk_RST_Rel
MillCk_Wild_CHK_2018,MC2018-002,Blw_Woodson,2018-05-18T14:22:59Z,421.4,Upper Sac R,39.898,-122.06787,450.703,40.05479,-122.032104,MillCk_RST_Rel
MillCk_Wild_CHK_2018,MC2018-002,GCID_abv,2018-05-19T06:09:12Z,406.118,Upper Sac R,39.806767,-122.05846,450.703,40.05479,-122.032104,MillCk_RST_Rel
MillCk_Wild_CHK_2018,MC2018-002,GCID_abv,2018-05-19T06:22:57Z,406.118,Upper Sac R,39.806767,-122.05846,450.703,40.05479,-122.032104,MillCk_RST_Rel
MillCk_Wild_CHK_2018,MC2018-002,GCID_blw,2018-05-19T07:10:36Z,404.428,Upper Sac R,39.79114,-122.036026,450.703,40.05479,-122.032104,MillCk_RST_Rel
MillCk_Wild_CHK_2018,MC2018-002,Mill_Ck_Conf,2018-05-18T09:34:37Z,441.318,Upper Sac R,40.0327,-122.11987,450.703,40.05479,-122.032104,MillCk_RST_Rel
MillCk_Wild_CHK_2018,MC2018-002,Mill_Ck_Conf,2018-05-18T09:37:51Z,441.318,Upper Sac R,40.0327,-122.11987,450.703,40.05479,-122.032104,MillCk_RST_Rel
MillCk_Wild_CHK_2018,MC2018-002,Mill_Ck_Conf,2018-05-18T09:37:57Z,441.318,Upper Sac R,40.0327,-122.11987,450.703,40.05479,-122.032104,MillCk_RST_Rel
MillCk_Wild_CHK_2018,MC2018-002,Mill_Ck_Conf,2018-05-18T09:38:04Z,441.318,Upper Sac R,40.0327,-122.11987,450.703,40.05479,-122.032104,MillCk_RST_Rel
MillCk_Wild_CHK_2018,MC2018-002,Mill_Ck_Conf,2018-05-18T09:38:22Z,441.318,Upper Sac R,40.0327,-122.11987,450.703,40.05479,-122.032104,MillCk_RST_Rel
MillCk_Wild_CHK_2018,MC2018-002,Mill_Ck_Conf,2018-05-18T09:38:44Z,441.318,Upper Sac R,40.0327,-122.11987,450.703,40.05479,-122.032104,MillCk_RST_Rel
MillCk_Wild_CHK_2018,MC2018-002,Mill_Ck_Conf,2018-05-18T09:38:46Z,441.318,Upper Sac R,40.0327,-122.11987,450.703,40.05479,-122.032104,MillCk_RST_Rel
MillCk_Wild_CHK_2018,MC2018-002,Mill_Ck_Conf,2018-05-18T09:38:50Z,441.318,Upper Sac R,40.0327,-122.11987,450.703,40.05479,-122.032104,MillCk_RST_Rel
MillCk_Wild_CHK_2018,MC2018-002,Mill_Ck_Conf,2018-05-18T09:40:28Z,441.318,Upper Sac R,40.0327,-122.11987,450.703,40.05479,-122.032104,MillCk_RST_Rel
MillCk_Wild_CHK_2018,MC2018-002,Mill_Ck_Conf,2018-05-18T09:40:31Z,441.318,Upper Sac R,40.0327,-122.11987,450.703,40.05479,-122.032104,MillCk_RST_Rel
MillCk_Wild_CHK_2018,MC2018-002,Mill_Ck_Conf,2018-05-18T09:40:32Z,441.318,Upper Sac R,40.0327,-122.11987,450.703,40.05479,-122.032104,MillCk_RST_Rel
MillCk_Wild_CHK_2018,MC2018-002,Mill_Ck_Conf,2018-05-18T09:40:34Z,441.318,Upper Sac R,40.0327,-122.11987,450.703,40.05479,-122.032104,MillCk_RST_Rel
MillCk_Wild_CHK_2018,MC2018-002,Mill_Ck_Conf,2018-05-18T09:40:35Z,441.318,Upper Sac R,40.0327,-122.11987,450.703,40.05479,-122.032104,MillCk_RST_Rel
MillCk_Wild_CHK_2018,MC2018-002,Mill_Ck_Conf,2018-05-18T09:40:41Z,441.318,Upper Sac R,40.0327,-122.11987,450.703,40.05479,-122.032104,MillCk_RST_Rel
MillCk_Wild_CHK_2018,MC2018-002,Mill_Ck_Conf,2018-05-18T09:40:50Z,441.318,Upper Sac R,40.0327,-122.11987,450.703,40.05479,-122.032104,MillCk_RST_Rel
MillCk_Wild_CHK_2018,MC2018-002,Mill_Ck_Conf,2018-05-18T09:40:53Z,441.318,Upper Sac R,40.0327,-122.11987,450.703,40.05479,-122.032104,MillCk_RST_Rel
MillCk_Wild_CHK_2018,MC2018-002,Mill_Ck_Conf,2018-05-18T09:40:56Z,441.318,Upper Sac R,40.0327,-122.11987,450.703,40.05479,-122.032104,MillCk_RST_Rel
MillCk_Wild_CHK_2018,MC2018-002,Mill_Ck_Conf,2018-05-18T09:41:02Z,441.318,Upper Sac R,40.0327,-122.11987,450.703,40.05479,-122.032104,MillCk_RST_Rel
MillCk_Wild_CHK_2018,MC2018-002,Mill_Ck_Conf,2018-05-18T09:41:05Z,441.318,Upper Sac R,40.0327,-122.11987,450.703,40.05479,-122.032104,MillCk_RST_Rel
MillCk_Wild_CHK_2018,MC2018-002,Mill_Ck_Conf,2018-05-18T09:41:09Z,441.318,Upper Sac R,40.0327,-122.11987,450.703,40.05479,-122.032104,MillCk_RST_Rel
MillCk_Wild_CHK_2018,MC2018-002,Mill_Ck_Conf,2018-05-18T09:41:24Z,441.318,Upper Sac R,40.0327,-122.11987,450.703,40.05479,-122.032104,MillCk_RST_Rel
MillCk_Wild_CHK_2018,MC2018-002,Mill_Ck_Conf,2018-05-18T09:41:27Z,441.318,Upper Sac R,40.0327,-122.11987,450.703,40.05479,-122.032104,MillCk_RST_Rel
MillCk_Wild_CHK_2018,MC2018-002,MillCk2,2018-05-18T07:58:13Z,444.478,Mill Ck,40.046066,-122.09443,450.703,40.05479,-122.032104,MillCk_RST_Rel
MillCk_Wild_CHK_2018,MC2018-002,MillCk_RST,2018-05-18T01:56:39Z,450.702,Mill Ck,40.05479,-122.032104,450.703,40.05479,-122.032104,MillCk_RST_Rel
MillCk_Wild_CHK_2018,MC2018-002,MillCk_RST_Rel,2018-05-18T05:00:00Z,450.703,Mill Ck,40.05479,-122.032104,450.703,40.05479,-122.032104,MillCk_RST_Rel
MillCk_Wild_CHK_2018,MC2018-003,Abv_Otter_Island,2018-05-19T13:52:16Z,419.398,Upper Sac R,39.882027,-122.064445,450.703,40.05479,-122.032104,MillCk_RST_Rel
MillCk_Wild_CHK_2018,MC2018-003,Abv_Otter_Island,2018-05-19T13:58:50Z,419.398,Upper Sac R,39.882027,-122.064445,450.703,40.05479,-122.032104,MillCk_RST_Rel
MillCk_Wild_CHK_2018,MC2018-003,Abv_Otter_Island,2018-05-19T13:58:53Z,419.398,Upper Sac R,39.882027,-122.064445,450.703,40.05479,-122.032104,MillCk_RST_Rel
MillCk_Wild_CHK_2018,MC2018-003,Abv_Otter_Island,2018-05-19T13:58:56Z,419.398,Upper Sac R,39.882027,-122.064445,450.703,40.05479,-122.032104,MillCk_RST_Rel
MillCk_Wild_CHK_2018,MC2018-003,Abv_Otter_Island,2018-05-19T13:59:02Z,419.398,Upper Sac R,39.882027,-122.064445,450.703,40.05479,-122.032104,MillCk_RST_Rel
MillCk_Wild_CHK_2018,MC2018-003,Abv_Otter_Island,2018-05-19T13:59:26Z,419.398,Upper Sac R,39.882027,-122.064445,450.703,40.05479,-122.032104,MillCk_RST_Rel
MillCk_Wild_CHK_2018,MC2018-003,Abv_Otter_Island,2018-05-19T13:59:29Z,419.398,Upper Sac R,39.882027,-122.064445,450.703,40.05479,-122.032104,MillCk_RST_Rel
MillCk_Wild_CHK_2018,MC2018-003,Abv_Otter_Island,2018-05-19T13:59:33Z,419.398,Upper Sac R,39.882027,-122.064445,450.703,40.05479,-122.032104,MillCk_RST_Rel
MillCk_Wild_CHK_2018,MC2018-003,Abv_Otter_Island,2018-05-19T13:59:51Z,419.398,Upper Sac R,39.882027,-122.064445,450.703,40.05479,-122.032104,MillCk_RST_Rel
MillCk_Wild_CHK_2018,MC2018-003,Abv_Otter_Island,2018-05-19T13:59:54Z,419.398,Upper Sac R,39.882027,-122.064445,450.703,40.05479,-122.032104,MillCk_RST_Rel
MillCk_Wild_CHK_2018,MC2018-003,Abv_Otter_Island,2018-05-19T14:00:03Z,419.398,Upper Sac R,39.882027,-122.064445,450.703,40.05479,-122.032104,MillCk_RST_Rel
MillCk_Wild_CHK_2018,MC2018-003,Abv_Otter_Island,2018-05-19T14:00:55Z,419.398,Upper Sac R,39.882027,-122.064445,450.703,40.05479,-122.032104,MillCk_RST_Rel
MillCk_Wild_CHK_2018,MC2018-003,Abv_Otter_Island,2018-05-19T14:00:56Z,419.398,Upper Sac R,39.882027,-122.064445,450.703,40.05479,-122.032104,MillCk_RST_Rel
MillCk_Wild_CHK_2018,MC2018-003,Abv_Otter_Island,2018-05-19T14:00:58Z,419.398,Upper Sac R,39.882027,-122.064445,450.703,40.05479,-122.032104,MillCk_RST_Rel
MillCk_Wild_CHK_2018,MC2018-003,Abv_Otter_Island,2018-05-19T14:00:59Z,419.398,Upper Sac R,39.882027,-122.064445,450.703,40.05479,-122.032104,MillCk_RST_Rel
MillCk_Wild_CHK_2018,MC2018-003,Abv_Otter_Island,2018-05-19T14:01:02Z,419.398,Upper Sac R,39.882027,-122.064445,450.703,40.05479,-122.032104,MillCk_RST_Rel
MillCk_Wild_CHK_2018,MC2018-003,Abv_Otter_Island,2018-05-19T14:06:12Z,419.398,Upper Sac R,39.882027,-122.064445,450.703,40.05479,-122.032104,MillCk_RST_Rel
MillCk_Wild_CHK_2018,MC2018-003,Abv_Otter_Island,2018-05-19T14:06:18Z,419.398,Upper Sac R,39.882027,-122.064445,450.703,40.05479,-122.032104,MillCk_RST_Rel
MillCk_Wild_CHK_2018,MC2018-003,Abv_WoodsonBr,2018-05-19T12:26:10Z,425.158,Upper Sac R,39.920094,-122.08446000000001,450.703,40.05479,-122.032104,MillCk_RST_Rel
MillCk_Wild_CHK_2018,MC2018-003,Blw_Woodson,2018-05-19T13:25:39Z,421.4,Upper Sac R,39.898,-122.06787,450.703,40.05479,-122.032104,MillCk_RST_Rel
MillCk_Wild_CHK_2018,MC2018-003,GCID_abv,2018-05-20T05:28:17Z,406.118,Upper Sac R,39.806767,-122.05846,450.703,40.05479,-122.032104,MillCk_RST_Rel
MillCk_Wild_CHK_2018,MC2018-003,GCID_abv,2018-05-20T05:40:55Z,406.118,Upper Sac R,39.806767,-122.05846,450.703,40.05479,-122.032104,MillCk_RST_Rel
MillCk_Wild_CHK_2018,MC2018-003,GCID_blw,2018-05-20T06:34:01Z,404.428,Upper Sac R,39.79114,-122.036026,450.703,40.05479,-122.032104,MillCk_RST_Rel
MillCk_Wild_CHK_2018,MC2018-003,Mill_Ck_Conf,2018-05-19T09:12:08Z,441.318,Upper Sac R,40.0327,-122.11987,450.703,40.05479,-122.032104,MillCk_RST_Rel
MillCk_Wild_CHK_2018,MC2018-003,Mill_Ck_Conf,2018-05-19T09:16:24Z,441.318,Upper Sac R,40.0327,-122.11987,450.703,40.05479,-122.032104,MillCk_RST_Rel
MillCk_Wild_CHK_2018,MC2018-003,Mill_Ck_Conf,2018-05-19T09:16:26Z,441.318,Upper Sac R,40.0327,-122.11987,450.703,40.05479,-122.032104,MillCk_RST_Rel
MillCk_Wild_CHK_2018,MC2018-003,Mill_Ck_Conf,2018-05-19T09:16:27Z,441.318,Upper Sac R,40.0327,-122.11987,450.703,40.05479,-122.032104,MillCk_RST_Rel
MillCk_Wild_CHK_2018,MC2018-003,Mill_Ck_Conf,2018-05-19T09:16:32Z,441.318,Upper Sac R,40.0327,-122.11987,450.703,40.05479,-122.032104,MillCk_RST_Rel
MillCk_Wild_CHK_2018,MC2018-003,Mill_Ck_Conf,2018-05-19T09:16:46Z,441.318,Upper Sac R,40.0327,-122.11987,450.703,40.05479,-122.032104,MillCk_RST_Rel
MillCk_Wild_CHK_2018,MC2018-003,Mill_Ck_Conf,2018-05-19T09:16:48Z,441.318,Upper Sac R,40.0327,-122.11987,450.703,40.05479,-122.032104,MillCk_RST_Rel
MillCk_Wild_CHK_2018,MC2018-003,Mill_Ck_Conf,2018-05-19T09:16:49Z,441.318,Upper Sac R,40.0327,-122.11987,450.703,40.05479,-122.032104,MillCk_RST_Rel
MillCk_Wild_CHK_2018,MC2018-003,Mill_Ck_Conf,2018-05-19T09:16:51Z,441.318,Upper Sac R,40.0327,-122.11987,450.703,40.05479,-122.032104,MillCk_RST_Rel
MillCk_Wild_CHK_2018,MC2018-003,Mill_Ck_Conf,2018-05-19T09:17:16Z,441.318,Upper Sac R,40.0327,-122.11987,450.703,40.05479,-122.032104,MillCk_RST_Rel
MillCk_Wild_CHK_2018,MC2018-003,Mill_Ck_Conf,2018-05-19T09:17:28Z,441.318,Upper Sac R,40.0327,-122.11987,450.703,40.05479,-122.032104,MillCk_RST_Rel
MillCk_Wild_CHK_2018,MC2018-003,Mill_Ck_Conf,2018-05-19T09:17:29Z,441.318,Upper Sac R,40.0327,-122.11987,450.703,40.05479,-122.032104,MillCk_RST_Rel
MillCk_Wild_CHK_2018,MC2018-003,Mill_Ck_Conf,2018-05-19T09:17:31Z,441.318,Upper Sac R,40.0327,-122.11987,450.703,40.05479,-122.032104,MillCk_RST_Rel
MillCk_Wild_CHK_2018,MC2018-003,Mill_Ck_Conf,2018-05-19T09:17:32Z,441.318,Upper Sac R,40.0327,-122.11987,450.703,40.05479,-122.032104,MillCk_RST_Rel
MillCk_Wild_CHK_2018,MC2018-003,Mill_Ck_Conf,2018-05-19T09:17:34Z,441.318,Upper Sac R,40.0327,-122.11987,450.703,40.05479,-122.032104,MillCk_RST_Rel
MillCk_Wild_CHK_2018,MC2018-003,Mill_Ck_Conf,2018-05-19T09:17:38Z,441.318,Upper Sac R,40.0327,-122.11987,450.703,40.05479,-122.032104,MillCk_RST_Rel
MillCk_Wild_CHK_2018,MC2018-003,Mill_Ck_Conf,2018-05-19T09:17:49Z,441.318,Upper Sac R,40.0327,-122.11987,450.703,40.05479,-122.032104,MillCk_RST_Rel
MillCk_Wild_CHK_2018,MC2018-003,Mill_Ck_Conf,2018-05-19T09:17:50Z,441.318,Upper Sac R,40.0327,-122.11987,450.703,40.05479,-122.032104,MillCk_RST_Rel
MillCk_Wild_CHK_2018,MC2018-003,Mill_Ck_Conf,2018-05-19T09:17:52Z,441.318,Upper Sac R,40.0327,-122.11987,450.703,40.05479,-122.032104,MillCk_RST_Rel
MillCk_Wild_CHK_2018,MC2018-003,Mill_Ck_Conf,2018-05-19T09:17:56Z,441.318,Upper Sac R,40.0327,-122.11987,450.703,40.05479,-122.032104,MillCk_RST_Rel
MillCk_Wild_CHK_2018,MC2018-003,Mill_Ck_Conf,2018-05-19T09:18:01Z,441.318,Upper Sac R,40.0327,-122.11987,450.703,40.05479,-122.032104,MillCk_RST_Rel
MillCk_Wild_CHK_2018,MC2018-003,Mill_Ck_Conf,2018-05-19T09:18:36Z,441.318,Upper Sac R,40.0327,-122.11987,450.703,40.05479,-122.032104,MillCk_RST_Rel
MillCk_Wild_CHK_2018,MC2018-003,Mill_Ck_Conf,2018-05-19T09:18:41Z,441.318,Upper Sac R,40.0327,-122.11987,450.703,40.05479,-122.032104,MillCk_RST_Rel
MillCk_Wild_CHK_2018,MC2018-003,Mill_Ck_Conf,2018-05-19T09:18:42Z,441.318,Upper Sac R,40.0327,-122.11987,450.703,40.05479,-122.032104,MillCk_RST_Rel
MillCk_Wild_CHK_2018,MC2018-003,Mill_Ck_Conf,2018-05-19T09:18:44Z,441.318,Upper Sac R,40.0327,-122.11987,450.703,40.05479,-122.032104,MillCk_RST_Rel
MillCk_Wild_CHK_2018,MC2018-003,Mill_Ck_Conf,2018-05-19T09:18:45Z,441.318,Upper Sac R,40.0327,-122.11987,450.703,40.05479,-122.032104,MillCk_RST_Rel
MillCk_Wild_CHK_2018,MC2018-003,Mill_Ck_Conf,2018-05-19T09:18:50Z,441.318,Upper Sac R,40.0327,-122.11987,450.703,40.05479,-122.032104,MillCk_RST_Rel
MillCk_Wild_CHK_2018,MC2018-003,Mill_Ck_Conf,2018-05-19T09:18:52Z,441.318,Upper Sac R,40.0327,-122.11987,450.703,40.05479,-122.032104,MillCk_RST_Rel
MillCk_Wild_CHK_2018,MC2018-003,MillCk2,2018-05-18T08:07:05Z,444.478,Mill Ck,40.046066,-122.09443,450.703,40.05479,-122.032104,MillCk_RST_Rel
MillCk_Wild_CHK_2018,MC2018-003,MillCk2,2018-05-18T10:33:27Z,444.478,Mill Ck,40.046066,-122.09443,450.703,40.05479,-122.032104,MillCk_RST_Rel
MillCk_Wild_CHK_2018,MC2018-003,MillCk2,2018-05-18T13:43:27Z,444.478,Mill Ck,40.046066,-122.09443,450.703,40.05479,-122.032104,MillCk_RST_Rel
MillCk_Wild_CHK_2018,MC2018-003,MillCk2,2018-05-18T14:54:20Z,444.478,Mill Ck,40.046066,-122.09443,450.703,40.05479,-122.032104,MillCk_RST_Rel
MillCk_Wild_CHK_2018,MC2018-003,MillCk2,2018-05-18T18:15:28Z,444.478,Mill Ck,40.046066,-122.09443,450.703,40.05479,-122.032104,MillCk_RST_Rel
MillCk_Wild_CHK_2018,MC2018-003,MillCk_RST,2018-05-18T01:11:30Z,450.702,Mill Ck,40.05479,-122.032104,450.703,40.05479,-122.032104,MillCk_RST_Rel
MillCk_Wild_CHK_2018,MC2018-003,MillCk_RST_Rel,2018-05-18T05:00:00Z,450.703,Mill Ck,40.05479,-122.032104,450.703,40.05479,-122.032104,MillCk_RST_Rel
