StudyID,FishID,GEN,time,GenRKM,Region,GenLat,GenLon,RelRKM,release_latitude,release_longitude,Rel_loc
MillCk_Wild_CHK_2014,MC2014-024,Abv_WoodsonBr,2014-04-26T12:49:39Z,425.158,Upper Sac R,39.920094,-122.08446000000001,450.703,40.05479,-122.032104,MillCk_RST_Rel
MillCk_Wild_CHK_2014,MC2014-024,Abv_WoodsonBr,2014-04-26T12:54:43Z,425.158,Upper Sac R,39.920094,-122.08446000000001,450.703,40.05479,-122.032104,MillCk_RST_Rel
MillCk_Wild_CHK_2014,MC2014-024,AbvColusaBr,2014-04-30T00:40:31Z,307.738,Lower Sac R,39.2205,-122.00847,450.703,40.05479,-122.032104,MillCk_RST_Rel
MillCk_Wild_CHK_2014,MC2014-024,AbvColusaBr,2014-04-30T00:47:21Z,307.738,Lower Sac R,39.2205,-122.00847,450.703,40.05479,-122.032104,MillCk_RST_Rel
MillCk_Wild_CHK_2014,MC2014-024,AbvTisdale,2014-04-30T20:46:26Z,269.238,Lower Sac R,39.0364,-121.82918,450.703,40.05479,-122.032104,MillCk_RST_Rel
MillCk_Wild_CHK_2014,MC2014-024,Blw_FRConf,2014-05-02T03:29:26Z,203.468,Lower Sac R,38.778105,-121.607845,450.703,40.05479,-122.032104,MillCk_RST_Rel
MillCk_Wild_CHK_2014,MC2014-024,Blw_FRConf,2014-05-02T03:29:26Z,203.468,Lower Sac R,38.778105,-121.607845,450.703,40.05479,-122.032104,MillCk_RST_Rel
MillCk_Wild_CHK_2014,MC2014-024,Blw_IrvineFinch,2014-04-27T12:55:54Z,394.668,Upper Sac R,39.73146,-121.97483,450.703,40.05479,-122.032104,MillCk_RST_Rel
MillCk_Wild_CHK_2014,MC2014-024,Blw_IrvineFinch,2014-04-27T13:05:34Z,394.668,Upper Sac R,39.73146,-121.97483,450.703,40.05479,-122.032104,MillCk_RST_Rel
MillCk_Wild_CHK_2014,MC2014-024,BlwButteBr,2014-04-28T22:50:56Z,338.288,Lower Sac R,39.41913,-122.00943,450.703,40.05479,-122.032104,MillCk_RST_Rel
MillCk_Wild_CHK_2014,MC2014-024,BlwChinaBend,2014-05-01T08:57:40Z,240.618,Lower Sac R,38.88406,-121.81713,450.703,40.05479,-122.032104,MillCk_RST_Rel
MillCk_Wild_CHK_2014,MC2014-024,BlwChinaBend,2014-05-01T08:59:41Z,240.618,Lower Sac R,38.88406,-121.81713,450.703,40.05479,-122.032104,MillCk_RST_Rel
MillCk_Wild_CHK_2014,MC2014-024,BlwChinaBend,2014-05-01T08:59:46Z,240.618,Lower Sac R,38.88406,-121.81713,450.703,40.05479,-122.032104,MillCk_RST_Rel
MillCk_Wild_CHK_2014,MC2014-024,BlwChinaBend,2014-05-01T08:59:56Z,240.618,Lower Sac R,38.88406,-121.81713,450.703,40.05479,-122.032104,MillCk_RST_Rel
MillCk_Wild_CHK_2014,MC2014-024,BlwChinaBend,2014-05-01T09:00:16Z,240.618,Lower Sac R,38.88406,-121.81713,450.703,40.05479,-122.032104,MillCk_RST_Rel
MillCk_Wild_CHK_2014,MC2014-024,BlwChinaBend,2014-05-01T09:00:27Z,240.618,Lower Sac R,38.88406,-121.81713,450.703,40.05479,-122.032104,MillCk_RST_Rel
MillCk_Wild_CHK_2014,MC2014-024,BlwChinaBend,2014-05-01T09:00:37Z,240.618,Lower Sac R,38.88406,-121.81713,450.703,40.05479,-122.032104,MillCk_RST_Rel
MillCk_Wild_CHK_2014,MC2014-024,BlwChinaBend,2014-05-01T09:00:52Z,240.618,Lower Sac R,38.88406,-121.81713,450.703,40.05479,-122.032104,MillCk_RST_Rel
MillCk_Wild_CHK_2014,MC2014-024,BlwChinaBend,2014-05-01T09:00:57Z,240.618,Lower Sac R,38.88406,-121.81713,450.703,40.05479,-122.032104,MillCk_RST_Rel
MillCk_Wild_CHK_2014,MC2014-024,BlwChinaBend,2014-05-01T09:01:07Z,240.618,Lower Sac R,38.88406,-121.81713,450.703,40.05479,-122.032104,MillCk_RST_Rel
MillCk_Wild_CHK_2014,MC2014-024,BlwChinaBend,2014-05-01T09:01:12Z,240.618,Lower Sac R,38.88406,-121.81713,450.703,40.05479,-122.032104,MillCk_RST_Rel
MillCk_Wild_CHK_2014,MC2014-024,BlwChinaBend,2014-05-01T09:01:32Z,240.618,Lower Sac R,38.88406,-121.81713,450.703,40.05479,-122.032104,MillCk_RST_Rel
MillCk_Wild_CHK_2014,MC2014-024,BlwChinaBend,2014-05-01T09:01:37Z,240.618,Lower Sac R,38.88406,-121.81713,450.703,40.05479,-122.032104,MillCk_RST_Rel
MillCk_Wild_CHK_2014,MC2014-024,BlwChinaBend,2014-05-01T09:01:42Z,240.618,Lower Sac R,38.88406,-121.81713,450.703,40.05479,-122.032104,MillCk_RST_Rel
MillCk_Wild_CHK_2014,MC2014-024,BlwChinaBend,2014-05-01T09:01:47Z,240.618,Lower Sac R,38.88406,-121.81713,450.703,40.05479,-122.032104,MillCk_RST_Rel
MillCk_Wild_CHK_2014,MC2014-024,BlwChinaBend,2014-05-01T09:02:02Z,240.618,Lower Sac R,38.88406,-121.81713,450.703,40.05479,-122.032104,MillCk_RST_Rel
MillCk_Wild_CHK_2014,MC2014-024,BlwChinaBend,2014-05-01T09:02:07Z,240.618,Lower Sac R,38.88406,-121.81713,450.703,40.05479,-122.032104,MillCk_RST_Rel
MillCk_Wild_CHK_2014,MC2014-024,BlwChinaBend,2014-05-01T09:02:37Z,240.618,Lower Sac R,38.88406,-121.81713,450.703,40.05479,-122.032104,MillCk_RST_Rel
MillCk_Wild_CHK_2014,MC2014-024,BlwChinaBend,2014-05-01T09:02:52Z,240.618,Lower Sac R,38.88406,-121.81713,450.703,40.05479,-122.032104,MillCk_RST_Rel
MillCk_Wild_CHK_2014,MC2014-024,BlwOrd,2014-04-28T11:28:47Z,361.728,Upper Sac R,39.56548,-122.0018,450.703,40.05479,-122.032104,MillCk_RST_Rel
MillCk_Wild_CHK_2014,MC2014-024,BlwOrd,2014-04-28T11:29:29Z,361.728,Upper Sac R,39.56548,-122.0018,450.703,40.05479,-122.032104,MillCk_RST_Rel
MillCk_Wild_CHK_2014,MC2014-024,BlwOrd,2014-04-28T11:29:32Z,361.728,Upper Sac R,39.56548,-122.0018,450.703,40.05479,-122.032104,MillCk_RST_Rel
MillCk_Wild_CHK_2014,MC2014-024,BlwOrd,2014-04-28T11:29:34Z,361.728,Upper Sac R,39.56548,-122.0018,450.703,40.05479,-122.032104,MillCk_RST_Rel
MillCk_Wild_CHK_2014,MC2014-024,BlwOrd,2014-04-28T11:29:57Z,361.728,Upper Sac R,39.56548,-122.0018,450.703,40.05479,-122.032104,MillCk_RST_Rel
MillCk_Wild_CHK_2014,MC2014-024,BlwOrd,2014-04-28T11:30:13Z,361.728,Upper Sac R,39.56548,-122.0018,450.703,40.05479,-122.032104,MillCk_RST_Rel
MillCk_Wild_CHK_2014,MC2014-024,BlwOrd,2014-04-28T11:30:17Z,361.728,Upper Sac R,39.56548,-122.0018,450.703,40.05479,-122.032104,MillCk_RST_Rel
MillCk_Wild_CHK_2014,MC2014-024,BlwOrd,2014-04-28T11:30:33Z,361.728,Upper Sac R,39.56548,-122.0018,450.703,40.05479,-122.032104,MillCk_RST_Rel
MillCk_Wild_CHK_2014,MC2014-024,BlwOrd,2014-04-28T11:30:37Z,361.728,Upper Sac R,39.56548,-122.0018,450.703,40.05479,-122.032104,MillCk_RST_Rel
MillCk_Wild_CHK_2014,MC2014-024,BlwOrd,2014-04-28T11:30:48Z,361.728,Upper Sac R,39.56548,-122.0018,450.703,40.05479,-122.032104,MillCk_RST_Rel
MillCk_Wild_CHK_2014,MC2014-024,BlwOrd,2014-04-28T11:31:02Z,361.728,Upper Sac R,39.56548,-122.0018,450.703,40.05479,-122.032104,MillCk_RST_Rel
MillCk_Wild_CHK_2014,MC2014-024,BlwOrd,2014-04-28T11:31:03Z,361.728,Upper Sac R,39.56548,-122.0018,450.703,40.05479,-122.032104,MillCk_RST_Rel
MillCk_Wild_CHK_2014,MC2014-024,BlwOrd,2014-04-28T11:31:22Z,361.728,Upper Sac R,39.56548,-122.0018,450.703,40.05479,-122.032104,MillCk_RST_Rel
MillCk_Wild_CHK_2014,MC2014-024,BlwOrd,2014-04-28T11:31:23Z,361.728,Upper Sac R,39.56548,-122.0018,450.703,40.05479,-122.032104,MillCk_RST_Rel
MillCk_Wild_CHK_2014,MC2014-024,BlwOrd,2014-04-28T11:31:51Z,361.728,Upper Sac R,39.56548,-122.0018,450.703,40.05479,-122.032104,MillCk_RST_Rel
MillCk_Wild_CHK_2014,MC2014-024,BlwOrd,2014-04-28T11:31:58Z,361.728,Upper Sac R,39.56548,-122.0018,450.703,40.05479,-122.032104,MillCk_RST_Rel
MillCk_Wild_CHK_2014,MC2014-024,BlwOrd,2014-04-28T11:32:01Z,361.728,Upper Sac R,39.56548,-122.0018,450.703,40.05479,-122.032104,MillCk_RST_Rel
MillCk_Wild_CHK_2014,MC2014-024,BlwOrd,2014-04-28T11:32:03Z,361.728,Upper Sac R,39.56548,-122.0018,450.703,40.05479,-122.032104,MillCk_RST_Rel
MillCk_Wild_CHK_2014,MC2014-024,BlwOrd,2014-04-28T11:32:21Z,361.728,Upper Sac R,39.56548,-122.0018,450.703,40.05479,-122.032104,MillCk_RST_Rel
MillCk_Wild_CHK_2014,MC2014-024,BlwOrd,2014-04-28T11:32:23Z,361.728,Upper Sac R,39.56548,-122.0018,450.703,40.05479,-122.032104,MillCk_RST_Rel
MillCk_Wild_CHK_2014,MC2014-024,BlwOrd,2014-04-28T11:32:46Z,361.728,Upper Sac R,39.56548,-122.0018,450.703,40.05479,-122.032104,MillCk_RST_Rel
MillCk_Wild_CHK_2014,MC2014-024,BlwOrd,2014-04-28T11:32:48Z,361.728,Upper Sac R,39.56548,-122.0018,450.703,40.05479,-122.032104,MillCk_RST_Rel
MillCk_Wild_CHK_2014,MC2014-024,BlwOrd,2014-04-28T11:32:59Z,361.728,Upper Sac R,39.56548,-122.0018,450.703,40.05479,-122.032104,MillCk_RST_Rel
MillCk_Wild_CHK_2014,MC2014-024,BlwOrd,2014-04-28T11:33:05Z,361.728,Upper Sac R,39.56548,-122.0018,450.703,40.05479,-122.032104,MillCk_RST_Rel
MillCk_Wild_CHK_2014,MC2014-024,BlwOrd,2014-04-28T11:33:23Z,361.728,Upper Sac R,39.56548,-122.0018,450.703,40.05479,-122.032104,MillCk_RST_Rel
MillCk_Wild_CHK_2014,MC2014-024,BlwOrd,2014-04-28T11:33:35Z,361.728,Upper Sac R,39.56548,-122.0018,450.703,40.05479,-122.032104,MillCk_RST_Rel
MillCk_Wild_CHK_2014,MC2014-024,BlwOrd,2014-04-28T11:33:53Z,361.728,Upper Sac R,39.56548,-122.0018,450.703,40.05479,-122.032104,MillCk_RST_Rel
MillCk_Wild_CHK_2014,MC2014-024,BlwOrd,2014-04-28T11:33:55Z,361.728,Upper Sac R,39.56548,-122.0018,450.703,40.05479,-122.032104,MillCk_RST_Rel
MillCk_Wild_CHK_2014,MC2014-024,BlwOrd,2014-04-28T11:34:03Z,361.728,Upper Sac R,39.56548,-122.0018,450.703,40.05479,-122.032104,MillCk_RST_Rel
MillCk_Wild_CHK_2014,MC2014-024,BlwOrd,2014-04-28T11:34:10Z,361.728,Upper Sac R,39.56548,-122.0018,450.703,40.05479,-122.032104,MillCk_RST_Rel
MillCk_Wild_CHK_2014,MC2014-024,BlwOrd,2014-04-28T11:34:18Z,361.728,Upper Sac R,39.56548,-122.0018,450.703,40.05479,-122.032104,MillCk_RST_Rel
MillCk_Wild_CHK_2014,MC2014-024,BlwOrd,2014-04-28T11:34:30Z,361.728,Upper Sac R,39.56548,-122.0018,450.703,40.05479,-122.032104,MillCk_RST_Rel
MillCk_Wild_CHK_2014,MC2014-024,BlwOrd,2014-04-28T11:34:38Z,361.728,Upper Sac R,39.56548,-122.0018,450.703,40.05479,-122.032104,MillCk_RST_Rel
MillCk_Wild_CHK_2014,MC2014-024,BlwOrd,2014-04-28T11:34:40Z,361.728,Upper Sac R,39.56548,-122.0018,450.703,40.05479,-122.032104,MillCk_RST_Rel
MillCk_Wild_CHK_2014,MC2014-024,KnightsLanding,2014-05-01T14:44:09Z,224.068,Lower Sac R,38.82341,-121.72388,450.703,40.05479,-122.032104,MillCk_RST_Rel
MillCk_Wild_CHK_2014,MC2014-024,KnightsLanding,2014-05-01T14:45:04Z,224.068,Lower Sac R,38.82341,-121.72388,450.703,40.05479,-122.032104,MillCk_RST_Rel
MillCk_Wild_CHK_2014,MC2014-024,KnightsLanding,2014-05-01T14:45:09Z,224.068,Lower Sac R,38.82341,-121.72388,450.703,40.05479,-122.032104,MillCk_RST_Rel
MillCk_Wild_CHK_2014,MC2014-024,KnightsLanding,2014-05-01T14:45:24Z,224.068,Lower Sac R,38.82341,-121.72388,450.703,40.05479,-122.032104,MillCk_RST_Rel
MillCk_Wild_CHK_2014,MC2014-024,KnightsLanding,2014-05-01T14:45:29Z,224.068,Lower Sac R,38.82341,-121.72388,450.703,40.05479,-122.032104,MillCk_RST_Rel
MillCk_Wild_CHK_2014,MC2014-024,KnightsLanding,2014-05-01T14:45:34Z,224.068,Lower Sac R,38.82341,-121.72388,450.703,40.05479,-122.032104,MillCk_RST_Rel
MillCk_Wild_CHK_2014,MC2014-024,Mill_Ck_Conf,2014-04-25T12:02:58Z,441.318,Upper Sac R,40.0327,-122.11987,450.703,40.05479,-122.032104,MillCk_RST_Rel
MillCk_Wild_CHK_2014,MC2014-024,Mill_Ck_Conf,2014-04-25T13:06:05Z,441.318,Upper Sac R,40.0327,-122.11987,450.703,40.05479,-122.032104,MillCk_RST_Rel
MillCk_Wild_CHK_2014,MC2014-024,Mill_Ck_Conf,2014-04-25T13:07:31Z,441.318,Upper Sac R,40.0327,-122.11987,450.703,40.05479,-122.032104,MillCk_RST_Rel
MillCk_Wild_CHK_2014,MC2014-024,Mill_Ck_Conf,2014-04-25T13:07:35Z,441.318,Upper Sac R,40.0327,-122.11987,450.703,40.05479,-122.032104,MillCk_RST_Rel
MillCk_Wild_CHK_2014,MC2014-024,Mill_Ck_Conf,2014-04-25T13:07:46Z,441.318,Upper Sac R,40.0327,-122.11987,450.703,40.05479,-122.032104,MillCk_RST_Rel
MillCk_Wild_CHK_2014,MC2014-024,Mill_Ck_Conf,2014-04-25T13:07:50Z,441.318,Upper Sac R,40.0327,-122.11987,450.703,40.05479,-122.032104,MillCk_RST_Rel
MillCk_Wild_CHK_2014,MC2014-024,Mill_Ck_Conf,2014-04-25T13:08:16Z,441.318,Upper Sac R,40.0327,-122.11987,450.703,40.05479,-122.032104,MillCk_RST_Rel
MillCk_Wild_CHK_2014,MC2014-024,MillCk2,2014-04-24T19:28:11Z,444.478,Mill Ck,40.046066,-122.09443,450.703,40.05479,-122.032104,MillCk_RST_Rel
MillCk_Wild_CHK_2014,MC2014-024,MillCk_RST_Rel,2014-04-23T00:00:00Z,450.703,Mill Ck,40.05479,-122.032104,450.703,40.05479,-122.032104,MillCk_RST_Rel
MillCk_Wild_CHK_2014,MC2014-025,Abv_WoodsonBr,2014-04-24T16:22:10Z,425.158,Upper Sac R,39.920094,-122.08446000000001,450.703,40.05479,-122.032104,MillCk_RST_Rel
MillCk_Wild_CHK_2014,MC2014-025,Abv_WoodsonBr,2014-04-24T16:28:32Z,425.158,Upper Sac R,39.920094,-122.08446000000001,450.703,40.05479,-122.032104,MillCk_RST_Rel
MillCk_Wild_CHK_2014,MC2014-025,Blw_IrvineFinch,2014-04-26T05:10:51Z,394.668,Upper Sac R,39.73146,-121.97483,450.703,40.05479,-122.032104,MillCk_RST_Rel
MillCk_Wild_CHK_2014,MC2014-025,Blw_IrvineFinch,2014-04-26T05:18:06Z,394.668,Upper Sac R,39.73146,-121.97483,450.703,40.05479,-122.032104,MillCk_RST_Rel
MillCk_Wild_CHK_2014,MC2014-025,BlwButteBr,2014-04-27T22:07:26Z,338.288,Lower Sac R,39.41913,-122.00943,450.703,40.05479,-122.032104,MillCk_RST_Rel
MillCk_Wild_CHK_2014,MC2014-025,BlwOrd,2014-04-27T13:26:59Z,361.728,Upper Sac R,39.56548,-122.0018,450.703,40.05479,-122.032104,MillCk_RST_Rel
MillCk_Wild_CHK_2014,MC2014-025,BlwOrd,2014-04-27T13:32:13Z,361.728,Upper Sac R,39.56548,-122.0018,450.703,40.05479,-122.032104,MillCk_RST_Rel
MillCk_Wild_CHK_2014,MC2014-025,BlwOrd,2014-04-27T13:32:17Z,361.728,Upper Sac R,39.56548,-122.0018,450.703,40.05479,-122.032104,MillCk_RST_Rel
MillCk_Wild_CHK_2014,MC2014-025,BlwOrd,2014-04-27T13:32:28Z,361.728,Upper Sac R,39.56548,-122.0018,450.703,40.05479,-122.032104,MillCk_RST_Rel
MillCk_Wild_CHK_2014,MC2014-025,BlwOrd,2014-04-27T13:32:36Z,361.728,Upper Sac R,39.56548,-122.0018,450.703,40.05479,-122.032104,MillCk_RST_Rel
MillCk_Wild_CHK_2014,MC2014-025,BlwOrd,2014-04-27T13:32:48Z,361.728,Upper Sac R,39.56548,-122.0018,450.703,40.05479,-122.032104,MillCk_RST_Rel
MillCk_Wild_CHK_2014,MC2014-025,BlwOrd,2014-04-27T13:32:51Z,361.728,Upper Sac R,39.56548,-122.0018,450.703,40.05479,-122.032104,MillCk_RST_Rel
MillCk_Wild_CHK_2014,MC2014-025,BlwOrd,2014-04-27T13:33:37Z,361.728,Upper Sac R,39.56548,-122.0018,450.703,40.05479,-122.032104,MillCk_RST_Rel
MillCk_Wild_CHK_2014,MC2014-025,BlwOrd,2014-04-27T13:33:45Z,361.728,Upper Sac R,39.56548,-122.0018,450.703,40.05479,-122.032104,MillCk_RST_Rel
MillCk_Wild_CHK_2014,MC2014-025,BlwOrd,2014-04-27T13:33:46Z,361.728,Upper Sac R,39.56548,-122.0018,450.703,40.05479,-122.032104,MillCk_RST_Rel
MillCk_Wild_CHK_2014,MC2014-025,BlwOrd,2014-04-27T13:33:55Z,361.728,Upper Sac R,39.56548,-122.0018,450.703,40.05479,-122.032104,MillCk_RST_Rel
MillCk_Wild_CHK_2014,MC2014-025,BlwOrd,2014-04-27T13:33:56Z,361.728,Upper Sac R,39.56548,-122.0018,450.703,40.05479,-122.032104,MillCk_RST_Rel
MillCk_Wild_CHK_2014,MC2014-025,BlwOrd,2014-04-27T13:34:05Z,361.728,Upper Sac R,39.56548,-122.0018,450.703,40.05479,-122.032104,MillCk_RST_Rel
MillCk_Wild_CHK_2014,MC2014-025,BlwOrd,2014-04-27T13:34:06Z,361.728,Upper Sac R,39.56548,-122.0018,450.703,40.05479,-122.032104,MillCk_RST_Rel
MillCk_Wild_CHK_2014,MC2014-025,BlwOrd,2014-04-27T13:34:15Z,361.728,Upper Sac R,39.56548,-122.0018,450.703,40.05479,-122.032104,MillCk_RST_Rel
MillCk_Wild_CHK_2014,MC2014-025,BlwOrd,2014-04-27T13:34:16Z,361.728,Upper Sac R,39.56548,-122.0018,450.703,40.05479,-122.032104,MillCk_RST_Rel
MillCk_Wild_CHK_2014,MC2014-025,BlwOrd,2014-04-27T13:34:20Z,361.728,Upper Sac R,39.56548,-122.0018,450.703,40.05479,-122.032104,MillCk_RST_Rel
MillCk_Wild_CHK_2014,MC2014-025,BlwOrd,2014-04-27T13:34:21Z,361.728,Upper Sac R,39.56548,-122.0018,450.703,40.05479,-122.032104,MillCk_RST_Rel
MillCk_Wild_CHK_2014,MC2014-025,BlwOrd,2014-04-27T13:34:34Z,361.728,Upper Sac R,39.56548,-122.0018,450.703,40.05479,-122.032104,MillCk_RST_Rel
MillCk_Wild_CHK_2014,MC2014-025,BlwOrd,2014-04-27T13:34:36Z,361.728,Upper Sac R,39.56548,-122.0018,450.703,40.05479,-122.032104,MillCk_RST_Rel
MillCk_Wild_CHK_2014,MC2014-025,BlwOrd,2014-04-27T13:34:39Z,361.728,Upper Sac R,39.56548,-122.0018,450.703,40.05479,-122.032104,MillCk_RST_Rel
MillCk_Wild_CHK_2014,MC2014-025,BlwOrd,2014-04-27T13:34:40Z,361.728,Upper Sac R,39.56548,-122.0018,450.703,40.05479,-122.032104,MillCk_RST_Rel
MillCk_Wild_CHK_2014,MC2014-025,BlwOrd,2014-04-27T13:34:44Z,361.728,Upper Sac R,39.56548,-122.0018,450.703,40.05479,-122.032104,MillCk_RST_Rel
MillCk_Wild_CHK_2014,MC2014-025,BlwOrd,2014-04-27T13:34:50Z,361.728,Upper Sac R,39.56548,-122.0018,450.703,40.05479,-122.032104,MillCk_RST_Rel
MillCk_Wild_CHK_2014,MC2014-025,BlwOrd,2014-04-27T13:34:54Z,361.728,Upper Sac R,39.56548,-122.0018,450.703,40.05479,-122.032104,MillCk_RST_Rel
MillCk_Wild_CHK_2014,MC2014-025,BlwOrd,2014-04-27T13:34:55Z,361.728,Upper Sac R,39.56548,-122.0018,450.703,40.05479,-122.032104,MillCk_RST_Rel
MillCk_Wild_CHK_2014,MC2014-025,BlwOrd,2014-04-27T13:35:28Z,361.728,Upper Sac R,39.56548,-122.0018,450.703,40.05479,-122.032104,MillCk_RST_Rel
MillCk_Wild_CHK_2014,MC2014-025,BlwOrd,2014-04-27T13:35:30Z,361.728,Upper Sac R,39.56548,-122.0018,450.703,40.05479,-122.032104,MillCk_RST_Rel
MillCk_Wild_CHK_2014,MC2014-025,Mill_Ck_Conf,2014-04-23T23:23:02Z,441.318,Upper Sac R,40.0327,-122.11987,450.703,40.05479,-122.032104,MillCk_RST_Rel
MillCk_Wild_CHK_2014,MC2014-025,MillCk_RST_Rel,2014-04-23T00:00:00Z,450.703,Mill Ck,40.05479,-122.032104,450.703,40.05479,-122.032104,MillCk_RST_Rel
MillCk_Wild_CHK_2014,MC2014-034,Abv_WoodsonBr,2014-04-26T07:30:04Z,425.158,Upper Sac R,39.920094,-122.08446000000001,450.703,40.05479,-122.032104,MillCk_RST_Rel
MillCk_Wild_CHK_2014,MC2014-034,Abv_WoodsonBr,2014-04-26T07:38:42Z,425.158,Upper Sac R,39.920094,-122.08446000000001,450.703,40.05479,-122.032104,MillCk_RST_Rel
MillCk_Wild_CHK_2014,MC2014-034,Mill_Ck_Conf,2014-04-25T15:48:08Z,441.318,Upper Sac R,40.0327,-122.11987,450.703,40.05479,-122.032104,MillCk_RST_Rel
MillCk_Wild_CHK_2014,MC2014-034,Mill_Ck_Conf,2014-04-25T22:09:12Z,441.318,Upper Sac R,40.0327,-122.11987,450.703,40.05479,-122.032104,MillCk_RST_Rel
MillCk_Wild_CHK_2014,MC2014-034,MillCk2,2014-04-25T12:31:15Z,444.478,Mill Ck,40.046066,-122.09443,450.703,40.05479,-122.032104,MillCk_RST_Rel
MillCk_Wild_CHK_2014,MC2014-034,MillCk_RST_Rel,2014-04-23T23:00:00Z,450.703,Mill Ck,40.05479,-122.032104,450.703,40.05479,-122.032104,MillCk_RST_Rel
MillCk_Wild_CHK_2014,MC2014-053,Abv_WoodsonBr,2014-04-28T08:05:38Z,425.158,Upper Sac R,39.920094,-122.08446000000001,450.703,40.05479,-122.032104,MillCk_RST_Rel
MillCk_Wild_CHK_2014,MC2014-053,Abv_WoodsonBr,2014-04-28T08:13:55Z,425.158,Upper Sac R,39.920094,-122.08446000000001,450.703,40.05479,-122.032104,MillCk_RST_Rel
MillCk_Wild_CHK_2014,MC2014-053,Mill_Ck_Conf,2014-04-27T20:47:10Z,441.318,Upper Sac R,40.0327,-122.11987,450.703,40.05479,-122.032104,MillCk_RST_Rel
MillCk_Wild_CHK_2014,MC2014-053,MillCk2,2014-04-27T13:13:57Z,444.478,Mill Ck,40.046066,-122.09443,450.703,40.05479,-122.032104,MillCk_RST_Rel
MillCk_Wild_CHK_2014,MC2014-053,MillCk_RST_Rel,2014-04-25T23:00:00Z,450.703,Mill Ck,40.05479,-122.032104,450.703,40.05479,-122.032104,MillCk_RST_Rel
MillCk_Wild_CHK_2014,MC2014-054,Abv_WoodsonBr,2014-04-27T09:13:24Z,425.158,Upper Sac R,39.920094,-122.08446000000001,450.703,40.05479,-122.032104,MillCk_RST_Rel
MillCk_Wild_CHK_2014,MC2014-054,Abv_WoodsonBr,2014-04-27T09:27:54Z,425.158,Upper Sac R,39.920094,-122.08446000000001,450.703,40.05479,-122.032104,MillCk_RST_Rel
MillCk_Wild_CHK_2014,MC2014-054,Mill_Ck_Conf,2014-04-27T04:34:30Z,441.318,Upper Sac R,40.0327,-122.11987,450.703,40.05479,-122.032104,MillCk_RST_Rel
MillCk_Wild_CHK_2014,MC2014-054,MillCk2,2014-04-26T19:29:42Z,444.478,Mill Ck,40.046066,-122.09443,450.703,40.05479,-122.032104,MillCk_RST_Rel
MillCk_Wild_CHK_2014,MC2014-054,MillCk_RST_Rel,2014-04-25T23:00:00Z,450.703,Mill Ck,40.05479,-122.032104,450.703,40.05479,-122.032104,MillCk_RST_Rel
MillCk_Wild_CHK_2014,MC2014-055,Abv_WoodsonBr,2014-04-27T11:47:24Z,425.158,Upper Sac R,39.920094,-122.08446000000001,450.703,40.05479,-122.032104,MillCk_RST_Rel
MillCk_Wild_CHK_2014,MC2014-055,Abv_WoodsonBr,2014-04-27T11:55:26Z,425.158,Upper Sac R,39.920094,-122.08446000000001,450.703,40.05479,-122.032104,MillCk_RST_Rel
MillCk_Wild_CHK_2014,MC2014-055,Blw_IrvineFinch,2014-04-28T14:37:26Z,394.668,Upper Sac R,39.73146,-121.97483,450.703,40.05479,-122.032104,MillCk_RST_Rel
MillCk_Wild_CHK_2014,MC2014-055,Blw_IrvineFinch,2014-04-28T14:46:53Z,394.668,Upper Sac R,39.73146,-121.97483,450.703,40.05479,-122.032104,MillCk_RST_Rel
MillCk_Wild_CHK_2014,MC2014-055,BlwButteBr,2014-04-30T19:36:19Z,338.288,Lower Sac R,39.41913,-122.00943,450.703,40.05479,-122.032104,MillCk_RST_Rel
MillCk_Wild_CHK_2014,MC2014-055,BlwOrd,2014-04-30T03:36:22Z,361.728,Upper Sac R,39.56548,-122.0018,450.703,40.05479,-122.032104,MillCk_RST_Rel
MillCk_Wild_CHK_2014,MC2014-055,BlwOrd,2014-04-30T03:39:27Z,361.728,Upper Sac R,39.56548,-122.0018,450.703,40.05479,-122.032104,MillCk_RST_Rel
MillCk_Wild_CHK_2014,MC2014-055,Mill_Ck_Conf,2014-04-27T06:18:20Z,441.318,Upper Sac R,40.0327,-122.11987,450.703,40.05479,-122.032104,MillCk_RST_Rel
MillCk_Wild_CHK_2014,MC2014-055,MillCk2,2014-04-26T05:02:41Z,444.478,Mill Ck,40.046066,-122.09443,450.703,40.05479,-122.032104,MillCk_RST_Rel
MillCk_Wild_CHK_2014,MC2014-055,MillCk_RST_Rel,2014-04-25T23:00:00Z,450.703,Mill Ck,40.05479,-122.032104,450.703,40.05479,-122.032104,MillCk_RST_Rel
MillCk_Wild_CHK_2014,MC2014-074,Abv_WoodsonBr,2014-04-29T19:23:42Z,425.158,Upper Sac R,39.920094,-122.08446000000001,450.703,40.05479,-122.032104,MillCk_RST_Rel
MillCk_Wild_CHK_2014,MC2014-074,Abv_WoodsonBr,2014-04-29T19:28:55Z,425.158,Upper Sac R,39.920094,-122.08446000000001,450.703,40.05479,-122.032104,MillCk_RST_Rel
MillCk_Wild_CHK_2014,MC2014-074,AbvColusaBr,2014-05-03T01:54:03Z,307.738,Lower Sac R,39.2205,-122.00847,450.703,40.05479,-122.032104,MillCk_RST_Rel
MillCk_Wild_CHK_2014,MC2014-074,AbvColusaBr,2014-05-03T02:05:51Z,307.738,Lower Sac R,39.2205,-122.00847,450.703,40.05479,-122.032104,MillCk_RST_Rel
MillCk_Wild_CHK_2014,MC2014-074,Blw_IrvineFinch,2014-04-30T15:41:15Z,394.668,Upper Sac R,39.73146,-121.97483,450.703,40.05479,-122.032104,MillCk_RST_Rel
MillCk_Wild_CHK_2014,MC2014-074,Blw_IrvineFinch,2014-04-30T15:49:35Z,394.668,Upper Sac R,39.73146,-121.97483,450.703,40.05479,-122.032104,MillCk_RST_Rel
MillCk_Wild_CHK_2014,MC2014-074,BlwButteBr,2014-05-02T03:37:58Z,338.288,Lower Sac R,39.41913,-122.00943,450.703,40.05479,-122.032104,MillCk_RST_Rel
MillCk_Wild_CHK_2014,MC2014-074,BlwOrd,2014-05-01T13:33:16Z,361.728,Upper Sac R,39.56548,-122.0018,450.703,40.05479,-122.032104,MillCk_RST_Rel
MillCk_Wild_CHK_2014,MC2014-074,BlwOrd,2014-05-01T13:36:17Z,361.728,Upper Sac R,39.56548,-122.0018,450.703,40.05479,-122.032104,MillCk_RST_Rel
MillCk_Wild_CHK_2014,MC2014-074,BlwOrd,2014-05-01T13:36:27Z,361.728,Upper Sac R,39.56548,-122.0018,450.703,40.05479,-122.032104,MillCk_RST_Rel
MillCk_Wild_CHK_2014,MC2014-074,BlwOrd,2014-05-01T13:36:36Z,361.728,Upper Sac R,39.56548,-122.0018,450.703,40.05479,-122.032104,MillCk_RST_Rel
MillCk_Wild_CHK_2014,MC2014-074,BlwOrd,2014-05-01T14:28:56Z,361.728,Upper Sac R,39.56548,-122.0018,450.703,40.05479,-122.032104,MillCk_RST_Rel
MillCk_Wild_CHK_2014,MC2014-074,BlwOrd,2014-05-01T14:40:49Z,361.728,Upper Sac R,39.56548,-122.0018,450.703,40.05479,-122.032104,MillCk_RST_Rel
MillCk_Wild_CHK_2014,MC2014-074,BlwOrd,2014-05-01T14:40:59Z,361.728,Upper Sac R,39.56548,-122.0018,450.703,40.05479,-122.032104,MillCk_RST_Rel
MillCk_Wild_CHK_2014,MC2014-074,BlwOrd,2014-05-01T14:41:09Z,361.728,Upper Sac R,39.56548,-122.0018,450.703,40.05479,-122.032104,MillCk_RST_Rel
MillCk_Wild_CHK_2014,MC2014-074,BlwOrd,2014-05-01T14:41:14Z,361.728,Upper Sac R,39.56548,-122.0018,450.703,40.05479,-122.032104,MillCk_RST_Rel
MillCk_Wild_CHK_2014,MC2014-074,BlwOrd,2014-05-01T14:41:19Z,361.728,Upper Sac R,39.56548,-122.0018,450.703,40.05479,-122.032104,MillCk_RST_Rel
MillCk_Wild_CHK_2014,MC2014-074,BlwOrd,2014-05-01T14:41:33Z,361.728,Upper Sac R,39.56548,-122.0018,450.703,40.05479,-122.032104,MillCk_RST_Rel
MillCk_Wild_CHK_2014,MC2014-074,BlwOrd,2014-05-01T14:41:48Z,361.728,Upper Sac R,39.56548,-122.0018,450.703,40.05479,-122.032104,MillCk_RST_Rel
MillCk_Wild_CHK_2014,MC2014-074,BlwOrd,2014-05-01T14:42:02Z,361.728,Upper Sac R,39.56548,-122.0018,450.703,40.05479,-122.032104,MillCk_RST_Rel
MillCk_Wild_CHK_2014,MC2014-074,BlwOrd,2014-05-01T14:42:03Z,361.728,Upper Sac R,39.56548,-122.0018,450.703,40.05479,-122.032104,MillCk_RST_Rel
MillCk_Wild_CHK_2014,MC2014-074,BlwOrd,2014-05-01T14:42:17Z,361.728,Upper Sac R,39.56548,-122.0018,450.703,40.05479,-122.032104,MillCk_RST_Rel
MillCk_Wild_CHK_2014,MC2014-074,BlwOrd,2014-05-01T14:47:11Z,361.728,Upper Sac R,39.56548,-122.0018,450.703,40.05479,-122.032104,MillCk_RST_Rel
MillCk_Wild_CHK_2014,MC2014-074,BlwOrd,2014-05-01T14:47:25Z,361.728,Upper Sac R,39.56548,-122.0018,450.703,40.05479,-122.032104,MillCk_RST_Rel
MillCk_Wild_CHK_2014,MC2014-074,BlwOrd,2014-05-01T14:47:30Z,361.728,Upper Sac R,39.56548,-122.0018,450.703,40.05479,-122.032104,MillCk_RST_Rel
MillCk_Wild_CHK_2014,MC2014-074,BlwOrd,2014-05-01T14:54:35Z,361.728,Upper Sac R,39.56548,-122.0018,450.703,40.05479,-122.032104,MillCk_RST_Rel
MillCk_Wild_CHK_2014,MC2014-074,BlwOrd,2014-05-01T15:48:01Z,361.728,Upper Sac R,39.56548,-122.0018,450.703,40.05479,-122.032104,MillCk_RST_Rel
MillCk_Wild_CHK_2014,MC2014-074,BlwOrd,2014-05-01T15:49:24Z,361.728,Upper Sac R,39.56548,-122.0018,450.703,40.05479,-122.032104,MillCk_RST_Rel
MillCk_Wild_CHK_2014,MC2014-074,BlwOrd,2014-05-01T15:49:28Z,361.728,Upper Sac R,39.56548,-122.0018,450.703,40.05479,-122.032104,MillCk_RST_Rel
MillCk_Wild_CHK_2014,MC2014-074,BlwOrd,2014-05-01T15:49:29Z,361.728,Upper Sac R,39.56548,-122.0018,450.703,40.05479,-122.032104,MillCk_RST_Rel
MillCk_Wild_CHK_2014,MC2014-074,BlwOrd,2014-05-01T15:49:33Z,361.728,Upper Sac R,39.56548,-122.0018,450.703,40.05479,-122.032104,MillCk_RST_Rel
MillCk_Wild_CHK_2014,MC2014-074,BlwOrd,2014-05-01T15:49:44Z,361.728,Upper Sac R,39.56548,-122.0018,450.703,40.05479,-122.032104,MillCk_RST_Rel
MillCk_Wild_CHK_2014,MC2014-074,BlwOrd,2014-05-01T15:49:48Z,361.728,Upper Sac R,39.56548,-122.0018,450.703,40.05479,-122.032104,MillCk_RST_Rel
MillCk_Wild_CHK_2014,MC2014-074,BlwOrd,2014-05-01T15:50:03Z,361.728,Upper Sac R,39.56548,-122.0018,450.703,40.05479,-122.032104,MillCk_RST_Rel
MillCk_Wild_CHK_2014,MC2014-074,BlwOrd,2014-05-01T15:50:08Z,361.728,Upper Sac R,39.56548,-122.0018,450.703,40.05479,-122.032104,MillCk_RST_Rel
MillCk_Wild_CHK_2014,MC2014-074,Mill_Ck_Conf,2014-04-29T12:52:30Z,441.318,Upper Sac R,40.0327,-122.11987,450.703,40.05479,-122.032104,MillCk_RST_Rel
MillCk_Wild_CHK_2014,MC2014-074,MillCk2,2014-04-28T10:33:04Z,444.478,Mill Ck,40.046066,-122.09443,450.703,40.05479,-122.032104,MillCk_RST_Rel
MillCk_Wild_CHK_2014,MC2014-074,MillCk_RST_Rel,2014-04-27T00:30:00Z,450.703,Mill Ck,40.05479,-122.032104,450.703,40.05479,-122.032104,MillCk_RST_Rel
MillCk_Wild_CHK_2014,MC2014-075,Abv_WoodsonBr,2014-05-01T03:27:09Z,425.158,Upper Sac R,39.920094,-122.08446000000001,450.703,40.05479,-122.032104,MillCk_RST_Rel
MillCk_Wild_CHK_2014,MC2014-075,Abv_WoodsonBr,2014-05-01T03:31:37Z,425.158,Upper Sac R,39.920094,-122.08446000000001,450.703,40.05479,-122.032104,MillCk_RST_Rel
MillCk_Wild_CHK_2014,MC2014-075,Blw_IrvineFinch,2014-05-01T16:07:52Z,394.668,Upper Sac R,39.73146,-121.97483,450.703,40.05479,-122.032104,MillCk_RST_Rel
MillCk_Wild_CHK_2014,MC2014-075,Blw_IrvineFinch,2014-05-01T16:13:18Z,394.668,Upper Sac R,39.73146,-121.97483,450.703,40.05479,-122.032104,MillCk_RST_Rel
MillCk_Wild_CHK_2014,MC2014-075,Mill_Ck_Conf,2014-04-30T10:05:40Z,441.318,Upper Sac R,40.0327,-122.11987,450.703,40.05479,-122.032104,MillCk_RST_Rel
MillCk_Wild_CHK_2014,MC2014-075,MillCk2,2014-04-29T10:09:31Z,444.478,Mill Ck,40.046066,-122.09443,450.703,40.05479,-122.032104,MillCk_RST_Rel
MillCk_Wild_CHK_2014,MC2014-075,MillCk_RST_Rel,2014-04-27T00:30:00Z,450.703,Mill Ck,40.05479,-122.032104,450.703,40.05479,-122.032104,MillCk_RST_Rel
MillCk_Wild_CHK_2014,MC2014-076,MillCk2,2014-04-29T04:32:23Z,444.478,Mill Ck,40.046066,-122.09443,450.703,40.05479,-122.032104,MillCk_RST_Rel
MillCk_Wild_CHK_2014,MC2014-076,MillCk_RST_Rel,2014-04-27T00:30:00Z,450.703,Mill Ck,40.05479,-122.032104,450.703,40.05479,-122.032104,MillCk_RST_Rel
MillCk_Wild_CHK_2014,MC2014-077,MillCk_RST_Rel,2014-04-27T00:30:00Z,450.703,Mill Ck,40.05479,-122.032104,450.703,40.05479,-122.032104,MillCk_RST_Rel
MillCk_Wild_CHK_2014,MC2014-078,Abv_WoodsonBr,2014-04-28T21:44:07Z,425.158,Upper Sac R,39.920094,-122.08446000000001,450.703,40.05479,-122.032104,MillCk_RST_Rel
MillCk_Wild_CHK_2014,MC2014-078,Abv_WoodsonBr,2014-04-28T21:51:38Z,425.158,Upper Sac R,39.920094,-122.08446000000001,450.703,40.05479,-122.032104,MillCk_RST_Rel
MillCk_Wild_CHK_2014,MC2014-078,Blw_IrvineFinch,2014-04-29T22:49:50Z,394.668,Upper Sac R,39.73146,-121.97483,450.703,40.05479,-122.032104,MillCk_RST_Rel
MillCk_Wild_CHK_2014,MC2014-078,Blw_IrvineFinch,2014-04-29T22:57:13Z,394.668,Upper Sac R,39.73146,-121.97483,450.703,40.05479,-122.032104,MillCk_RST_Rel
MillCk_Wild_CHK_2014,MC2014-078,Mill_Ck_Conf,2014-04-28T14:20:53Z,441.318,Upper Sac R,40.0327,-122.11987,450.703,40.05479,-122.032104,MillCk_RST_Rel
MillCk_Wild_CHK_2014,MC2014-078,MillCk2,2014-04-28T03:22:47Z,444.478,Mill Ck,40.046066,-122.09443,450.703,40.05479,-122.032104,MillCk_RST_Rel
MillCk_Wild_CHK_2014,MC2014-078,MillCk_RST_Rel,2014-04-27T00:30:00Z,450.703,Mill Ck,40.05479,-122.032104,450.703,40.05479,-122.032104,MillCk_RST_Rel
MillCk_Wild_CHK_2014,MC2014-079,MillCk2,2014-04-29T05:53:12Z,444.478,Mill Ck,40.046066,-122.09443,450.703,40.05479,-122.032104,MillCk_RST_Rel
MillCk_Wild_CHK_2014,MC2014-079,MillCk_RST_Rel,2014-04-27T00:30:00Z,450.703,Mill Ck,40.05479,-122.032104,450.703,40.05479,-122.032104,MillCk_RST_Rel
MillCk_Wild_CHK_2014,MC2014-080,Mill_Ck_Conf,2014-04-30T16:22:29Z,441.318,Upper Sac R,40.0327,-122.11987,450.703,40.05479,-122.032104,MillCk_RST_Rel
MillCk_Wild_CHK_2014,MC2014-080,Mill_Ck_Conf,2014-04-30T16:28:22Z,441.318,Upper Sac R,40.0327,-122.11987,450.703,40.05479,-122.032104,MillCk_RST_Rel
MillCk_Wild_CHK_2014,MC2014-080,Mill_Ck_Conf,2014-04-30T16:28:23Z,441.318,Upper Sac R,40.0327,-122.11987,450.703,40.05479,-122.032104,MillCk_RST_Rel
MillCk_Wild_CHK_2014,MC2014-080,Mill_Ck_Conf,2014-04-30T16:29:12Z,441.318,Upper Sac R,40.0327,-122.11987,450.703,40.05479,-122.032104,MillCk_RST_Rel
MillCk_Wild_CHK_2014,MC2014-080,Mill_Ck_Conf,2014-04-30T16:29:13Z,441.318,Upper Sac R,40.0327,-122.11987,450.703,40.05479,-122.032104,MillCk_RST_Rel
MillCk_Wild_CHK_2014,MC2014-080,Mill_Ck_Conf,2014-04-30T16:29:22Z,441.318,Upper Sac R,40.0327,-122.11987,450.703,40.05479,-122.032104,MillCk_RST_Rel
MillCk_Wild_CHK_2014,MC2014-080,Mill_Ck_Conf,2014-04-30T16:29:23Z,441.318,Upper Sac R,40.0327,-122.11987,450.703,40.05479,-122.032104,MillCk_RST_Rel
MillCk_Wild_CHK_2014,MC2014-080,Mill_Ck_Conf,2014-04-30T16:29:32Z,441.318,Upper Sac R,40.0327,-122.11987,450.703,40.05479,-122.032104,MillCk_RST_Rel
MillCk_Wild_CHK_2014,MC2014-080,MillCk2,2014-04-30T01:49:44Z,444.478,Mill Ck,40.046066,-122.09443,450.703,40.05479,-122.032104,MillCk_RST_Rel
MillCk_Wild_CHK_2014,MC2014-080,MillCk_RST_Rel,2014-04-27T00:30:00Z,450.703,Mill Ck,40.05479,-122.032104,450.703,40.05479,-122.032104,MillCk_RST_Rel
MillCk_Wild_CHK_2014,MC2014-083,Abv_WoodsonBr,2014-05-01T06:45:24Z,425.158,Upper Sac R,39.920094,-122.08446000000001,450.703,40.05479,-122.032104,MillCk_RST_Rel
MillCk_Wild_CHK_2014,MC2014-083,MillCk2,2014-04-29T20:29:09Z,444.478,Mill Ck,40.046066,-122.09443,450.703,40.05479,-122.032104,MillCk_RST_Rel
MillCk_Wild_CHK_2014,MC2014-083,MillCk_RST_Rel,2014-04-28T22:45:00Z,450.703,Mill Ck,40.05479,-122.032104,450.703,40.05479,-122.032104,MillCk_RST_Rel
MillCk_Wild_CHK_2014,MC2014-088,Abv_WoodsonBr,2014-05-04T06:21:41Z,425.158,Upper Sac R,39.920094,-122.08446000000001,450.703,40.05479,-122.032104,MillCk_RST_Rel
MillCk_Wild_CHK_2014,MC2014-088,Abv_WoodsonBr,2014-05-04T06:34:27Z,425.158,Upper Sac R,39.920094,-122.08446000000001,450.703,40.05479,-122.032104,MillCk_RST_Rel
MillCk_Wild_CHK_2014,MC2014-088,Blw_IrvineFinch,2014-05-05T17:21:09Z,394.668,Upper Sac R,39.73146,-121.97483,450.703,40.05479,-122.032104,MillCk_RST_Rel
MillCk_Wild_CHK_2014,MC2014-088,Blw_IrvineFinch,2014-05-05T17:26:58Z,394.668,Upper Sac R,39.73146,-121.97483,450.703,40.05479,-122.032104,MillCk_RST_Rel
MillCk_Wild_CHK_2014,MC2014-088,Mill_Ck_Conf,2014-05-03T20:26:36Z,441.318,Upper Sac R,40.0327,-122.11987,450.703,40.05479,-122.032104,MillCk_RST_Rel
MillCk_Wild_CHK_2014,MC2014-088,MillCk2,2014-05-03T15:49:16Z,444.478,Mill Ck,40.046066,-122.09443,450.703,40.05479,-122.032104,MillCk_RST_Rel
MillCk_Wild_CHK_2014,MC2014-088,MillCk_RST_Rel,2014-05-02T21:10:00Z,450.703,Mill Ck,40.05479,-122.032104,450.703,40.05479,-122.032104,MillCk_RST_Rel
MillCk_Wild_CHK_2014,MC2014-089,Abv_WoodsonBr,2014-05-05T20:12:55Z,425.158,Upper Sac R,39.920094,-122.08446000000001,450.703,40.05479,-122.032104,MillCk_RST_Rel
MillCk_Wild_CHK_2014,MC2014-089,Abv_WoodsonBr,2014-05-05T20:25:15Z,425.158,Upper Sac R,39.920094,-122.08446000000001,450.703,40.05479,-122.032104,MillCk_RST_Rel
MillCk_Wild_CHK_2014,MC2014-089,Mill_Ck_Conf,2014-05-05T14:33:16Z,441.318,Upper Sac R,40.0327,-122.11987,450.703,40.05479,-122.032104,MillCk_RST_Rel
MillCk_Wild_CHK_2014,MC2014-089,Mill_Ck_Conf,2014-05-05T14:36:07Z,441.318,Upper Sac R,40.0327,-122.11987,450.703,40.05479,-122.032104,MillCk_RST_Rel
MillCk_Wild_CHK_2014,MC2014-089,Mill_Ck_Conf,2014-05-05T14:36:13Z,441.318,Upper Sac R,40.0327,-122.11987,450.703,40.05479,-122.032104,MillCk_RST_Rel
MillCk_Wild_CHK_2014,MC2014-089,Mill_Ck_Conf,2014-05-05T14:36:31Z,441.318,Upper Sac R,40.0327,-122.11987,450.703,40.05479,-122.032104,MillCk_RST_Rel
MillCk_Wild_CHK_2014,MC2014-089,Mill_Ck_Conf,2014-05-05T14:36:33Z,441.318,Upper Sac R,40.0327,-122.11987,450.703,40.05479,-122.032104,MillCk_RST_Rel
MillCk_Wild_CHK_2014,MC2014-089,Mill_Ck_Conf,2014-05-05T14:36:40Z,441.318,Upper Sac R,40.0327,-122.11987,450.703,40.05479,-122.032104,MillCk_RST_Rel
MillCk_Wild_CHK_2014,MC2014-089,Mill_Ck_Conf,2014-05-05T14:37:21Z,441.318,Upper Sac R,40.0327,-122.11987,450.703,40.05479,-122.032104,MillCk_RST_Rel
MillCk_Wild_CHK_2014,MC2014-089,Mill_Ck_Conf,2014-05-05T14:37:28Z,441.318,Upper Sac R,40.0327,-122.11987,450.703,40.05479,-122.032104,MillCk_RST_Rel
MillCk_Wild_CHK_2014,MC2014-089,Mill_Ck_Conf,2014-05-05T14:37:35Z,441.318,Upper Sac R,40.0327,-122.11987,450.703,40.05479,-122.032104,MillCk_RST_Rel
MillCk_Wild_CHK_2014,MC2014-089,Mill_Ck_Conf,2014-05-05T14:37:52Z,441.318,Upper Sac R,40.0327,-122.11987,450.703,40.05479,-122.032104,MillCk_RST_Rel
MillCk_Wild_CHK_2014,MC2014-089,Mill_Ck_Conf,2014-05-05T14:37:54Z,441.318,Upper Sac R,40.0327,-122.11987,450.703,40.05479,-122.032104,MillCk_RST_Rel
MillCk_Wild_CHK_2014,MC2014-089,Mill_Ck_Conf,2014-05-05T14:38:31Z,441.318,Upper Sac R,40.0327,-122.11987,450.703,40.05479,-122.032104,MillCk_RST_Rel
MillCk_Wild_CHK_2014,MC2014-089,Mill_Ck_Conf,2014-05-05T14:38:38Z,441.318,Upper Sac R,40.0327,-122.11987,450.703,40.05479,-122.032104,MillCk_RST_Rel
MillCk_Wild_CHK_2014,MC2014-089,Mill_Ck_Conf,2014-05-05T14:38:55Z,441.318,Upper Sac R,40.0327,-122.11987,450.703,40.05479,-122.032104,MillCk_RST_Rel
MillCk_Wild_CHK_2014,MC2014-089,MillCk2,2014-05-04T17:17:55Z,444.478,Mill Ck,40.046066,-122.09443,450.703,40.05479,-122.032104,MillCk_RST_Rel
MillCk_Wild_CHK_2014,MC2014-089,MillCk_RST_Rel,2014-05-02T21:10:00Z,450.703,Mill Ck,40.05479,-122.032104,450.703,40.05479,-122.032104,MillCk_RST_Rel
MillCk_Wild_CHK_2014,MC2014-090,MillCk_RST_Rel,2014-05-02T21:10:00Z,450.703,Mill Ck,40.05479,-122.032104,450.703,40.05479,-122.032104,MillCk_RST_Rel
MillCk_Wild_CHK_2014,MC2014-091,Abv_WoodsonBr,2014-05-04T08:45:52Z,425.158,Upper Sac R,39.920094,-122.08446000000001,450.703,40.05479,-122.032104,MillCk_RST_Rel
MillCk_Wild_CHK_2014,MC2014-091,Abv_WoodsonBr,2014-05-04T08:53:39Z,425.158,Upper Sac R,39.920094,-122.08446000000001,450.703,40.05479,-122.032104,MillCk_RST_Rel
MillCk_Wild_CHK_2014,MC2014-091,Abv_WoodsonBr,2014-05-04T15:38:05Z,425.158,Upper Sac R,39.920094,-122.08446000000001,450.703,40.05479,-122.032104,MillCk_RST_Rel
MillCk_Wild_CHK_2014,MC2014-091,Abv_WoodsonBr,2014-05-04T19:10:55Z,425.158,Upper Sac R,39.920094,-122.08446000000001,450.703,40.05479,-122.032104,MillCk_RST_Rel
MillCk_Wild_CHK_2014,MC2014-091,Mill_Ck_Conf,2014-05-03T20:28:52Z,441.318,Upper Sac R,40.0327,-122.11987,450.703,40.05479,-122.032104,MillCk_RST_Rel
MillCk_Wild_CHK_2014,MC2014-091,MillCk2,2014-05-03T13:00:00Z,444.478,Mill Ck,40.046066,-122.09443,450.703,40.05479,-122.032104,MillCk_RST_Rel
MillCk_Wild_CHK_2014,MC2014-091,MillCk_RST_Rel,2014-05-02T21:10:00Z,450.703,Mill Ck,40.05479,-122.032104,450.703,40.05479,-122.032104,MillCk_RST_Rel
MillCk_Wild_CHK_2014,MC2014-092,Abv_WoodsonBr,2014-05-05T13:41:21Z,425.158,Upper Sac R,39.920094,-122.08446000000001,450.703,40.05479,-122.032104,MillCk_RST_Rel
MillCk_Wild_CHK_2014,MC2014-092,Abv_WoodsonBr,2014-05-05T13:50:00Z,425.158,Upper Sac R,39.920094,-122.08446000000001,450.703,40.05479,-122.032104,MillCk_RST_Rel
MillCk_Wild_CHK_2014,MC2014-092,Blw_IrvineFinch,2014-05-06T07:20:18Z,394.668,Upper Sac R,39.73146,-121.97483,450.703,40.05479,-122.032104,MillCk_RST_Rel
MillCk_Wild_CHK_2014,MC2014-092,Mill_Ck_Conf,2014-05-04T14:20:00Z,441.318,Upper Sac R,40.0327,-122.11987,450.703,40.05479,-122.032104,MillCk_RST_Rel
MillCk_Wild_CHK_2014,MC2014-092,MillCk2,2014-05-04T08:30:55Z,444.478,Mill Ck,40.046066,-122.09443,450.703,40.05479,-122.032104,MillCk_RST_Rel
MillCk_Wild_CHK_2014,MC2014-092,MillCk_RST_Rel,2014-05-02T21:10:00Z,450.703,Mill Ck,40.05479,-122.032104,450.703,40.05479,-122.032104,MillCk_RST_Rel
MillCk_Wild_CHK_2014,MC2014-093,Abv_WoodsonBr,2014-05-05T21:14:05Z,425.158,Upper Sac R,39.920094,-122.08446000000001,450.703,40.05479,-122.032104,MillCk_RST_Rel
MillCk_Wild_CHK_2014,MC2014-093,Abv_WoodsonBr,2014-05-05T21:31:06Z,425.158,Upper Sac R,39.920094,-122.08446000000001,450.703,40.05479,-122.032104,MillCk_RST_Rel
MillCk_Wild_CHK_2014,MC2014-093,Blw_IrvineFinch,2014-05-06T16:37:21Z,394.668,Upper Sac R,39.73146,-121.97483,450.703,40.05479,-122.032104,MillCk_RST_Rel
MillCk_Wild_CHK_2014,MC2014-093,Blw_IrvineFinch,2014-05-06T16:43:33Z,394.668,Upper Sac R,39.73146,-121.97483,450.703,40.05479,-122.032104,MillCk_RST_Rel
MillCk_Wild_CHK_2014,MC2014-093,Mill_Ck_Conf,2014-05-05T14:05:04Z,441.318,Upper Sac R,40.0327,-122.11987,450.703,40.05479,-122.032104,MillCk_RST_Rel
MillCk_Wild_CHK_2014,MC2014-093,MillCk2,2014-05-05T07:03:15Z,444.478,Mill Ck,40.046066,-122.09443,450.703,40.05479,-122.032104,MillCk_RST_Rel
MillCk_Wild_CHK_2014,MC2014-093,MillCk_RST_Rel,2014-05-02T21:10:00Z,450.703,Mill Ck,40.05479,-122.032104,450.703,40.05479,-122.032104,MillCk_RST_Rel
MillCk_Wild_CHK_2014,MC2014-094,Abv_WoodsonBr,2014-05-10T05:23:50Z,425.158,Upper Sac R,39.920094,-122.08446000000001,450.703,40.05479,-122.032104,MillCk_RST_Rel
MillCk_Wild_CHK_2014,MC2014-094,Abv_WoodsonBr,2014-05-10T05:30:26Z,425.158,Upper Sac R,39.920094,-122.08446000000001,450.703,40.05479,-122.032104,MillCk_RST_Rel
MillCk_Wild_CHK_2014,MC2014-094,Blw_IrvineFinch,2014-05-10T18:14:45Z,394.668,Upper Sac R,39.73146,-121.97483,450.703,40.05479,-122.032104,MillCk_RST_Rel
MillCk_Wild_CHK_2014,MC2014-094,Blw_IrvineFinch,2014-05-10T18:24:53Z,394.668,Upper Sac R,39.73146,-121.97483,450.703,40.05479,-122.032104,MillCk_RST_Rel
MillCk_Wild_CHK_2014,MC2014-094,Mill_Ck_Conf,2014-05-09T14:04:38Z,441.318,Upper Sac R,40.0327,-122.11987,450.703,40.05479,-122.032104,MillCk_RST_Rel
MillCk_Wild_CHK_2014,MC2014-094,MillCk2,2014-05-07T22:56:10Z,444.478,Mill Ck,40.046066,-122.09443,450.703,40.05479,-122.032104,MillCk_RST_Rel
MillCk_Wild_CHK_2014,MC2014-094,MillCk_RST_Rel,2014-05-05T22:15:00Z,450.703,Mill Ck,40.05479,-122.032104,450.703,40.05479,-122.032104,MillCk_RST_Rel
MillCk_Wild_CHK_2014,MC2014-095,Abv_WoodsonBr,2014-05-08T07:32:00Z,425.158,Upper Sac R,39.920094,-122.08446000000001,450.703,40.05479,-122.032104,MillCk_RST_Rel
MillCk_Wild_CHK_2014,MC2014-095,Abv_WoodsonBr,2014-05-08T07:37:29Z,425.158,Upper Sac R,39.920094,-122.08446000000001,450.703,40.05479,-122.032104,MillCk_RST_Rel
MillCk_Wild_CHK_2014,MC2014-095,Mill_Ck_Conf,2014-05-07T13:59:51Z,441.318,Upper Sac R,40.0327,-122.11987,450.703,40.05479,-122.032104,MillCk_RST_Rel
MillCk_Wild_CHK_2014,MC2014-095,Mill_Ck_Conf,2014-05-07T14:06:02Z,441.318,Upper Sac R,40.0327,-122.11987,450.703,40.05479,-122.032104,MillCk_RST_Rel
MillCk_Wild_CHK_2014,MC2014-095,Mill_Ck_Conf,2014-05-07T14:06:36Z,441.318,Upper Sac R,40.0327,-122.11987,450.703,40.05479,-122.032104,MillCk_RST_Rel
MillCk_Wild_CHK_2014,MC2014-095,Mill_Ck_Conf,2014-05-07T14:06:38Z,441.318,Upper Sac R,40.0327,-122.11987,450.703,40.05479,-122.032104,MillCk_RST_Rel
MillCk_Wild_CHK_2014,MC2014-095,Mill_Ck_Conf,2014-05-07T14:06:46Z,441.318,Upper Sac R,40.0327,-122.11987,450.703,40.05479,-122.032104,MillCk_RST_Rel
MillCk_Wild_CHK_2014,MC2014-095,MillCk2,2014-05-07T05:13:10Z,444.478,Mill Ck,40.046066,-122.09443,450.703,40.05479,-122.032104,MillCk_RST_Rel
MillCk_Wild_CHK_2014,MC2014-095,MillCk_RST_Rel,2014-05-05T22:15:00Z,450.703,Mill Ck,40.05479,-122.032104,450.703,40.05479,-122.032104,MillCk_RST_Rel
MillCk_Wild_CHK_2014,MC2014-096,MillCk_RST_Rel,2014-05-05T22:15:00Z,450.703,Mill Ck,40.05479,-122.032104,450.703,40.05479,-122.032104,MillCk_RST_Rel
MillCk_Wild_CHK_2014,MC2014-097,Abv_WoodsonBr,2014-05-07T09:00:16Z,425.158,Upper Sac R,39.920094,-122.08446000000001,450.703,40.05479,-122.032104,MillCk_RST_Rel
MillCk_Wild_CHK_2014,MC2014-097,Abv_WoodsonBr,2014-05-07T09:08:59Z,425.158,Upper Sac R,39.920094,-122.08446000000001,450.703,40.05479,-122.032104,MillCk_RST_Rel
MillCk_Wild_CHK_2014,MC2014-097,Abv_WoodsonBr,2014-05-07T09:09:58Z,425.158,Upper Sac R,39.920094,-122.08446000000001,450.703,40.05479,-122.032104,MillCk_RST_Rel
MillCk_Wild_CHK_2014,MC2014-097,Abv_WoodsonBr,2014-05-07T09:10:00Z,425.158,Upper Sac R,39.920094,-122.08446000000001,450.703,40.05479,-122.032104,MillCk_RST_Rel
MillCk_Wild_CHK_2014,MC2014-097,Abv_WoodsonBr,2014-05-07T09:10:08Z,425.158,Upper Sac R,39.920094,-122.08446000000001,450.703,40.05479,-122.032104,MillCk_RST_Rel
MillCk_Wild_CHK_2014,MC2014-097,Abv_WoodsonBr,2014-05-07T09:10:15Z,425.158,Upper Sac R,39.920094,-122.08446000000001,450.703,40.05479,-122.032104,MillCk_RST_Rel
MillCk_Wild_CHK_2014,MC2014-097,Blw_IrvineFinch,2014-05-08T16:34:20Z,394.668,Upper Sac R,39.73146,-121.97483,450.703,40.05479,-122.032104,MillCk_RST_Rel
MillCk_Wild_CHK_2014,MC2014-097,Blw_IrvineFinch,2014-05-08T16:38:51Z,394.668,Upper Sac R,39.73146,-121.97483,450.703,40.05479,-122.032104,MillCk_RST_Rel
MillCk_Wild_CHK_2014,MC2014-097,BlwOrd,2014-05-09T12:10:53Z,361.728,Upper Sac R,39.56548,-122.0018,450.703,40.05479,-122.032104,MillCk_RST_Rel
MillCk_Wild_CHK_2014,MC2014-097,BlwOrd,2014-05-09T12:13:51Z,361.728,Upper Sac R,39.56548,-122.0018,450.703,40.05479,-122.032104,MillCk_RST_Rel
MillCk_Wild_CHK_2014,MC2014-097,BlwOrd,2014-05-09T12:14:05Z,361.728,Upper Sac R,39.56548,-122.0018,450.703,40.05479,-122.032104,MillCk_RST_Rel
MillCk_Wild_CHK_2014,MC2014-097,BlwOrd,2014-05-09T12:14:06Z,361.728,Upper Sac R,39.56548,-122.0018,450.703,40.05479,-122.032104,MillCk_RST_Rel
MillCk_Wild_CHK_2014,MC2014-097,BlwOrd,2014-05-09T12:14:10Z,361.728,Upper Sac R,39.56548,-122.0018,450.703,40.05479,-122.032104,MillCk_RST_Rel
MillCk_Wild_CHK_2014,MC2014-097,BlwOrd,2014-05-09T12:14:11Z,361.728,Upper Sac R,39.56548,-122.0018,450.703,40.05479,-122.032104,MillCk_RST_Rel
MillCk_Wild_CHK_2014,MC2014-097,Mill_Ck_Conf,2014-05-07T05:15:56Z,441.318,Upper Sac R,40.0327,-122.11987,450.703,40.05479,-122.032104,MillCk_RST_Rel
MillCk_Wild_CHK_2014,MC2014-097,MillCk2,2014-05-07T01:02:58Z,444.478,Mill Ck,40.046066,-122.09443,450.703,40.05479,-122.032104,MillCk_RST_Rel
MillCk_Wild_CHK_2014,MC2014-097,MillCk_RST_Rel,2014-05-05T22:15:00Z,450.703,Mill Ck,40.05479,-122.032104,450.703,40.05479,-122.032104,MillCk_RST_Rel
MillCk_Wild_CHK_2014,MC2014-098,MillCk_RST_Rel,2014-05-05T22:15:00Z,450.703,Mill Ck,40.05479,-122.032104,450.703,40.05479,-122.032104,MillCk_RST_Rel
MillCk_Wild_CHK_2014,MC2014-099,Abv_WoodsonBr,2014-05-08T06:52:17Z,425.158,Upper Sac R,39.920094,-122.08446000000001,450.703,40.05479,-122.032104,MillCk_RST_Rel
MillCk_Wild_CHK_2014,MC2014-099,Abv_WoodsonBr,2014-05-08T09:57:36Z,425.158,Upper Sac R,39.920094,-122.08446000000001,450.703,40.05479,-122.032104,MillCk_RST_Rel
MillCk_Wild_CHK_2014,MC2014-099,AbvColusaBr,2014-05-13T22:48:09Z,307.738,Lower Sac R,39.2205,-122.00847,450.703,40.05479,-122.032104,MillCk_RST_Rel
MillCk_Wild_CHK_2014,MC2014-099,Blw_IrvineFinch,2014-05-09T06:15:23Z,394.668,Upper Sac R,39.73146,-121.97483,450.703,40.05479,-122.032104,MillCk_RST_Rel
MillCk_Wild_CHK_2014,MC2014-099,Blw_IrvineFinch,2014-05-09T06:23:57Z,394.668,Upper Sac R,39.73146,-121.97483,450.703,40.05479,-122.032104,MillCk_RST_Rel
MillCk_Wild_CHK_2014,MC2014-099,Blw_IrvineFinch,2014-05-09T06:26:09Z,394.668,Upper Sac R,39.73146,-121.97483,450.703,40.05479,-122.032104,MillCk_RST_Rel
MillCk_Wild_CHK_2014,MC2014-099,Blw_IrvineFinch,2014-05-09T06:26:13Z,394.668,Upper Sac R,39.73146,-121.97483,450.703,40.05479,-122.032104,MillCk_RST_Rel
MillCk_Wild_CHK_2014,MC2014-099,Blw_IrvineFinch,2014-05-09T06:26:14Z,394.668,Upper Sac R,39.73146,-121.97483,450.703,40.05479,-122.032104,MillCk_RST_Rel
MillCk_Wild_CHK_2014,MC2014-099,Blw_IrvineFinch,2014-05-09T06:26:23Z,394.668,Upper Sac R,39.73146,-121.97483,450.703,40.05479,-122.032104,MillCk_RST_Rel
MillCk_Wild_CHK_2014,MC2014-099,BlwButteBr,2014-05-13T05:43:25Z,338.288,Lower Sac R,39.41913,-122.00943,450.703,40.05479,-122.032104,MillCk_RST_Rel
MillCk_Wild_CHK_2014,MC2014-099,BlwOrd,2014-05-10T21:17:24Z,361.728,Upper Sac R,39.56548,-122.0018,450.703,40.05479,-122.032104,MillCk_RST_Rel
MillCk_Wild_CHK_2014,MC2014-099,BlwOrd,2014-05-10T23:16:20Z,361.728,Upper Sac R,39.56548,-122.0018,450.703,40.05479,-122.032104,MillCk_RST_Rel
MillCk_Wild_CHK_2014,MC2014-099,BlwOrd,2014-05-10T23:35:12Z,361.728,Upper Sac R,39.56548,-122.0018,450.703,40.05479,-122.032104,MillCk_RST_Rel
MillCk_Wild_CHK_2014,MC2014-099,BlwOrd,2014-05-11T00:21:51Z,361.728,Upper Sac R,39.56548,-122.0018,450.703,40.05479,-122.032104,MillCk_RST_Rel
MillCk_Wild_CHK_2014,MC2014-099,BlwOrd,2014-05-11T01:54:14Z,361.728,Upper Sac R,39.56548,-122.0018,450.703,40.05479,-122.032104,MillCk_RST_Rel
MillCk_Wild_CHK_2014,MC2014-099,BlwOrd,2014-05-11T03:00:03Z,361.728,Upper Sac R,39.56548,-122.0018,450.703,40.05479,-122.032104,MillCk_RST_Rel
MillCk_Wild_CHK_2014,MC2014-099,BlwOrd,2014-05-11T03:08:16Z,361.728,Upper Sac R,39.56548,-122.0018,450.703,40.05479,-122.032104,MillCk_RST_Rel
MillCk_Wild_CHK_2014,MC2014-099,BlwOrd,2014-05-11T03:08:33Z,361.728,Upper Sac R,39.56548,-122.0018,450.703,40.05479,-122.032104,MillCk_RST_Rel
MillCk_Wild_CHK_2014,MC2014-099,BlwOrd,2014-05-11T03:10:45Z,361.728,Upper Sac R,39.56548,-122.0018,450.703,40.05479,-122.032104,MillCk_RST_Rel
MillCk_Wild_CHK_2014,MC2014-099,Mill_Ck_Conf,2014-05-07T17:31:34Z,441.318,Upper Sac R,40.0327,-122.11987,450.703,40.05479,-122.032104,MillCk_RST_Rel
MillCk_Wild_CHK_2014,MC2014-099,MillCk2,2014-05-07T10:06:09Z,444.478,Mill Ck,40.046066,-122.09443,450.703,40.05479,-122.032104,MillCk_RST_Rel
MillCk_Wild_CHK_2014,MC2014-099,MillCk_RST_Rel,2014-05-05T22:15:00Z,450.703,Mill Ck,40.05479,-122.032104,450.703,40.05479,-122.032104,MillCk_RST_Rel
MillCk_Wild_CHK_2014,MC2014-100,Abv_WoodsonBr,2014-05-08T14:19:54Z,425.158,Upper Sac R,39.920094,-122.08446000000001,450.703,40.05479,-122.032104,MillCk_RST_Rel
MillCk_Wild_CHK_2014,MC2014-100,Abv_WoodsonBr,2014-05-08T14:27:20Z,425.158,Upper Sac R,39.920094,-122.08446000000001,450.703,40.05479,-122.032104,MillCk_RST_Rel
MillCk_Wild_CHK_2014,MC2014-100,Blw_IrvineFinch,2014-05-09T12:37:42Z,394.668,Upper Sac R,39.73146,-121.97483,450.703,40.05479,-122.032104,MillCk_RST_Rel
MillCk_Wild_CHK_2014,MC2014-100,Blw_IrvineFinch,2014-05-09T12:43:44Z,394.668,Upper Sac R,39.73146,-121.97483,450.703,40.05479,-122.032104,MillCk_RST_Rel
MillCk_Wild_CHK_2014,MC2014-100,Mill_Ck_Conf,2014-05-07T18:11:21Z,441.318,Upper Sac R,40.0327,-122.11987,450.703,40.05479,-122.032104,MillCk_RST_Rel
MillCk_Wild_CHK_2014,MC2014-100,MillCk2,2014-05-07T05:40:12Z,444.478,Mill Ck,40.046066,-122.09443,450.703,40.05479,-122.032104,MillCk_RST_Rel
MillCk_Wild_CHK_2014,MC2014-100,MillCk_RST_Rel,2014-05-05T22:15:00Z,450.703,Mill Ck,40.05479,-122.032104,450.703,40.05479,-122.032104,MillCk_RST_Rel
MillCk_Wild_CHK_2014,MC2014-108,MillCk_RST_Rel,2014-05-08T17:30:00Z,450.703,Mill Ck,40.05479,-122.032104,450.703,40.05479,-122.032104,MillCk_RST_Rel
MillCk_Wild_CHK_2014,MC2014-109,Abv_WoodsonBr,2014-05-11T09:48:41Z,425.158,Upper Sac R,39.920094,-122.08446000000001,450.703,40.05479,-122.032104,MillCk_RST_Rel
MillCk_Wild_CHK_2014,MC2014-109,Abv_WoodsonBr,2014-05-11T09:54:56Z,425.158,Upper Sac R,39.920094,-122.08446000000001,450.703,40.05479,-122.032104,MillCk_RST_Rel
MillCk_Wild_CHK_2014,MC2014-109,Mill_Ck_Conf,2014-05-11T06:26:58Z,441.318,Upper Sac R,40.0327,-122.11987,450.703,40.05479,-122.032104,MillCk_RST_Rel
MillCk_Wild_CHK_2014,MC2014-109,MillCk2,2014-05-10T11:53:40Z,444.478,Mill Ck,40.046066,-122.09443,450.703,40.05479,-122.032104,MillCk_RST_Rel
MillCk_Wild_CHK_2014,MC2014-109,MillCk_RST_Rel,2014-05-08T17:30:00Z,450.703,Mill Ck,40.05479,-122.032104,450.703,40.05479,-122.032104,MillCk_RST_Rel
MillCk_Wild_CHK_2014,MC2014-110,Abv_WoodsonBr,2014-05-11T05:45:28Z,425.158,Upper Sac R,39.920094,-122.08446000000001,450.703,40.05479,-122.032104,MillCk_RST_Rel
MillCk_Wild_CHK_2014,MC2014-110,Abv_WoodsonBr,2014-05-11T05:51:43Z,425.158,Upper Sac R,39.920094,-122.08446000000001,450.703,40.05479,-122.032104,MillCk_RST_Rel
MillCk_Wild_CHK_2014,MC2014-110,Blw_IrvineFinch,2014-05-11T16:21:41Z,394.668,Upper Sac R,39.73146,-121.97483,450.703,40.05479,-122.032104,MillCk_RST_Rel
MillCk_Wild_CHK_2014,MC2014-110,Blw_IrvineFinch,2014-05-11T16:30:43Z,394.668,Upper Sac R,39.73146,-121.97483,450.703,40.05479,-122.032104,MillCk_RST_Rel
MillCk_Wild_CHK_2014,MC2014-110,BlwButteBr,2014-05-13T21:04:23Z,338.288,Lower Sac R,39.41913,-122.00943,450.703,40.05479,-122.032104,MillCk_RST_Rel
MillCk_Wild_CHK_2014,MC2014-110,BlwOrd,2014-05-13T07:09:11Z,361.728,Upper Sac R,39.56548,-122.0018,450.703,40.05479,-122.032104,MillCk_RST_Rel
MillCk_Wild_CHK_2014,MC2014-110,BlwOrd,2014-05-13T07:10:25Z,361.728,Upper Sac R,39.56548,-122.0018,450.703,40.05479,-122.032104,MillCk_RST_Rel
MillCk_Wild_CHK_2014,MC2014-110,BlwOrd,2014-05-13T07:10:26Z,361.728,Upper Sac R,39.56548,-122.0018,450.703,40.05479,-122.032104,MillCk_RST_Rel
MillCk_Wild_CHK_2014,MC2014-110,BlwOrd,2014-05-13T07:10:30Z,361.728,Upper Sac R,39.56548,-122.0018,450.703,40.05479,-122.032104,MillCk_RST_Rel
MillCk_Wild_CHK_2014,MC2014-110,BlwOrd,2014-05-13T07:10:31Z,361.728,Upper Sac R,39.56548,-122.0018,450.703,40.05479,-122.032104,MillCk_RST_Rel
MillCk_Wild_CHK_2014,MC2014-110,BlwOrd,2014-05-13T07:10:45Z,361.728,Upper Sac R,39.56548,-122.0018,450.703,40.05479,-122.032104,MillCk_RST_Rel
MillCk_Wild_CHK_2014,MC2014-110,BlwOrd,2014-05-13T07:10:46Z,361.728,Upper Sac R,39.56548,-122.0018,450.703,40.05479,-122.032104,MillCk_RST_Rel
MillCk_Wild_CHK_2014,MC2014-110,BlwOrd,2014-05-13T07:11:10Z,361.728,Upper Sac R,39.56548,-122.0018,450.703,40.05479,-122.032104,MillCk_RST_Rel
MillCk_Wild_CHK_2014,MC2014-110,BlwOrd,2014-05-13T07:11:16Z,361.728,Upper Sac R,39.56548,-122.0018,450.703,40.05479,-122.032104,MillCk_RST_Rel
MillCk_Wild_CHK_2014,MC2014-110,BlwOrd,2014-05-13T07:11:20Z,361.728,Upper Sac R,39.56548,-122.0018,450.703,40.05479,-122.032104,MillCk_RST_Rel
MillCk_Wild_CHK_2014,MC2014-110,BlwOrd,2014-05-13T07:11:21Z,361.728,Upper Sac R,39.56548,-122.0018,450.703,40.05479,-122.032104,MillCk_RST_Rel
MillCk_Wild_CHK_2014,MC2014-110,BlwOrd,2014-05-13T07:11:40Z,361.728,Upper Sac R,39.56548,-122.0018,450.703,40.05479,-122.032104,MillCk_RST_Rel
MillCk_Wild_CHK_2014,MC2014-110,BlwOrd,2014-05-13T07:11:48Z,361.728,Upper Sac R,39.56548,-122.0018,450.703,40.05479,-122.032104,MillCk_RST_Rel
MillCk_Wild_CHK_2014,MC2014-110,BlwOrd,2014-05-13T07:11:50Z,361.728,Upper Sac R,39.56548,-122.0018,450.703,40.05479,-122.032104,MillCk_RST_Rel
MillCk_Wild_CHK_2014,MC2014-110,BlwOrd,2014-05-13T07:11:52Z,361.728,Upper Sac R,39.56548,-122.0018,450.703,40.05479,-122.032104,MillCk_RST_Rel
MillCk_Wild_CHK_2014,MC2014-110,BlwOrd,2014-05-13T07:11:55Z,361.728,Upper Sac R,39.56548,-122.0018,450.703,40.05479,-122.032104,MillCk_RST_Rel
MillCk_Wild_CHK_2014,MC2014-110,BlwOrd,2014-05-13T07:11:57Z,361.728,Upper Sac R,39.56548,-122.0018,450.703,40.05479,-122.032104,MillCk_RST_Rel
MillCk_Wild_CHK_2014,MC2014-110,BlwOrd,2014-05-13T07:12:02Z,361.728,Upper Sac R,39.56548,-122.0018,450.703,40.05479,-122.032104,MillCk_RST_Rel
MillCk_Wild_CHK_2014,MC2014-110,BlwOrd,2014-05-13T07:12:07Z,361.728,Upper Sac R,39.56548,-122.0018,450.703,40.05479,-122.032104,MillCk_RST_Rel
MillCk_Wild_CHK_2014,MC2014-110,Mill_Ck_Conf,2014-05-10T19:32:13Z,441.318,Upper Sac R,40.0327,-122.11987,450.703,40.05479,-122.032104,MillCk_RST_Rel
MillCk_Wild_CHK_2014,MC2014-110,Mill_Ck_Conf,2014-05-10T19:40:57Z,441.318,Upper Sac R,40.0327,-122.11987,450.703,40.05479,-122.032104,MillCk_RST_Rel
MillCk_Wild_CHK_2014,MC2014-110,MillCk2,2014-05-10T12:43:00Z,444.478,Mill Ck,40.046066,-122.09443,450.703,40.05479,-122.032104,MillCk_RST_Rel
MillCk_Wild_CHK_2014,MC2014-110,MillCk_RST_Rel,2014-05-08T17:30:00Z,450.703,Mill Ck,40.05479,-122.032104,450.703,40.05479,-122.032104,MillCk_RST_Rel
MillCk_Wild_CHK_2014,MC2014-111,Mill_Ck_Conf,2014-05-11T21:24:22Z,441.318,Upper Sac R,40.0327,-122.11987,450.703,40.05479,-122.032104,MillCk_RST_Rel
MillCk_Wild_CHK_2014,MC2014-111,MillCk2,2014-05-11T07:43:42Z,444.478,Mill Ck,40.046066,-122.09443,450.703,40.05479,-122.032104,MillCk_RST_Rel
MillCk_Wild_CHK_2014,MC2014-111,MillCk_RST_Rel,2014-05-08T17:30:00Z,450.703,Mill Ck,40.05479,-122.032104,450.703,40.05479,-122.032104,MillCk_RST_Rel
MillCk_Wild_CHK_2014,MC2014-114,MillCk2,2014-05-08T23:05:57Z,444.478,Mill Ck,40.046066,-122.09443,450.703,40.05479,-122.032104,MillCk_RST_Rel
MillCk_Wild_CHK_2014,MC2014-114,MillCk_RST_Rel,2014-05-09T00:30:00Z,450.703,Mill Ck,40.05479,-122.032104,450.703,40.05479,-122.032104,MillCk_RST_Rel
MillCk_Wild_CHK_2014,MC2014-116,Abv_WoodsonBr,2014-05-11T11:43:15Z,425.158,Upper Sac R,39.920094,-122.08446000000001,450.703,40.05479,-122.032104,MillCk_RST_Rel
MillCk_Wild_CHK_2014,MC2014-116,Abv_WoodsonBr,2014-05-11T11:51:42Z,425.158,Upper Sac R,39.920094,-122.08446000000001,450.703,40.05479,-122.032104,MillCk_RST_Rel
MillCk_Wild_CHK_2014,MC2014-116,Abv_WoodsonBr,2014-05-11T11:52:05Z,425.158,Upper Sac R,39.920094,-122.08446000000001,450.703,40.05479,-122.032104,MillCk_RST_Rel
MillCk_Wild_CHK_2014,MC2014-116,Abv_WoodsonBr,2014-05-11T11:52:11Z,425.158,Upper Sac R,39.920094,-122.08446000000001,450.703,40.05479,-122.032104,MillCk_RST_Rel
MillCk_Wild_CHK_2014,MC2014-116,Abv_WoodsonBr,2014-05-11T11:52:15Z,425.158,Upper Sac R,39.920094,-122.08446000000001,450.703,40.05479,-122.032104,MillCk_RST_Rel
MillCk_Wild_CHK_2014,MC2014-116,Abv_WoodsonBr,2014-05-11T11:52:21Z,425.158,Upper Sac R,39.920094,-122.08446000000001,450.703,40.05479,-122.032104,MillCk_RST_Rel
MillCk_Wild_CHK_2014,MC2014-116,Abv_WoodsonBr,2014-05-11T11:52:29Z,425.158,Upper Sac R,39.920094,-122.08446000000001,450.703,40.05479,-122.032104,MillCk_RST_Rel
MillCk_Wild_CHK_2014,MC2014-116,Abv_WoodsonBr,2014-05-11T11:52:36Z,425.158,Upper Sac R,39.920094,-122.08446000000001,450.703,40.05479,-122.032104,MillCk_RST_Rel
MillCk_Wild_CHK_2014,MC2014-116,Abv_WoodsonBr,2014-05-11T11:52:44Z,425.158,Upper Sac R,39.920094,-122.08446000000001,450.703,40.05479,-122.032104,MillCk_RST_Rel
MillCk_Wild_CHK_2014,MC2014-116,Abv_WoodsonBr,2014-05-11T11:53:00Z,425.158,Upper Sac R,39.920094,-122.08446000000001,450.703,40.05479,-122.032104,MillCk_RST_Rel
MillCk_Wild_CHK_2014,MC2014-116,Abv_WoodsonBr,2014-05-11T11:53:47Z,425.158,Upper Sac R,39.920094,-122.08446000000001,450.703,40.05479,-122.032104,MillCk_RST_Rel
MillCk_Wild_CHK_2014,MC2014-116,Abv_WoodsonBr,2014-05-11T11:53:49Z,425.158,Upper Sac R,39.920094,-122.08446000000001,450.703,40.05479,-122.032104,MillCk_RST_Rel
MillCk_Wild_CHK_2014,MC2014-116,Abv_WoodsonBr,2014-05-11T11:53:52Z,425.158,Upper Sac R,39.920094,-122.08446000000001,450.703,40.05479,-122.032104,MillCk_RST_Rel
MillCk_Wild_CHK_2014,MC2014-116,Abv_WoodsonBr,2014-05-11T11:53:53Z,425.158,Upper Sac R,39.920094,-122.08446000000001,450.703,40.05479,-122.032104,MillCk_RST_Rel
MillCk_Wild_CHK_2014,MC2014-116,Abv_WoodsonBr,2014-05-11T11:54:31Z,425.158,Upper Sac R,39.920094,-122.08446000000001,450.703,40.05479,-122.032104,MillCk_RST_Rel
MillCk_Wild_CHK_2014,MC2014-116,Abv_WoodsonBr,2014-05-11T11:54:57Z,425.158,Upper Sac R,39.920094,-122.08446000000001,450.703,40.05479,-122.032104,MillCk_RST_Rel
MillCk_Wild_CHK_2014,MC2014-116,Blw_IrvineFinch,2014-05-12T01:48:46Z,394.668,Upper Sac R,39.73146,-121.97483,450.703,40.05479,-122.032104,MillCk_RST_Rel
MillCk_Wild_CHK_2014,MC2014-116,Blw_IrvineFinch,2014-05-12T01:52:44Z,394.668,Upper Sac R,39.73146,-121.97483,450.703,40.05479,-122.032104,MillCk_RST_Rel
MillCk_Wild_CHK_2014,MC2014-116,Mill_Ck_Conf,2014-05-11T08:12:15Z,441.318,Upper Sac R,40.0327,-122.11987,450.703,40.05479,-122.032104,MillCk_RST_Rel
MillCk_Wild_CHK_2014,MC2014-116,MillCk2,2014-05-11T05:17:57Z,444.478,Mill Ck,40.046066,-122.09443,450.703,40.05479,-122.032104,MillCk_RST_Rel
MillCk_Wild_CHK_2014,MC2014-116,MillCk_RST_Rel,2014-05-09T20:15:00Z,450.703,Mill Ck,40.05479,-122.032104,450.703,40.05479,-122.032104,MillCk_RST_Rel
MillCk_Wild_CHK_2014,MC2014-117,Abv_WoodsonBr,2014-05-12T13:05:37Z,425.158,Upper Sac R,39.920094,-122.08446000000001,450.703,40.05479,-122.032104,MillCk_RST_Rel
MillCk_Wild_CHK_2014,MC2014-117,Abv_WoodsonBr,2014-05-12T21:50:11Z,425.158,Upper Sac R,39.920094,-122.08446000000001,450.703,40.05479,-122.032104,MillCk_RST_Rel
MillCk_Wild_CHK_2014,MC2014-117,Abv_WoodsonBr,2014-05-13T00:46:22Z,425.158,Upper Sac R,39.920094,-122.08446000000001,450.703,40.05479,-122.032104,MillCk_RST_Rel
MillCk_Wild_CHK_2014,MC2014-117,Abv_WoodsonBr,2014-05-13T00:56:14Z,425.158,Upper Sac R,39.920094,-122.08446000000001,450.703,40.05479,-122.032104,MillCk_RST_Rel
MillCk_Wild_CHK_2014,MC2014-117,Abv_WoodsonBr,2014-05-13T01:59:03Z,425.158,Upper Sac R,39.920094,-122.08446000000001,450.703,40.05479,-122.032104,MillCk_RST_Rel
MillCk_Wild_CHK_2014,MC2014-117,Abv_WoodsonBr,2014-05-13T03:04:07Z,425.158,Upper Sac R,39.920094,-122.08446000000001,450.703,40.05479,-122.032104,MillCk_RST_Rel
MillCk_Wild_CHK_2014,MC2014-117,Abv_WoodsonBr,2014-05-13T03:13:18Z,425.158,Upper Sac R,39.920094,-122.08446000000001,450.703,40.05479,-122.032104,MillCk_RST_Rel
MillCk_Wild_CHK_2014,MC2014-117,Blw_IrvineFinch,2014-05-13T13:37:29Z,394.668,Upper Sac R,39.73146,-121.97483,450.703,40.05479,-122.032104,MillCk_RST_Rel
MillCk_Wild_CHK_2014,MC2014-117,BlwOrd,2014-05-14T10:03:40Z,361.728,Upper Sac R,39.56548,-122.0018,450.703,40.05479,-122.032104,MillCk_RST_Rel
MillCk_Wild_CHK_2014,MC2014-117,BlwOrd,2014-05-14T10:05:55Z,361.728,Upper Sac R,39.56548,-122.0018,450.703,40.05479,-122.032104,MillCk_RST_Rel
MillCk_Wild_CHK_2014,MC2014-117,BlwOrd,2014-05-14T10:06:28Z,361.728,Upper Sac R,39.56548,-122.0018,450.703,40.05479,-122.032104,MillCk_RST_Rel
MillCk_Wild_CHK_2014,MC2014-117,BlwOrd,2014-05-14T10:06:33Z,361.728,Upper Sac R,39.56548,-122.0018,450.703,40.05479,-122.032104,MillCk_RST_Rel
MillCk_Wild_CHK_2014,MC2014-117,BlwOrd,2014-05-14T10:06:47Z,361.728,Upper Sac R,39.56548,-122.0018,450.703,40.05479,-122.032104,MillCk_RST_Rel
MillCk_Wild_CHK_2014,MC2014-117,BlwOrd,2014-05-14T10:06:48Z,361.728,Upper Sac R,39.56548,-122.0018,450.703,40.05479,-122.032104,MillCk_RST_Rel
MillCk_Wild_CHK_2014,MC2014-117,Mill_Ck_Conf,2014-05-12T09:26:52Z,441.318,Upper Sac R,40.0327,-122.11987,450.703,40.05479,-122.032104,MillCk_RST_Rel
MillCk_Wild_CHK_2014,MC2014-117,Mill_Ck_Conf,2014-05-12T09:30:21Z,441.318,Upper Sac R,40.0327,-122.11987,450.703,40.05479,-122.032104,MillCk_RST_Rel
MillCk_Wild_CHK_2014,MC2014-117,Mill_Ck_Conf,2014-05-12T09:30:26Z,441.318,Upper Sac R,40.0327,-122.11987,450.703,40.05479,-122.032104,MillCk_RST_Rel
MillCk_Wild_CHK_2014,MC2014-117,Mill_Ck_Conf,2014-05-12T09:30:40Z,441.318,Upper Sac R,40.0327,-122.11987,450.703,40.05479,-122.032104,MillCk_RST_Rel
MillCk_Wild_CHK_2014,MC2014-117,Mill_Ck_Conf,2014-05-12T09:30:55Z,441.318,Upper Sac R,40.0327,-122.11987,450.703,40.05479,-122.032104,MillCk_RST_Rel
MillCk_Wild_CHK_2014,MC2014-117,MillCk2,2014-05-11T09:14:14Z,444.478,Mill Ck,40.046066,-122.09443,450.703,40.05479,-122.032104,MillCk_RST_Rel
MillCk_Wild_CHK_2014,MC2014-117,MillCk2,2014-05-11T10:19:24Z,444.478,Mill Ck,40.046066,-122.09443,450.703,40.05479,-122.032104,MillCk_RST_Rel
MillCk_Wild_CHK_2014,MC2014-117,MillCk_RST_Rel,2014-05-09T20:15:00Z,450.703,Mill Ck,40.05479,-122.032104,450.703,40.05479,-122.032104,MillCk_RST_Rel
MillCk_Wild_CHK_2014,MC2014-118,Abv_WoodsonBr,2014-05-11T23:34:10Z,425.158,Upper Sac R,39.920094,-122.08446000000001,450.703,40.05479,-122.032104,MillCk_RST_Rel
MillCk_Wild_CHK_2014,MC2014-118,Abv_WoodsonBr,2014-05-11T23:38:53Z,425.158,Upper Sac R,39.920094,-122.08446000000001,450.703,40.05479,-122.032104,MillCk_RST_Rel
MillCk_Wild_CHK_2014,MC2014-118,Blw_IrvineFinch,2014-05-12T13:34:05Z,394.668,Upper Sac R,39.73146,-121.97483,450.703,40.05479,-122.032104,MillCk_RST_Rel
MillCk_Wild_CHK_2014,MC2014-118,Blw_IrvineFinch,2014-05-12T13:48:16Z,394.668,Upper Sac R,39.73146,-121.97483,450.703,40.05479,-122.032104,MillCk_RST_Rel
MillCk_Wild_CHK_2014,MC2014-118,BlwButteBr,2014-05-14T06:12:57Z,338.288,Lower Sac R,39.41913,-122.00943,450.703,40.05479,-122.032104,MillCk_RST_Rel
MillCk_Wild_CHK_2014,MC2014-118,BlwOrd,2014-05-13T13:46:08Z,361.728,Upper Sac R,39.56548,-122.0018,450.703,40.05479,-122.032104,MillCk_RST_Rel
MillCk_Wild_CHK_2014,MC2014-118,BlwOrd,2014-05-13T13:47:59Z,361.728,Upper Sac R,39.56548,-122.0018,450.703,40.05479,-122.032104,MillCk_RST_Rel
MillCk_Wild_CHK_2014,MC2014-118,BlwOrd,2014-05-13T13:48:10Z,361.728,Upper Sac R,39.56548,-122.0018,450.703,40.05479,-122.032104,MillCk_RST_Rel
MillCk_Wild_CHK_2014,MC2014-118,BlwOrd,2014-05-13T13:48:19Z,361.728,Upper Sac R,39.56548,-122.0018,450.703,40.05479,-122.032104,MillCk_RST_Rel
MillCk_Wild_CHK_2014,MC2014-118,BlwOrd,2014-05-13T13:48:41Z,361.728,Upper Sac R,39.56548,-122.0018,450.703,40.05479,-122.032104,MillCk_RST_Rel
MillCk_Wild_CHK_2014,MC2014-118,BlwOrd,2014-05-13T13:48:55Z,361.728,Upper Sac R,39.56548,-122.0018,450.703,40.05479,-122.032104,MillCk_RST_Rel
MillCk_Wild_CHK_2014,MC2014-118,BlwOrd,2014-05-13T13:49:12Z,361.728,Upper Sac R,39.56548,-122.0018,450.703,40.05479,-122.032104,MillCk_RST_Rel
MillCk_Wild_CHK_2014,MC2014-118,BlwOrd,2014-05-13T13:49:36Z,361.728,Upper Sac R,39.56548,-122.0018,450.703,40.05479,-122.032104,MillCk_RST_Rel
MillCk_Wild_CHK_2014,MC2014-118,BlwOrd,2014-05-13T13:49:37Z,361.728,Upper Sac R,39.56548,-122.0018,450.703,40.05479,-122.032104,MillCk_RST_Rel
MillCk_Wild_CHK_2014,MC2014-118,BlwOrd,2014-05-13T13:49:41Z,361.728,Upper Sac R,39.56548,-122.0018,450.703,40.05479,-122.032104,MillCk_RST_Rel
MillCk_Wild_CHK_2014,MC2014-118,Mill_Ck_Conf,2014-05-11T13:24:27Z,441.318,Upper Sac R,40.0327,-122.11987,450.703,40.05479,-122.032104,MillCk_RST_Rel
MillCk_Wild_CHK_2014,MC2014-118,MillCk2,2014-05-10T19:11:05Z,444.478,Mill Ck,40.046066,-122.09443,450.703,40.05479,-122.032104,MillCk_RST_Rel
MillCk_Wild_CHK_2014,MC2014-118,MillCk_RST_Rel,2014-05-09T20:15:00Z,450.703,Mill Ck,40.05479,-122.032104,450.703,40.05479,-122.032104,MillCk_RST_Rel
MillCk_Wild_CHK_2014,MC2014-119,Abv_WoodsonBr,2014-05-17T20:13:52Z,425.158,Upper Sac R,39.920094,-122.08446000000001,450.703,40.05479,-122.032104,MillCk_RST_Rel
MillCk_Wild_CHK_2014,MC2014-119,Abv_WoodsonBr,2014-05-17T20:22:39Z,425.158,Upper Sac R,39.920094,-122.08446000000001,450.703,40.05479,-122.032104,MillCk_RST_Rel
MillCk_Wild_CHK_2014,MC2014-119,Abv_WoodsonBr,2014-05-17T20:22:42Z,425.158,Upper Sac R,39.920094,-122.08446000000001,450.703,40.05479,-122.032104,MillCk_RST_Rel
MillCk_Wild_CHK_2014,MC2014-119,Abv_WoodsonBr,2014-05-17T20:22:58Z,425.158,Upper Sac R,39.920094,-122.08446000000001,450.703,40.05479,-122.032104,MillCk_RST_Rel
MillCk_Wild_CHK_2014,MC2014-119,Blw_IrvineFinch,2014-05-19T06:47:34Z,394.668,Upper Sac R,39.73146,-121.97483,450.703,40.05479,-122.032104,MillCk_RST_Rel
MillCk_Wild_CHK_2014,MC2014-119,Blw_IrvineFinch,2014-05-19T07:00:58Z,394.668,Upper Sac R,39.73146,-121.97483,450.703,40.05479,-122.032104,MillCk_RST_Rel
MillCk_Wild_CHK_2014,MC2014-119,BlwOrd,2014-05-20T05:19:19Z,361.728,Upper Sac R,39.56548,-122.0018,450.703,40.05479,-122.032104,MillCk_RST_Rel
MillCk_Wild_CHK_2014,MC2014-119,BlwOrd,2014-05-20T05:20:53Z,361.728,Upper Sac R,39.56548,-122.0018,450.703,40.05479,-122.032104,MillCk_RST_Rel
MillCk_Wild_CHK_2014,MC2014-119,BlwOrd,2014-05-20T05:21:03Z,361.728,Upper Sac R,39.56548,-122.0018,450.703,40.05479,-122.032104,MillCk_RST_Rel
MillCk_Wild_CHK_2014,MC2014-119,BlwOrd,2014-05-20T05:21:08Z,361.728,Upper Sac R,39.56548,-122.0018,450.703,40.05479,-122.032104,MillCk_RST_Rel
MillCk_Wild_CHK_2014,MC2014-119,BlwOrd,2014-05-20T05:21:27Z,361.728,Upper Sac R,39.56548,-122.0018,450.703,40.05479,-122.032104,MillCk_RST_Rel
MillCk_Wild_CHK_2014,MC2014-119,BlwOrd,2014-05-20T05:21:52Z,361.728,Upper Sac R,39.56548,-122.0018,450.703,40.05479,-122.032104,MillCk_RST_Rel
MillCk_Wild_CHK_2014,MC2014-119,BlwOrd,2014-05-20T05:22:27Z,361.728,Upper Sac R,39.56548,-122.0018,450.703,40.05479,-122.032104,MillCk_RST_Rel
MillCk_Wild_CHK_2014,MC2014-119,Mill_Ck_Conf,2014-05-17T15:33:54Z,441.318,Upper Sac R,40.0327,-122.11987,450.703,40.05479,-122.032104,MillCk_RST_Rel
MillCk_Wild_CHK_2014,MC2014-119,Mill_Ck_Conf,2014-05-17T15:39:37Z,441.318,Upper Sac R,40.0327,-122.11987,450.703,40.05479,-122.032104,MillCk_RST_Rel
MillCk_Wild_CHK_2014,MC2014-119,Mill_Ck_Conf,2014-05-17T15:40:42Z,441.318,Upper Sac R,40.0327,-122.11987,450.703,40.05479,-122.032104,MillCk_RST_Rel
MillCk_Wild_CHK_2014,MC2014-119,Mill_Ck_Conf,2014-05-17T15:41:12Z,441.318,Upper Sac R,40.0327,-122.11987,450.703,40.05479,-122.032104,MillCk_RST_Rel
MillCk_Wild_CHK_2014,MC2014-119,MillCk2,2014-05-17T02:00:42Z,444.478,Mill Ck,40.046066,-122.09443,450.703,40.05479,-122.032104,MillCk_RST_Rel
MillCk_Wild_CHK_2014,MC2014-119,MillCk_RST_Rel,2014-05-16T15:30:00Z,450.703,Mill Ck,40.05479,-122.032104,450.703,40.05479,-122.032104,MillCk_RST_Rel
